date,Cell Voltage|0,Cell Voltage|15,Cell Voltage|5,Cell Voltage|6,Cell Voltage|7,Temperatures|0,Temperatures|4,Temperatures|5,Cell Voltage|14,Temperatures|1,Temperatures|2,Cell Voltage|1,Cell Voltage|10,Cell Voltage|11,Cell Voltage|12,Cell Voltage|13,Cell Voltage|2,Cell Voltage|3,Cell Voltage|4,Cell Voltage|8,Cell Voltage|9,Temperatures|3,Current,SOC,Eq. Cycle
2025-04-24 03:27:26,3.328,3.326,3.325,3.327,3.329,21.1,21.5,21.3,3.332,21.0,21.1,3.331,3.333,3.333,3.328,3.33,3.328,3.329,3.33,3.328,3.329,27.0,0.0,95.69,0.7813060283660889
2025-04-24 05:27:30,3.328,3.326,3.325,3.326,3.328,21.1,21.5,21.3,3.331,21.0,21.1,3.331,3.333,3.333,3.328,3.33,3.328,3.33,3.33,3.328,3.329,27.0,0.0,95.69,0.7813060283660889
2025-04-24 06:52:31,3.328,3.326,3.324,3.326,3.329,21.2,21.6,21.5,3.332,21.1,21.2,3.331,3.333,3.333,3.328,3.33,3.328,3.328,3.33,3.328,3.329,27.0,0.0,95.69,0.7813060283660889
2025-04-24 06:52:41,3.328,3.326,3.324,3.326,3.329,21.2,21.6,21.5,3.332,21.1,21.2,3.331,3.333,3.333,3.328,3.33,3.328,3.328,3.33,3.328,3.329,20.9,0.0,95.69,0.7813060283660889
2025-04-24 06:53:37,3.328,3.326,3.324,3.326,3.329,21.2,21.6,21.5,3.332,21.1,21.2,3.331,3.333,3.333,3.328,3.33,3.328,3.328,3.33,3.328,3.329,21.9,0.0,95.69,0.7813060283660889
2025-04-24 06:55:23,3.328,3.326,3.324,3.326,3.328,21.0,21.5,21.4,3.33,21.1,21.2,3.33,3.332,3.331,3.327,3.329,3.327,3.328,3.329,3.327,3.327,23.0,0.0,94.79,0.7799999713897705
2025-04-24 06:59:53,3.327,3.325,3.323,3.326,3.327,21.0,21.6,21.4,3.33,21.1,21.1,3.33,3.331,3.33,3.327,3.329,3.327,3.327,3.328,3.327,3.327,25.5,0.0,93.75,0.7799999713897705
2025-04-24 07:00:03,3.327,3.325,3.323,3.326,3.327,21.0,21.6,21.4,3.33,21.1,21.1,3.33,3.331,3.33,3.327,3.329,3.327,3.327,3.328,3.327,3.327,25.5,1.0162748098373413,93.75,0.7799999713897705
2025-04-24 07:00:04,3.327,3.325,3.323,3.326,3.327,21.0,21.6,21.4,3.33,21.1,21.1,3.33,3.331,3.33,3.327,3.329,3.327,3.327,3.328,3.327,3.327,25.5,6.8158063888549805,93.75,0.7799999713897705
2025-04-24 07:00:05,3.327,3.325,3.323,3.326,3.327,21.0,21.6,21.4,3.33,21.1,21.1,3.33,3.331,3.33,3.327,3.329,3.327,3.327,3.328,3.327,3.327,25.5,8.92769718170166,93.75,0.7799999713897705
2025-04-24 07:00:06,3.327,3.325,3.323,3.326,3.327,21.0,21.6,21.4,3.33,21.1,21.1,3.33,3.331,3.33,3.327,3.329,3.327,3.327,3.328,3.327,3.327,25.5,13.488900184631348,93.75,0.7799999713897705
2025-04-24 07:00:08,3.327,3.325,3.323,3.326,3.327,21.0,21.6,21.4,3.33,21.1,21.1,3.33,3.331,3.33,3.327,3.329,3.327,3.327,3.328,3.327,3.327,25.5,15.860815048217772,93.75,0.7799999713897705
2025-04-24 07:00:09,3.327,3.325,3.323,3.326,3.327,21.0,21.6,21.4,3.33,21.1,21.1,3.33,3.331,3.33,3.327,3.329,3.327,3.327,3.328,3.327,3.327,25.5,17.403701782226562,93.75,0.7799999713897705
2025-04-24 07:00:12,3.327,3.325,3.323,3.326,3.327,21.0,21.6,21.4,3.33,21.1,21.1,3.33,3.331,3.33,3.327,3.329,3.327,3.327,3.328,3.327,3.327,25.5,19.295398712158203,93.75,0.7799999713897705
2025-04-24 07:00:13,3.327,3.325,3.323,3.376,3.377,21.0,21.6,21.4,3.33,21.1,21.1,3.33,3.331,3.33,3.327,3.379,3.327,3.327,3.328,3.377,3.327,25.5,19.295398712158203,93.75,0.7799999713897705
2025-04-24 07:00:14,3.378,3.375,3.374,3.376,3.377,21.0,21.6,21.4,3.33,21.1,21.1,3.381,3.331,3.38,3.327,3.379,3.327,3.327,3.378,3.377,3.378,25.5,19.295398712158203,93.75,0.7799999713897705
2025-04-24 07:00:15,3.378,3.375,3.374,3.376,3.377,21.0,21.6,21.4,3.38,21.1,21.1,3.381,3.382,3.38,3.378,3.379,3.379,3.378,3.378,3.377,3.378,25.5,20.410579681396484,93.75,0.7799999713897705
2025-04-24 07:00:31,3.378,3.375,3.374,3.376,3.377,21.0,21.6,21.4,3.38,21.1,21.1,3.381,3.382,3.38,3.378,3.43,3.379,3.378,3.378,3.377,3.378,25.5,20.410579681396484,93.75,0.7799999713897705
2025-04-24 07:00:32,3.428,3.375,3.374,3.427,3.377,21.0,21.6,21.4,3.38,21.1,21.1,3.381,3.382,3.38,3.378,3.43,3.379,3.378,3.429,3.428,3.428,25.5,20.410579681396484,93.75,0.7799999713897705
2025-04-24 07:00:33,3.428,3.425,3.425,3.427,3.428,21.0,21.6,21.4,3.431,21.1,21.1,3.432,3.382,3.431,3.428,3.43,3.379,3.378,3.429,3.428,3.428,25.5,20.410579681396484,93.75,0.7799999713897705
2025-04-24 07:00:34,3.428,3.425,3.425,3.427,3.428,21.0,21.6,21.4,3.431,21.1,21.1,3.432,3.434,3.431,3.428,3.43,3.431,3.431,3.429,3.428,3.428,25.5,20.410579681396484,93.75,0.7799999713897705
2025-04-24 07:01:00,3.428,3.425,3.425,3.427,3.428,21.0,21.6,21.4,3.431,21.1,21.1,3.432,3.434,3.431,3.428,3.43,3.431,3.431,3.429,3.478,3.428,25.5,20.410579681396484,93.75,0.7799999713897705
2025-04-24 07:01:01,3.428,3.425,3.425,3.477,3.479,21.0,21.6,21.4,3.431,21.1,21.1,3.432,3.434,3.431,3.428,3.481,3.431,3.431,3.429,3.478,3.428,25.5,20.410579681396484,93.75,0.7799999713897705
2025-04-24 07:01:02,3.428,3.425,3.425,3.477,3.479,21.0,21.6,21.4,3.431,21.1,21.1,3.432,3.434,3.431,3.428,3.481,3.431,3.431,3.479,3.478,3.428,25.5,20.410579681396484,93.75,0.7799999713897705
2025-04-24 07:01:03,3.478,3.425,3.425,3.477,3.479,21.0,21.6,21.4,3.431,21.1,21.1,3.432,3.434,3.431,3.428,3.481,3.431,3.431,3.479,3.478,3.428,25.5,20.410579681396484,93.75,0.7799999713897705
2025-04-24 07:01:04,3.478,3.425,3.425,3.477,3.479,21.0,21.6,21.4,3.431,21.1,21.1,3.483,3.434,3.431,3.428,3.481,3.431,3.431,3.479,3.478,3.428,25.5,20.410579681396484,93.75,0.7799999713897705
2025-04-24 07:01:05,3.478,3.425,3.425,3.477,3.479,21.0,21.6,21.4,3.431,21.1,21.1,3.483,3.434,3.481,3.428,3.481,3.431,3.431,3.479,3.478,3.479,25.5,20.410579681396484,93.75,0.7799999713897705
2025-04-24 07:01:06,3.478,3.425,3.425,3.477,3.479,21.0,21.6,21.4,3.431,21.1,21.1,3.483,3.434,3.481,3.478,3.481,3.431,3.431,3.479,3.478,3.479,25.5,20.410579681396484,93.75,0.7799999713897705
2025-04-24 07:01:07,3.478,3.476,3.475,3.477,3.479,21.0,21.6,21.4,3.481,21.1,21.1,3.483,3.434,3.481,3.478,3.481,3.431,3.431,3.479,3.478,3.479,25.5,20.410579681396484,93.75,0.7799999713897705
2025-04-24 07:01:08,3.478,3.476,3.475,3.477,3.479,21.0,21.6,21.4,3.481,21.1,21.1,3.483,3.484,3.481,3.478,3.481,3.481,3.481,3.479,3.478,3.479,25.5,20.410579681396484,93.75,0.7799999713897705
2025-04-24 07:01:40,3.478,3.476,3.475,3.477,3.479,21.0,21.6,21.4,3.481,21.1,21.1,3.483,3.484,3.481,3.478,3.481,3.481,3.481,3.479,3.528,3.479,25.5,20.410579681396484,93.75,0.7799999713897705
2025-04-24 07:01:42,3.478,3.476,3.475,3.477,3.479,21.0,21.6,21.4,3.481,21.1,21.1,3.483,3.484,3.481,3.478,3.481,3.481,3.481,3.529,3.528,3.479,25.5,20.410579681396484,93.75,0.7799999713897705
2025-04-24 07:01:43,3.478,3.476,3.475,3.527,3.529,21.0,21.6,21.4,3.481,21.1,21.1,3.483,3.484,3.481,3.478,3.481,3.481,3.481,3.529,3.528,3.479,25.5,20.410579681396484,93.75,0.7799999713897705
2025-04-24 07:01:44,3.529,3.476,3.475,3.527,3.529,21.0,21.6,21.4,3.481,21.1,21.1,3.483,3.484,3.481,3.478,3.532,3.481,3.481,3.529,3.528,3.53,25.5,20.410579681396484,93.75,0.7799999713897705
2025-04-24 07:01:45,3.529,3.476,3.475,3.527,3.529,21.0,21.6,21.4,3.481,21.1,21.1,3.534,3.484,3.481,3.478,3.532,3.481,3.481,3.529,3.528,3.53,25.5,20.410579681396484,93.75,0.7799999713897705
2025-04-24 07:01:46,3.529,3.476,3.527,3.527,3.529,21.0,21.6,21.4,3.481,21.1,21.1,3.534,3.484,3.481,3.478,3.532,3.481,3.481,3.529,3.528,3.53,26.5,20.410579681396484,93.75,0.7799999713897705
2025-04-24 07:01:47,3.529,3.526,3.527,3.527,3.529,21.0,21.6,21.4,3.531,21.1,21.1,3.534,3.484,3.481,3.529,3.532,3.531,3.481,3.529,3.528,3.53,26.5,20.410579681396484,93.75,0.7799999713897705
2025-04-24 07:01:48,3.529,3.526,3.527,3.527,3.529,21.0,21.6,21.4,3.531,21.1,21.1,3.534,3.535,3.532,3.529,3.532,3.531,3.531,3.529,3.528,3.53,26.5,20.410579681396484,93.75,0.7799999713897705
2025-04-24 07:02:02,3.529,3.526,3.527,3.527,3.529,21.0,21.6,21.4,3.531,21.1,21.1,3.534,3.535,3.532,3.529,3.532,3.531,3.531,3.529,3.58,3.53,26.5,20.410579681396484,93.75,0.7799999713897705
2025-04-24 07:02:04,3.529,3.526,3.527,3.577,3.529,21.0,21.6,21.4,3.531,21.1,21.1,3.534,3.535,3.532,3.529,3.532,3.531,3.531,3.579,3.58,3.53,26.5,20.410579681396484,93.75,0.7799999713897705
2025-04-24 07:02:05,3.529,3.526,3.527,3.577,3.579,21.0,21.6,21.4,3.531,21.1,21.1,3.534,3.535,3.532,3.529,3.532,3.531,3.531,3.579,3.58,3.53,26.5,20.410579681396484,93.75,0.7799999713897705
2025-04-24 07:02:06,3.582,3.526,3.527,3.577,3.579,21.0,21.6,21.4,3.531,21.1,21.1,3.584,3.535,3.532,3.529,3.583,3.531,3.531,3.579,3.58,3.583,26.5,20.410579681396484,93.75,0.7799999713897705
2025-04-24 07:02:07,3.582,3.526,3.578,3.577,3.579,21.0,21.6,21.4,3.531,21.1,21.1,3.584,3.535,3.532,3.529,3.583,3.582,3.531,3.579,3.58,3.583,26.5,20.410579681396484,93.75,0.7799999713897705
2025-04-24 07:02:08,3.582,3.526,3.578,3.577,3.579,21.0,21.6,21.4,3.531,21.1,21.1,3.584,3.535,3.532,3.579,3.583,3.582,3.581,3.579,3.58,3.583,26.5,20.410579681396484,93.75,0.7799999713897705
2025-04-24 07:02:09,3.582,3.576,3.578,3.577,3.579,21.0,21.6,21.4,3.583,21.1,21.1,3.584,3.586,3.532,3.579,3.583,3.582,3.581,3.579,3.58,3.583,26.5,20.410579681396484,93.75,0.7799999713897705
2025-04-24 07:02:10,3.582,3.576,3.578,3.577,3.579,21.0,21.6,21.4,3.583,21.1,21.1,3.584,3.586,3.584,3.579,3.583,3.582,3.581,3.579,3.58,3.583,26.5,20.410579681396484,93.75,0.7799999713897705
2025-04-24 07:02:11,3.582,3.576,3.578,3.577,3.579,21.0,21.6,21.4,3.583,21.1,21.1,3.584,3.586,3.584,3.579,3.583,3.582,3.581,3.579,3.58,3.583,26.5,17.222576141357422,93.75,0.7799999713897705
2025-04-24 07:02:14,3.582,3.576,3.578,3.577,3.579,21.0,21.6,21.4,3.583,21.1,21.1,3.584,3.586,3.584,3.579,3.583,3.582,3.581,3.579,3.58,3.583,26.5,17.222576141357422,94.75,0.7799999713897705
2025-04-24 07:02:16,3.582,3.576,3.578,3.577,3.579,21.0,21.6,21.4,3.583,21.1,21.1,3.584,3.586,3.584,3.579,3.583,3.582,3.581,3.579,3.58,3.583,26.5,15.954893112182615,94.75,0.7799999713897705
2025-04-24 07:02:21,3.582,3.576,3.578,3.577,3.579,21.0,21.6,21.4,3.583,21.1,21.1,3.584,3.586,3.584,3.579,3.583,3.582,3.581,3.579,3.58,3.583,26.5,14.703415870666504,94.75,0.7799999713897705
2025-04-24 07:02:26,3.582,3.576,3.578,3.577,3.579,21.0,21.6,21.4,3.583,21.1,21.1,3.584,3.586,3.584,3.579,3.583,3.582,3.581,3.579,3.58,3.583,26.5,13.456138610839844,94.75,0.7799999713897705
2025-04-24 07:02:32,3.582,3.576,3.578,3.577,3.579,21.0,21.6,21.4,3.583,21.1,21.1,3.584,3.586,3.584,3.579,3.583,3.582,3.581,3.579,3.58,3.583,26.5,12.305098533630373,94.75,0.7799999713897705
2025-04-24 07:02:39,3.582,3.576,3.578,3.577,3.579,21.0,21.6,21.4,3.583,21.1,21.1,3.584,3.586,3.584,3.579,3.583,3.582,3.581,3.579,3.58,3.583,26.5,11.148768424987791,94.75,0.7799999713897705
2025-04-24 07:02:47,3.582,3.576,3.578,3.577,3.579,21.0,21.6,21.4,3.583,21.1,21.1,3.584,3.586,3.584,3.579,3.583,3.582,3.581,3.579,3.58,3.583,26.5,10.008880615234377,94.75,0.7799999713897705
2025-04-24 07:02:56,3.582,3.576,3.578,3.577,3.579,21.0,21.6,21.4,3.583,21.1,21.1,3.584,3.586,3.584,3.579,3.583,3.582,3.581,3.579,3.58,3.583,26.5,8.75224781036377,94.75,0.7799999713897705
2025-04-24 07:03:08,3.582,3.576,3.578,3.577,3.579,21.0,21.6,21.4,3.583,21.1,21.1,3.584,3.586,3.584,3.579,3.583,3.582,3.581,3.579,3.58,3.583,26.5,0.0,94.75,0.7799999713897705
2025-04-24 07:03:16,3.582,3.576,3.578,3.577,3.579,21.0,21.6,21.4,3.583,21.1,21.1,3.584,3.586,3.534,3.579,3.583,3.582,3.581,3.579,3.58,3.583,26.5,0.0,94.75,0.7799999713897705
2025-04-24 07:03:17,3.582,3.576,3.578,3.577,3.579,21.0,21.6,21.4,3.533,21.1,21.1,3.584,3.586,3.534,3.579,3.583,3.582,3.581,3.579,3.58,3.583,26.5,0.0,94.75,0.7799999713897705
2025-04-24 07:03:18,3.582,3.524,3.578,3.577,3.579,21.0,21.6,21.4,3.533,21.1,21.1,3.584,3.533,3.534,3.526,3.532,3.582,3.581,3.579,3.58,3.583,26.5,0.0,94.75,0.7799999713897705
2025-04-24 07:03:19,3.532,3.524,3.578,3.577,3.579,21.0,21.6,21.4,3.533,21.1,21.1,3.584,3.533,3.534,3.526,3.532,3.582,3.581,3.579,3.58,3.529,26.5,0.0,94.75,0.7799999713897705
2025-04-24 07:03:20,3.532,3.524,3.527,3.577,3.579,21.0,21.6,21.4,3.533,21.1,21.1,3.532,3.533,3.534,3.526,3.532,3.531,3.53,3.579,3.58,3.529,26.5,0.0,94.75,0.7799999713897705
2025-04-24 07:03:21,3.532,3.524,3.527,3.526,3.526,21.0,21.6,21.4,3.533,21.1,21.1,3.532,3.533,3.534,3.526,3.532,3.531,3.53,3.529,3.58,3.529,26.5,0.0,94.75,0.7799999713897705
2025-04-24 07:03:23,3.532,3.524,3.527,3.526,3.526,21.0,21.6,21.4,3.533,21.1,21.1,3.532,3.533,3.534,3.526,3.532,3.531,3.53,3.529,3.529,3.529,26.5,0.0,94.75,0.7799999713897705
2025-04-24 07:03:24,3.532,3.524,3.527,3.526,3.526,21.0,21.6,21.4,3.533,21.1,21.1,3.532,3.533,3.534,3.526,3.532,3.531,3.53,3.529,3.529,3.529,26.5,1.747057557106018,94.75,0.7799999713897705
2025-04-24 07:03:25,3.532,3.524,3.527,3.526,3.526,21.0,21.6,21.4,3.533,21.1,21.1,3.532,3.533,3.534,3.526,3.532,3.531,3.53,3.529,3.529,3.529,26.5,4.267799377441406,94.75,0.7799999713897705
2025-04-24 07:03:26,3.532,3.524,3.527,3.526,3.526,21.0,21.6,21.4,3.533,21.1,21.1,3.532,3.533,3.534,3.526,3.532,3.531,3.53,3.529,3.529,3.529,26.5,6.9468302726745605,94.75,0.7799999713897705
2025-04-24 07:03:27,3.532,3.524,3.527,3.526,3.526,21.0,21.6,21.4,3.533,21.1,21.1,3.532,3.533,3.534,3.526,3.532,3.531,3.53,3.529,3.529,3.529,26.5,9.393375396728516,94.75,0.7799999713897705
2025-04-24 07:03:28,3.532,3.524,3.527,3.526,3.526,21.0,21.6,21.4,3.533,21.1,21.1,3.532,3.533,3.534,3.526,3.532,3.531,3.53,3.529,3.529,3.529,26.5,12.508593559265137,94.75,0.7799999713897705
2025-04-24 07:03:29,3.532,3.524,3.527,3.526,3.526,21.0,21.6,21.4,3.533,21.1,21.1,3.532,3.533,3.534,3.526,3.532,3.531,3.53,3.529,3.529,3.529,26.5,15.656359672546388,94.75,0.7799999713897705
2025-04-24 07:03:30,3.532,3.524,3.527,3.526,3.526,21.0,21.6,21.4,3.533,21.1,21.1,3.583,3.533,3.534,3.526,3.532,3.531,3.53,3.529,3.584,3.529,26.5,19.507156372070312,94.75,0.7799999713897705
2025-04-24 07:03:31,3.597,3.579,3.592,3.595,3.593,21.0,21.6,21.4,3.583,21.1,21.1,3.583,3.591,3.534,3.584,3.587,3.596,3.596,3.602,3.584,3.593,26.5,21.01980781555176,94.75,0.7799999713897705
2025-04-24 07:03:32,3.597,3.579,3.592,3.595,3.593,21.0,21.6,21.4,3.583,21.1,21.1,3.583,3.591,3.589,3.584,3.587,3.596,3.596,3.602,3.584,3.593,26.5,12.381428718566896,94.75,0.7799999713897705
2025-04-24 07:03:33,3.597,3.579,3.592,3.595,3.593,21.0,21.6,21.4,3.583,21.1,21.1,3.583,3.591,3.589,3.584,3.587,3.596,3.596,3.602,3.584,3.593,26.5,10.985514640808104,95.75,0.7799999713897705
2025-04-24 07:03:34,3.597,3.579,3.592,3.595,3.593,21.0,21.6,21.4,3.583,21.1,21.1,3.583,3.591,3.589,3.584,3.587,3.596,3.596,3.602,3.584,3.593,26.5,9.665419578552246,95.75,0.7799999713897705
2025-04-24 07:03:36,3.597,3.579,3.592,3.595,3.593,21.0,21.6,21.4,3.583,21.1,21.1,3.583,3.591,3.589,3.584,3.587,3.596,3.596,3.602,3.584,3.593,26.5,0.0,95.75,0.7799999713897705
2025-04-24 07:03:43,3.597,3.579,3.592,3.595,3.593,21.0,21.6,21.4,3.583,21.1,21.1,3.583,3.591,3.538,3.584,3.587,3.596,3.596,3.602,3.584,3.593,26.5,0.0,95.75,0.7799999713897705
2025-04-24 07:03:44,3.597,3.579,3.592,3.595,3.593,21.0,21.6,21.4,3.583,21.1,21.1,3.583,3.591,3.538,3.584,3.587,3.596,3.596,3.552,3.584,3.542,26.5,0.0,95.75,0.7799999713897705
2025-04-24 07:03:45,3.543,3.527,3.592,3.595,3.543,21.0,21.6,21.4,3.583,21.1,21.1,3.583,3.537,3.538,3.531,3.535,3.546,3.545,3.552,3.584,3.542,26.5,0.0,95.75,0.7799999713897705
2025-04-24 07:03:46,3.543,3.527,3.539,3.541,3.543,21.0,21.6,21.4,3.53,21.1,21.1,3.583,3.537,3.538,3.531,3.535,3.546,3.545,3.552,3.584,3.542,26.5,0.0,95.75,0.7799999713897705
2025-04-24 07:03:49,3.543,3.527,3.539,3.541,3.543,21.0,21.6,21.4,3.53,21.1,21.1,3.533,3.537,3.538,3.531,3.535,3.546,3.545,3.552,3.584,3.542,26.5,0.0,95.75,0.7799999713897705
2025-04-24 07:03:51,3.543,3.527,3.539,3.541,3.543,21.0,21.6,21.4,3.53,21.1,21.1,3.533,3.537,3.538,3.531,3.535,3.546,3.545,3.552,3.534,3.542,26.5,0.0,95.75,0.7799999713897705
2025-04-24 07:03:57,3.543,3.527,3.539,3.541,3.543,21.0,21.6,21.4,3.53,21.1,21.1,3.533,3.537,3.538,3.531,3.535,3.546,3.545,3.552,3.534,3.542,26.5,1.8547216653823853,95.75,0.7799999713897705
2025-04-24 07:03:58,3.543,3.527,3.539,3.541,3.543,21.0,21.6,21.4,3.53,21.1,21.1,3.533,3.537,3.538,3.531,3.535,3.546,3.545,3.552,3.534,3.542,26.5,4.569751739501953,95.75,0.7799999713897705
2025-04-24 07:03:59,3.543,3.527,3.539,3.541,3.543,21.0,21.6,21.4,3.53,21.1,21.1,3.533,3.537,3.538,3.531,3.535,3.546,3.545,3.552,3.534,3.542,26.5,6.824857234954834,95.75,0.7799999713897705
2025-04-24 07:04:00,3.543,3.527,3.539,3.541,3.543,21.0,21.6,21.4,3.53,21.1,21.1,3.533,3.537,3.538,3.531,3.535,3.546,3.545,3.552,3.534,3.542,26.5,9.068279266357422,95.75,0.7799999713897705
2025-04-24 07:04:01,3.543,3.527,3.539,3.541,3.543,21.0,21.6,21.4,3.53,21.1,21.1,3.533,3.537,3.538,3.531,3.535,3.546,3.545,3.552,3.534,3.542,26.5,11.600096702575684,95.75,0.7799999713897705
2025-04-24 07:04:02,3.543,3.527,3.539,3.541,3.543,21.0,21.6,21.4,3.53,21.1,21.1,3.533,3.537,3.538,3.531,3.535,3.546,3.545,3.552,3.534,3.542,26.5,14.107638359069824,95.75,0.7799999713897705
2025-04-24 07:04:03,3.543,3.527,3.539,3.541,3.543,21.0,21.6,21.4,3.53,21.1,21.1,3.533,3.537,3.538,3.531,3.535,3.546,3.545,3.552,3.534,3.542,26.5,16.013113021850586,95.75,0.7799999713897705
2025-04-24 07:04:04,3.543,3.527,3.539,3.541,3.543,21.0,21.6,21.4,3.53,21.1,21.1,3.586,3.537,3.538,3.531,3.535,3.546,3.545,3.552,3.593,3.542,26.5,18.25865364074707,95.75,0.7799999713897705
2025-04-24 07:04:05,3.608,3.583,3.604,3.606,3.602,21.0,21.6,21.4,3.594,21.1,21.1,3.586,3.595,3.591,3.593,3.597,3.607,3.607,3.609,3.593,3.602,26.5,19.34406852722168,95.75,0.7799999713897705
2025-04-24 07:04:06,3.608,3.583,3.604,3.606,3.602,21.0,21.6,21.4,3.594,21.1,21.1,3.586,3.595,3.591,3.593,3.597,3.607,3.607,3.609,3.593,3.602,26.5,10.884725570678713,95.75,0.7799999713897705
2025-04-24 07:04:07,3.608,3.583,3.604,3.606,3.602,21.0,21.6,21.4,3.594,21.1,21.1,3.586,3.595,3.591,3.593,3.597,3.607,3.607,3.609,3.593,3.602,26.5,9.538246154785156,95.75,0.7799999713897705
2025-04-24 07:04:09,3.608,3.583,3.604,3.606,3.602,21.0,21.6,21.4,3.594,21.1,21.1,3.586,3.595,3.591,3.593,3.597,3.607,3.607,3.609,3.593,3.602,26.5,0.0,95.75,0.7799999713897705
2025-04-24 07:04:16,3.558,3.583,3.604,3.606,3.602,21.0,21.6,21.4,3.594,21.1,21.1,3.586,3.595,3.591,3.593,3.597,3.607,3.607,3.609,3.593,3.552,26.5,0.0,95.75,0.7799999713897705
2025-04-24 07:04:17,3.558,3.583,3.604,3.606,3.602,21.0,21.6,21.4,3.543,21.1,21.1,3.586,3.595,3.591,3.542,3.546,3.607,3.607,3.559,3.593,3.552,26.5,0.0,95.75,0.7799999713897705
2025-04-24 07:04:18,3.558,3.583,3.551,3.555,3.552,21.0,21.6,21.4,3.543,21.1,21.1,3.586,3.545,3.538,3.542,3.546,3.556,3.557,3.559,3.593,3.552,26.5,0.0,95.75,0.7799999713897705
2025-04-24 07:04:19,3.558,3.53,3.551,3.555,3.552,21.0,21.6,21.4,3.543,21.1,21.1,3.586,3.545,3.538,3.542,3.546,3.556,3.557,3.559,3.593,3.552,26.5,0.0,95.75,0.7799999713897705
2025-04-24 07:04:25,3.558,3.53,3.551,3.555,3.552,21.0,21.6,21.4,3.543,21.1,21.1,3.535,3.545,3.538,3.542,3.546,3.556,3.557,3.559,3.541,3.552,26.5,0.0,95.75,0.7799999713897705
2025-04-24 07:04:34,3.558,3.53,3.551,3.555,3.552,21.0,21.6,21.4,3.543,21.1,21.1,3.535,3.545,3.538,3.542,3.546,3.556,3.557,3.559,3.541,3.552,27.5,0.0,95.75,0.7799999713897705
2025-04-24 07:04:36,3.558,3.53,3.551,3.555,3.552,21.0,21.6,21.4,3.543,21.1,21.1,3.535,3.545,3.538,3.542,3.546,3.556,3.557,3.559,3.541,3.502,27.5,0.0,95.75,0.7799999713897705
2025-04-24 07:04:37,3.506,3.53,3.551,3.555,3.552,21.0,21.6,21.4,3.543,21.1,21.1,3.535,3.545,3.538,3.542,3.546,3.556,3.557,3.559,3.541,3.502,27.5,0.0,95.75,0.7799999713897705
2025-04-24 07:04:38,3.506,3.53,3.551,3.555,3.552,21.0,21.6,21.4,3.543,21.1,21.1,3.535,3.545,3.538,3.542,3.546,3.556,3.507,3.509,3.541,3.502,27.5,0.0,95.75,0.7799999713897705
2025-04-24 07:04:39,3.506,3.53,3.551,3.555,3.552,21.0,21.6,21.4,3.543,21.1,21.1,3.535,3.545,3.538,3.492,3.546,3.506,3.507,3.509,3.541,3.502,27.5,0.0,95.75,0.7799999713897705
2025-04-24 07:04:40,3.506,3.53,3.501,3.555,3.502,21.0,21.6,21.4,3.543,21.1,21.1,3.535,3.545,3.538,3.492,3.496,3.506,3.507,3.509,3.541,3.502,27.5,0.0,95.75,0.7799999713897705
2025-04-24 07:04:41,3.506,3.53,3.501,3.505,3.502,21.0,21.6,21.4,3.493,21.1,21.1,3.535,3.545,3.538,3.492,3.496,3.506,3.507,3.509,3.541,3.502,27.5,0.0,95.75,0.7799999713897705
2025-04-24 07:04:42,3.506,3.53,3.501,3.505,3.502,21.0,21.6,21.4,3.493,21.1,21.1,3.535,3.495,3.538,3.492,3.496,3.506,3.507,3.509,3.541,3.502,27.5,0.0,95.75,0.7799999713897705
2025-04-24 07:04:43,3.506,3.53,3.501,3.505,3.502,21.0,21.6,21.4,3.493,21.1,21.1,3.535,3.495,3.488,3.492,3.496,3.506,3.507,3.509,3.541,3.502,27.5,0.0,95.75,0.7799999713897705
2025-04-24 07:04:45,3.506,3.53,3.501,3.505,3.502,21.0,21.6,21.4,3.493,21.1,21.1,3.535,3.495,3.488,3.492,3.496,3.506,3.507,3.509,3.541,3.502,27.5,1.0336148738861084,95.75,0.7799999713897705
2025-04-24 07:04:46,3.506,3.53,3.501,3.505,3.502,21.0,21.6,21.4,3.493,21.1,21.1,3.535,3.495,3.488,3.492,3.496,3.506,3.507,3.509,3.541,3.502,27.5,3.3398983478546143,95.75,0.7799999713897705
2025-04-24 07:04:47,3.506,3.53,3.501,3.505,3.502,21.0,21.6,21.4,3.493,21.1,21.1,3.535,3.495,3.488,3.492,3.496,3.506,3.507,3.509,3.541,3.502,27.5,5.261149883270264,95.75,0.7799999713897705
2025-04-24 07:04:48,3.506,3.53,3.501,3.505,3.502,21.0,21.6,21.4,3.493,21.1,21.1,3.535,3.495,3.488,3.492,3.496,3.506,3.507,3.509,3.541,3.502,27.5,7.062030792236328,95.75,0.7799999713897705
2025-04-24 07:04:49,3.506,3.53,3.501,3.505,3.502,21.0,21.6,21.4,3.493,21.1,21.1,3.535,3.495,3.488,3.492,3.496,3.506,3.507,3.509,3.541,3.502,27.5,10.083001136779783,95.75,0.7799999713897705
2025-04-24 07:04:50,3.506,3.53,3.501,3.505,3.502,21.0,21.6,21.4,3.493,21.1,21.1,3.535,3.495,3.488,3.492,3.496,3.506,3.507,3.509,3.541,3.502,27.5,13.043417930603027,95.75,0.7799999713897705
2025-04-24 07:04:51,3.506,3.53,3.501,3.505,3.502,21.0,21.6,21.4,3.493,21.1,21.1,3.535,3.495,3.488,3.492,3.496,3.506,3.507,3.509,3.541,3.502,27.5,16.331697463989258,95.75,0.7799999713897705
2025-04-24 07:04:52,3.567,3.53,3.563,3.571,3.563,21.0,21.6,21.4,3.557,21.1,21.1,3.535,3.559,3.555,3.55,3.558,3.566,3.565,3.571,3.541,3.559,27.5,19.64134407043457,95.75,0.7799999713897705
2025-04-24 07:04:53,3.567,3.53,3.563,3.571,3.563,21.0,21.6,21.4,3.557,21.1,21.1,3.599,3.559,3.555,3.55,3.558,3.566,3.565,3.571,3.598,3.559,27.5,21.118837356567383,95.75,0.7799999713897705
2025-04-24 07:04:54,3.567,3.587,3.563,3.571,3.563,21.0,21.6,21.4,3.557,21.1,21.1,3.599,3.559,3.555,3.55,3.558,3.566,3.565,3.571,3.598,3.559,27.5,13.668193817138672,96.76,0.7799999713897705
2025-04-24 07:04:55,3.567,3.587,3.563,3.571,3.563,21.0,21.6,21.4,3.557,21.1,21.1,3.599,3.559,3.555,3.55,3.558,3.566,3.565,3.571,3.598,3.559,27.5,10.96478271484375,96.76,0.7799999713897705
2025-04-24 07:04:56,3.567,3.587,3.563,3.571,3.563,21.0,21.6,21.4,3.557,21.1,21.1,3.599,3.559,3.555,3.55,3.558,3.566,3.565,3.571,3.598,3.559,27.5,9.430994033813477,96.76,0.7799999713897705
2025-04-24 07:04:57,3.567,3.587,3.563,3.571,3.563,21.0,21.6,21.4,3.557,21.1,21.1,3.599,3.559,3.555,3.55,3.558,3.613,3.565,3.571,3.598,3.559,27.5,0.0,96.76,0.7799999713897705
2025-04-24 07:05:06,3.567,3.587,3.563,3.571,3.563,21.0,21.6,21.4,3.557,21.1,21.1,3.599,3.559,3.555,3.55,3.558,3.561,3.565,3.571,3.598,3.559,27.5,0.0,96.76,0.7799999713897705
2025-04-24 07:05:07,3.567,3.535,3.563,3.571,3.563,21.0,21.6,21.4,3.557,21.1,21.1,3.599,3.559,3.555,3.55,3.558,3.561,3.565,3.571,3.598,3.559,27.5,0.0,96.76,0.7799999713897705
2025-04-24 07:05:10,3.567,3.535,3.563,3.571,3.563,21.0,21.6,21.4,3.557,21.1,21.1,3.549,3.559,3.555,3.55,3.558,3.561,3.565,3.571,3.598,3.559,27.5,0.0,96.76,0.7799999713897705
2025-04-24 07:05:14,3.567,3.535,3.563,3.571,3.563,21.0,21.6,21.4,3.557,21.1,21.1,3.549,3.559,3.555,3.55,3.558,3.561,3.565,3.571,3.546,3.559,27.5,0.0,96.76,0.7799999713897705
2025-04-24 07:05:24,3.567,3.535,3.563,3.52,3.563,21.0,21.6,21.4,3.557,21.1,21.1,3.549,3.559,3.555,3.55,3.506,3.561,3.565,3.571,3.546,3.559,27.5,0.0,96.76,0.7799999713897705
2025-04-24 07:05:25,3.517,3.535,3.563,3.52,3.563,21.0,21.6,21.4,3.507,21.1,21.1,3.549,3.559,3.505,3.55,3.506,3.561,3.565,3.52,3.546,3.509,27.5,0.0,96.76,0.7799999713897705
2025-04-24 07:05:26,3.517,3.535,3.563,3.52,3.563,21.0,21.6,21.4,3.507,21.1,21.1,3.549,3.509,3.505,3.55,3.506,3.561,3.565,3.52,3.546,3.509,27.5,0.0,96.76,0.7799999713897705
2025-04-24 07:05:27,3.517,3.535,3.513,3.52,3.563,21.0,21.6,21.4,3.507,21.1,21.1,3.549,3.509,3.505,3.55,3.506,3.561,3.565,3.52,3.546,3.509,27.5,0.0,96.76,0.7799999713897705
2025-04-24 07:05:28,3.517,3.535,3.513,3.52,3.513,21.0,21.6,21.4,3.507,21.1,21.1,3.549,3.509,3.505,3.5,3.506,3.561,3.515,3.52,3.546,3.509,27.5,0.0,96.76,0.7799999713897705
2025-04-24 07:05:32,3.517,3.535,3.513,3.52,3.513,21.0,21.6,21.4,3.507,21.1,21.1,3.549,3.509,3.505,3.5,3.506,3.51,3.515,3.52,3.546,3.509,27.5,0.0,96.76,0.7799999713897705
2025-04-24 07:05:38,3.517,3.485,3.513,3.52,3.513,21.0,21.6,21.4,3.507,21.1,21.1,3.549,3.509,3.505,3.5,3.506,3.51,3.515,3.52,3.546,3.509,27.5,0.0,96.76,0.7799999713897705
2025-04-24 07:05:42,3.517,3.485,3.513,3.52,3.513,21.0,21.6,21.4,3.507,21.1,21.1,3.499,3.509,3.505,3.5,3.506,3.51,3.515,3.52,3.546,3.509,27.5,0.0,96.76,0.7799999713897705
2025-04-24 07:05:51,3.517,3.485,3.513,3.52,3.513,21.0,21.6,21.4,3.507,21.1,21.1,3.499,3.509,3.505,3.5,3.506,3.51,3.515,3.52,3.496,3.509,27.5,0.0,96.76,0.7799999713897705
2025-04-24 07:06:03,3.517,3.485,3.513,3.52,3.513,21.0,21.6,21.4,3.507,21.1,21.1,3.499,3.509,3.505,3.5,3.506,3.51,3.515,3.52,3.496,3.509,27.5,2.158439874649048,96.76,0.7799999713897705
2025-04-24 07:06:04,3.517,3.485,3.513,3.52,3.513,21.0,21.6,21.4,3.507,21.1,21.1,3.499,3.509,3.505,3.5,3.506,3.51,3.515,3.52,3.496,3.509,27.5,3.892728805541992,96.76,0.7799999713897705
2025-04-24 07:06:05,3.517,3.485,3.513,3.52,3.513,21.0,21.6,21.4,3.507,21.1,21.1,3.499,3.509,3.505,3.5,3.506,3.51,3.515,3.52,3.496,3.509,27.5,6.518823623657227,96.76,0.7799999713897705
2025-04-24 07:06:06,3.517,3.485,3.513,3.52,3.513,21.0,21.6,21.4,3.507,21.1,21.1,3.499,3.509,3.505,3.5,3.506,3.51,3.515,3.52,3.496,3.509,27.5,9.639862060546877,96.76,0.7799999713897705
2025-04-24 07:06:07,3.517,3.485,3.513,3.52,3.513,21.0,21.6,21.4,3.507,21.1,21.1,3.499,3.509,3.505,3.5,3.506,3.51,3.515,3.52,3.496,3.509,27.5,12.797858238220217,96.76,0.7799999713897705
2025-04-24 07:06:08,3.517,3.485,3.513,3.52,3.513,21.0,21.6,21.4,3.507,21.1,21.1,3.499,3.509,3.505,3.5,3.506,3.51,3.515,3.52,3.496,3.509,27.5,15.536294937133787,96.76,0.7799999713897705
2025-04-24 07:06:09,3.517,3.485,3.513,3.52,3.513,21.0,21.6,21.4,3.507,21.1,21.1,3.549,3.509,3.505,3.5,3.506,3.51,3.515,3.52,3.555,3.509,27.5,18.88160896301269,96.76,0.7799999713897705
2025-04-24 07:06:10,3.569,3.547,3.564,3.52,3.566,21.0,21.6,21.4,3.507,21.1,21.1,3.549,3.509,3.555,3.55,3.559,3.568,3.567,3.573,3.555,3.509,27.5,21.104034423828125,96.76,0.7799999713897705
2025-04-24 07:06:11,3.569,3.547,3.564,3.59,3.566,21.0,21.6,21.4,3.572,21.1,21.1,3.549,3.571,3.555,3.55,3.559,3.568,3.567,3.573,3.555,3.577,27.5,21.104034423828125,96.76,0.7799999713897705
2025-04-24 07:06:12,3.569,3.547,3.564,3.59,3.566,21.0,21.6,21.4,3.572,21.1,21.1,3.612,3.571,3.555,3.55,3.559,3.568,3.567,3.573,3.621,3.577,27.5,15.722915649414062,96.76,0.7799999713897705
2025-04-24 07:06:13,3.569,3.547,3.564,3.59,3.566,21.0,21.6,21.4,3.572,21.1,21.1,3.612,3.571,3.555,3.55,3.559,3.568,3.567,3.573,3.621,3.577,27.5,11.271403312683104,97.79,0.7799999713897705
2025-04-24 07:06:14,3.569,3.547,3.564,3.59,3.566,21.0,21.6,21.4,3.572,21.1,21.1,3.612,3.571,3.555,3.55,3.559,3.568,3.567,3.573,3.621,3.577,27.5,9.707708358764648,97.79,0.7799999713897705
2025-04-24 07:06:15,3.569,3.547,3.564,3.59,3.566,21.0,21.6,21.4,3.572,21.1,21.1,3.612,3.571,3.555,3.55,3.559,3.568,3.567,3.573,3.621,3.577,27.5,0.0,97.79,0.7799999713897705
2025-04-24 07:06:24,3.569,3.547,3.564,3.59,3.566,21.0,21.6,21.4,3.572,21.1,21.1,3.563,3.571,3.555,3.55,3.559,3.568,3.567,3.573,3.571,3.577,27.5,0.0,97.79,0.7799999713897705
2025-04-24 07:06:35,3.569,3.547,3.564,3.54,3.566,21.0,21.6,21.4,3.572,21.1,21.1,3.563,3.571,3.555,3.55,3.559,3.568,3.567,3.573,3.571,3.526,27.5,0.0,97.79,0.7799999713897705
2025-04-24 07:06:36,3.569,3.547,3.564,3.54,3.566,21.0,21.6,21.4,3.522,21.1,21.1,3.563,3.571,3.555,3.55,3.559,3.568,3.567,3.573,3.571,3.526,27.5,0.0,97.79,0.7799999713897705
2025-04-24 07:06:40,3.569,3.547,3.564,3.54,3.566,21.0,21.6,21.4,3.522,21.1,21.1,3.563,3.521,3.555,3.55,3.559,3.568,3.567,3.573,3.571,3.526,27.5,0.0,97.79,0.7799999713897705
2025-04-24 07:06:45,3.569,3.547,3.564,3.54,3.566,21.0,21.6,21.4,3.522,21.1,21.1,3.563,3.521,3.555,3.55,3.509,3.568,3.567,3.573,3.571,3.526,27.5,0.0,97.79,0.7799999713897705
2025-04-24 07:06:48,3.519,3.547,3.564,3.54,3.566,21.0,21.6,21.4,3.522,21.1,21.1,3.563,3.521,3.505,3.55,3.509,3.568,3.567,3.522,3.571,3.526,27.5,0.0,97.79,0.7799999713897705
2025-04-24 07:06:49,3.519,3.547,3.564,3.54,3.516,21.0,21.6,21.4,3.522,21.1,21.1,3.563,3.521,3.505,3.55,3.509,3.568,3.567,3.522,3.571,3.526,27.5,0.0,97.79,0.7799999713897705
2025-04-24 07:06:52,3.519,3.497,3.514,3.54,3.516,21.0,21.6,21.4,3.522,21.1,21.1,3.563,3.521,3.505,3.5,3.509,3.518,3.517,3.522,3.571,3.526,27.5,0.0,97.79,0.7799999713897705
2025-04-24 07:06:53,3.519,3.497,3.514,3.54,3.516,21.0,21.6,21.4,3.522,21.1,21.1,3.563,3.521,3.505,3.5,3.509,3.518,3.517,3.522,3.521,3.526,27.5,0.0,97.79,0.7799999713897705
2025-04-24 07:06:57,3.519,3.497,3.514,3.54,3.516,21.0,21.6,21.4,3.522,21.1,21.1,3.512,3.521,3.505,3.5,3.509,3.518,3.517,3.522,3.521,3.526,27.5,0.0,97.79,0.7799999713897705
2025-04-24 07:07:24,3.519,3.497,3.514,3.54,3.516,21.0,21.6,21.4,3.522,21.1,21.1,3.512,3.521,3.505,3.5,3.509,3.518,3.517,3.522,3.521,3.476,27.5,0.0,97.79,0.7799999713897705
2025-04-24 07:07:27,3.519,3.497,3.514,3.49,3.516,21.0,21.6,21.4,3.522,21.1,21.1,3.512,3.521,3.505,3.5,3.509,3.518,3.517,3.522,3.521,3.476,27.5,0.0,97.79,0.7799999713897705
2025-04-24 07:07:31,3.519,3.497,3.514,3.49,3.516,21.0,21.6,21.4,3.471,21.1,21.1,3.512,3.521,3.505,3.5,3.509,3.518,3.517,3.522,3.521,3.476,27.5,0.0,97.79,0.7799999713897705
2025-04-24 07:07:42,3.519,3.497,3.514,3.49,3.516,21.0,21.6,21.4,3.471,21.1,21.1,3.512,3.471,3.505,3.5,3.509,3.518,3.517,3.522,3.521,3.476,27.5,0.0,97.79,0.7799999713897705
2025-04-24 07:07:57,3.519,3.497,3.514,3.49,3.516,21.0,21.6,21.4,3.471,21.1,21.1,3.512,3.471,3.505,3.5,3.509,3.518,3.517,3.472,3.521,3.476,27.5,0.0,97.79,0.7799999713897705
2025-04-24 07:08:00,3.469,3.497,3.514,3.49,3.516,21.0,21.6,21.4,3.471,21.1,21.1,3.512,3.471,3.505,3.5,3.509,3.518,3.517,3.472,3.521,3.476,27.5,0.0,97.79,0.7799999713897705
2025-04-24 07:08:03,3.469,3.497,3.514,3.49,3.516,21.0,21.6,21.4,3.471,21.1,21.1,3.512,3.471,3.505,3.5,3.459,3.518,3.517,3.472,3.521,3.476,27.5,0.0,97.79,0.7799999713897705
2025-04-24 07:08:05,3.469,3.497,3.514,3.49,3.466,21.0,21.6,21.4,3.471,21.1,21.1,3.512,3.471,3.505,3.5,3.459,3.518,3.517,3.472,3.521,3.476,27.5,0.0,97.79,0.7799999713897705
2025-04-24 07:08:08,3.469,3.497,3.514,3.49,3.466,21.0,21.6,21.4,3.471,21.1,21.1,3.512,3.471,3.505,3.5,3.459,3.468,3.517,3.472,3.521,3.476,27.5,0.0,97.79,0.7799999713897705
2025-04-24 07:08:09,3.469,3.497,3.514,3.49,3.466,21.0,21.6,21.4,3.471,21.1,21.1,3.512,3.471,3.505,3.5,3.459,3.468,3.467,3.472,3.471,3.476,27.5,0.0,97.79,0.7799999713897705
2025-04-24 07:08:10,3.469,3.497,3.514,3.49,3.466,21.0,21.6,21.4,3.471,21.1,21.1,3.512,3.471,3.505,3.45,3.459,3.468,3.467,3.472,3.471,3.476,27.5,0.0,97.79,0.7799999713897705
2025-04-24 07:08:11,3.469,3.497,3.464,3.49,3.466,21.0,21.6,21.4,3.471,21.1,21.1,3.512,3.471,3.505,3.45,3.459,3.468,3.467,3.472,3.471,3.476,27.5,0.0,97.79,0.7799999713897705
2025-04-24 07:08:12,3.469,3.497,3.464,3.49,3.466,21.0,21.6,21.4,3.471,21.1,21.1,3.512,3.471,3.455,3.45,3.459,3.468,3.467,3.472,3.471,3.476,27.5,0.0,97.79,0.7799999713897705
2025-04-24 07:08:24,3.469,3.497,3.464,3.49,3.466,21.0,21.6,21.4,3.471,21.1,21.1,3.512,3.471,3.455,3.45,3.459,3.468,3.467,3.472,3.471,3.476,27.5,2.6484391689300537,97.79,0.7799999713897705
2025-04-24 07:08:25,3.469,3.497,3.464,3.49,3.466,21.0,21.6,21.4,3.471,21.1,21.1,3.512,3.471,3.455,3.45,3.459,3.468,3.467,3.472,3.471,3.476,27.5,4.49233865737915,97.79,0.7799999713897705
2025-04-24 07:08:26,3.469,3.497,3.464,3.49,3.466,21.0,21.6,21.4,3.471,21.1,21.1,3.512,3.471,3.455,3.45,3.459,3.468,3.467,3.472,3.471,3.476,27.5,6.70421028137207,97.79,0.7799999713897705
2025-04-24 07:08:27,3.469,3.497,3.464,3.49,3.466,21.0,21.6,21.4,3.471,21.1,21.1,3.512,3.471,3.455,3.45,3.459,3.468,3.467,3.472,3.471,3.476,27.5,8.631339073181152,97.79,0.7799999713897705
2025-04-24 07:08:28,3.469,3.497,3.464,3.49,3.466,21.0,21.6,21.4,3.471,21.1,21.1,3.512,3.471,3.455,3.45,3.459,3.468,3.467,3.472,3.471,3.476,27.5,10.56601333618164,97.79,0.7799999713897705
2025-04-24 07:08:29,3.469,3.497,3.464,3.49,3.466,21.0,21.6,21.4,3.471,21.1,21.1,3.512,3.471,3.455,3.45,3.459,3.468,3.467,3.472,3.471,3.476,27.5,12.588743209838867,97.79,0.7799999713897705
2025-04-24 07:08:30,3.469,3.497,3.515,3.49,3.466,21.0,21.6,21.4,3.471,21.1,21.1,3.512,3.471,3.505,3.504,3.459,3.468,3.518,3.472,3.471,3.476,27.5,14.578819274902344,97.79,0.7799999713897705
2025-04-24 07:08:31,3.533,3.497,3.515,3.49,3.529,21.0,21.6,21.4,3.471,21.1,21.1,3.512,3.523,3.505,3.504,3.521,3.537,3.518,3.538,3.541,3.476,27.5,16.547344207763672,97.79,0.7799999713897705
2025-04-24 07:08:32,3.533,3.497,3.515,3.551,3.529,21.0,21.6,21.4,3.533,21.1,21.1,3.512,3.523,3.505,3.504,3.521,3.537,3.518,3.538,3.541,3.535,27.5,18.64325523376465,97.79,0.7799999713897705
2025-04-24 07:08:33,3.533,3.497,3.515,3.551,3.529,21.0,21.6,21.4,3.533,21.1,21.1,3.568,3.523,3.505,3.504,3.521,3.537,3.518,3.538,3.541,3.535,27.5,21.096155166625977,97.79,0.7799999713897705
2025-04-24 07:08:34,3.587,3.561,3.579,3.551,3.529,21.0,21.6,21.4,3.533,21.1,21.1,3.568,3.523,3.566,3.563,3.573,3.537,3.582,3.538,3.541,3.535,28.5,21.096155166625977,97.79,0.7799999713897705
2025-04-24 07:08:35,3.587,3.561,3.579,3.616,3.606,21.0,21.6,21.4,3.591,21.1,21.1,3.568,3.594,3.566,3.563,3.573,3.615,3.582,3.615,3.619,3.597,28.5,18.12820625305176,97.79,0.7799999713897705
2025-04-24 07:08:36,3.587,3.561,3.579,3.616,3.606,21.0,21.6,21.4,3.591,21.1,21.1,3.568,3.594,3.566,3.563,3.573,3.615,3.582,3.615,3.619,3.597,28.5,0.0,97.79,0.7799999713897705
2025-04-24 07:08:39,3.587,3.561,3.579,3.566,3.606,21.0,21.6,21.4,3.591,21.1,21.1,3.568,3.594,3.566,3.563,3.573,3.615,3.582,3.565,3.619,3.547,28.5,0.0,97.79,0.7799999713897705
2025-04-24 07:08:40,3.587,3.561,3.579,3.566,3.555,21.0,21.6,21.4,3.591,21.1,21.1,3.568,3.544,3.566,3.563,3.573,3.564,3.582,3.565,3.569,3.547,28.5,0.0,97.79,0.7799999713897705
2025-04-24 07:08:41,3.587,3.561,3.579,3.566,3.555,21.0,21.6,21.4,3.539,21.1,21.1,3.568,3.544,3.566,3.563,3.573,3.564,3.582,3.565,3.569,3.547,28.5,0.0,97.79,0.7799999713897705
2025-04-24 07:08:49,3.587,3.561,3.579,3.566,3.555,21.0,21.6,21.4,3.539,21.1,21.1,3.568,3.544,3.566,3.563,3.522,3.564,3.582,3.565,3.569,3.547,28.5,0.0,97.79,0.7799999713897705
2025-04-24 07:08:50,3.536,3.561,3.579,3.566,3.555,21.0,21.6,21.4,3.539,21.1,21.1,3.568,3.544,3.566,3.563,3.522,3.564,3.582,3.565,3.569,3.547,28.5,0.0,97.79,0.7799999713897705
2025-04-24 07:08:51,3.536,3.561,3.579,3.566,3.555,21.0,21.6,21.4,3.539,21.1,21.1,3.568,3.544,3.516,3.563,3.522,3.564,3.582,3.565,3.569,3.547,28.5,0.0,97.79,0.7799999713897705
2025-04-24 07:08:53,3.536,3.51,3.579,3.566,3.555,21.0,21.6,21.4,3.539,21.1,21.1,3.568,3.544,3.516,3.513,3.522,3.564,3.582,3.565,3.569,3.547,28.5,0.0,97.79,0.7799999713897705
2025-04-24 07:08:55,3.536,3.51,3.529,3.566,3.555,21.0,21.6,21.4,3.539,21.1,21.1,3.568,3.544,3.516,3.513,3.522,3.564,3.532,3.565,3.569,3.547,28.5,0.0,97.79,0.7799999713897705
2025-04-24 07:09:08,3.536,3.51,3.529,3.566,3.555,21.0,21.6,21.4,3.539,21.1,21.1,3.517,3.544,3.516,3.513,3.522,3.564,3.532,3.565,3.569,3.547,28.5,0.0,97.79,0.7799999713897705
2025-04-24 07:09:10,3.536,3.51,3.529,3.566,3.555,21.0,21.6,21.4,3.539,21.1,21.1,3.517,3.544,3.516,3.513,3.522,3.564,3.532,3.515,3.569,3.547,28.5,0.0,97.79,0.7799999713897705
2025-04-24 07:09:12,3.536,3.51,3.529,3.566,3.555,21.0,21.6,21.4,3.539,21.1,21.1,3.517,3.544,3.516,3.513,3.522,3.564,3.532,3.515,3.519,3.547,28.5,0.0,97.79,0.7799999713897705
2025-04-24 07:09:13,3.536,3.51,3.529,3.566,3.555,21.0,21.6,21.4,3.539,21.1,21.1,3.517,3.544,3.516,3.513,3.522,3.514,3.532,3.515,3.519,3.547,28.5,0.0,97.79,0.7799999713897705
2025-04-24 07:09:14,3.536,3.51,3.529,3.566,3.555,21.0,21.6,21.4,3.539,21.1,21.1,3.517,3.544,3.516,3.513,3.522,3.514,3.532,3.515,3.519,3.497,28.5,0.0,97.79,0.7799999713897705
2025-04-24 07:09:15,3.536,3.51,3.529,3.515,3.555,21.0,21.6,21.4,3.539,21.1,21.1,3.517,3.544,3.516,3.513,3.522,3.514,3.532,3.515,3.519,3.497,28.5,0.0,97.79,0.7799999713897705
2025-04-24 07:09:16,3.536,3.51,3.529,3.515,3.505,21.0,21.6,21.4,3.539,21.1,21.1,3.517,3.544,3.516,3.513,3.522,3.514,3.532,3.515,3.519,3.497,28.5,0.0,97.79,0.7799999713897705
2025-04-24 07:09:21,3.536,3.51,3.529,3.515,3.505,21.0,21.6,21.4,3.539,21.1,21.1,3.517,3.494,3.516,3.513,3.522,3.514,3.532,3.515,3.519,3.497,28.5,0.0,97.79,0.7799999713897705
2025-04-24 07:09:25,3.536,3.51,3.529,3.515,3.505,21.0,21.6,21.4,3.488,21.1,21.1,3.517,3.494,3.516,3.513,3.522,3.514,3.532,3.515,3.519,3.497,28.5,0.0,97.79,0.7799999713897705
2025-04-24 07:09:55,3.486,3.51,3.529,3.515,3.505,21.0,21.6,21.4,3.488,21.1,21.1,3.517,3.494,3.516,3.513,3.522,3.514,3.532,3.515,3.519,3.497,28.5,0.0,97.79,0.7799999713897705
2025-04-24 07:10:00,3.486,3.51,3.529,3.515,3.505,21.0,21.6,21.4,3.488,21.1,21.1,3.517,3.494,3.516,3.513,3.472,3.514,3.532,3.515,3.519,3.497,28.5,0.0,97.79,0.7799999713897705
2025-04-24 07:10:05,3.486,3.51,3.479,3.515,3.505,21.0,21.6,21.4,3.488,21.1,21.1,3.517,3.494,3.516,3.513,3.472,3.514,3.532,3.515,3.519,3.497,28.5,0.0,97.79,0.7799999713897705
2025-04-24 07:10:13,3.486,3.51,3.479,3.515,3.505,21.0,21.6,21.4,3.488,21.1,21.1,3.517,3.494,3.516,3.463,3.472,3.514,3.482,3.515,3.519,3.497,28.5,0.0,97.79,0.7799999713897705
2025-04-24 07:10:14,3.486,3.51,3.479,3.515,3.505,21.0,21.6,21.4,3.488,21.1,21.1,3.517,3.494,3.466,3.463,3.472,3.514,3.482,3.515,3.519,3.497,28.5,0.0,97.79,0.7799999713897705
2025-04-24 07:10:22,3.486,3.46,3.479,3.515,3.505,21.0,21.6,21.4,3.488,21.1,21.1,3.517,3.494,3.466,3.463,3.472,3.514,3.482,3.515,3.519,3.497,28.5,0.0,97.79,0.7799999713897705
2025-04-24 07:10:54,3.486,3.46,3.479,3.515,3.505,21.0,21.6,21.4,3.488,21.1,21.1,3.467,3.494,3.466,3.463,3.472,3.514,3.482,3.515,3.519,3.497,28.5,0.0,97.79,0.7799999713897705
2025-04-24 07:10:57,3.486,3.46,3.479,3.465,3.505,21.0,21.6,21.4,3.488,21.1,21.1,3.467,3.494,3.466,3.463,3.472,3.514,3.482,3.515,3.469,3.497,28.5,0.0,97.79,0.7799999713897705
2025-04-24 07:11:02,3.486,3.46,3.479,3.465,3.505,21.0,21.6,21.4,3.488,21.1,21.1,3.467,3.494,3.466,3.463,3.472,3.464,3.482,3.515,3.469,3.497,28.5,0.0,97.79,0.7799999713897705
2025-04-24 07:11:07,3.486,3.46,3.479,3.465,3.505,21.0,21.6,21.4,3.488,21.1,21.1,3.467,3.494,3.466,3.463,3.472,3.464,3.482,3.464,3.469,3.497,28.5,0.0,97.79,0.7799999713897705
2025-04-24 07:11:17,3.486,3.46,3.479,3.465,3.505,21.0,21.6,21.4,3.488,21.1,21.1,3.467,3.494,3.466,3.463,3.472,3.464,3.482,3.464,3.469,3.447,28.5,0.0,97.79,0.7799999713897705
2025-04-24 07:11:23,3.486,3.46,3.479,3.465,3.455,21.0,21.6,21.4,3.488,21.1,21.1,3.467,3.494,3.466,3.463,3.472,3.464,3.482,3.464,3.469,3.447,28.5,0.0,97.79,0.7799999713897705
2025-04-24 07:11:49,3.486,3.46,3.479,3.465,3.455,21.0,21.6,21.4,3.488,21.1,21.1,3.467,3.494,3.466,3.463,3.472,3.464,3.482,3.464,3.469,3.447,28.5,2.2594127655029297,97.79,0.7799999713897705
2025-04-24 07:11:50,3.486,3.46,3.479,3.465,3.455,21.0,21.6,21.4,3.488,21.1,21.1,3.467,3.494,3.466,3.463,3.472,3.464,3.482,3.464,3.469,3.447,28.5,4.8249101638793945,97.79,0.7799999713897705
2025-04-24 07:11:51,3.486,3.46,3.479,3.465,3.455,21.0,21.6,21.4,3.488,21.1,21.1,3.467,3.494,3.466,3.463,3.472,3.464,3.482,3.464,3.469,3.447,28.5,7.507636070251465,97.79,0.7799999713897705
2025-04-24 07:11:52,3.486,3.46,3.479,3.465,3.455,21.0,21.6,21.4,3.488,21.1,21.1,3.467,3.494,3.466,3.463,3.472,3.464,3.482,3.464,3.469,3.447,28.5,10.115015983581545,97.79,0.7799999713897705
2025-04-24 07:11:53,3.486,3.46,3.479,3.465,3.455,21.0,21.6,21.4,3.488,21.1,21.1,3.467,3.494,3.466,3.463,3.472,3.464,3.482,3.464,3.469,3.447,28.5,11.637341499328612,98.82,0.7799999713897705
2025-04-24 07:11:54,3.486,3.46,3.479,3.465,3.455,21.0,21.6,21.4,3.488,21.1,21.1,3.467,3.494,3.466,3.463,3.472,3.464,3.482,3.464,3.469,3.447,28.5,13.21261215209961,98.82,0.7799999713897705
2025-04-24 07:11:55,3.486,3.46,3.479,3.465,3.455,21.0,21.6,21.4,3.488,21.1,21.1,3.467,3.494,3.466,3.463,3.472,3.464,3.482,3.464,3.469,3.498,28.5,14.819491386413574,98.82,0.7799999713897705
2025-04-24 07:11:56,3.486,3.46,3.479,3.522,3.518,21.0,21.6,21.4,3.488,21.1,21.1,3.523,3.494,3.466,3.463,3.472,3.523,3.482,3.522,3.525,3.498,28.5,16.6569881439209,98.82,0.7799999713897705
2025-04-24 07:11:57,3.486,3.514,3.532,3.522,3.518,21.0,21.6,21.4,3.488,21.1,21.1,3.523,3.494,3.518,3.519,3.523,3.523,3.535,3.522,3.525,3.498,28.5,18.10177993774414,98.82,0.7799999713897705
2025-04-24 07:11:58,3.561,3.514,3.532,3.522,3.518,21.0,21.6,21.4,3.541,21.1,21.1,3.523,3.494,3.518,3.519,3.523,3.523,3.535,3.522,3.525,3.498,28.5,19.17146873474121,98.82,0.7799999713897705
2025-04-24 07:11:59,3.561,3.514,3.532,3.578,3.518,21.0,21.6,21.4,3.541,21.1,21.1,3.576,3.554,3.518,3.519,3.523,3.575,3.535,3.576,3.58,3.559,28.5,20.216896057128903,98.82,0.7799999713897705
2025-04-24 07:12:00,3.561,3.565,3.59,3.578,3.589,21.0,21.6,21.4,3.541,21.1,21.1,3.576,3.554,3.571,3.519,3.573,3.575,3.593,3.576,3.58,3.559,28.5,0.1569496244192123,98.82,0.7799999713897705
2025-04-24 07:12:05,3.561,3.565,3.59,3.578,3.539,21.0,21.6,21.4,3.541,21.1,21.1,3.576,3.554,3.571,3.519,3.573,3.575,3.593,3.576,3.58,3.559,28.5,0.1569496244192123,98.82,0.7799999713897705
2025-04-24 07:12:06,3.561,3.565,3.54,3.578,3.539,21.0,21.6,21.4,3.541,21.1,21.1,3.576,3.554,3.519,3.519,3.522,3.575,3.543,3.576,3.58,3.559,28.5,0.1569496244192123,98.82,0.7799999713897705
2025-04-24 07:12:07,3.561,3.514,3.54,3.578,3.539,21.0,21.6,21.4,3.541,21.1,21.1,3.576,3.554,3.519,3.519,3.522,3.575,3.543,3.576,3.58,3.559,28.5,0.1569496244192123,98.82,0.7799999713897705
2025-04-24 07:12:14,3.561,3.514,3.54,3.578,3.539,21.0,21.6,21.4,3.541,21.1,21.1,3.576,3.554,3.519,3.519,3.522,3.575,3.543,3.576,3.58,3.509,28.5,0.1569496244192123,98.82,0.7799999713897705
2025-04-24 07:12:15,3.561,3.514,3.54,3.527,3.539,21.0,21.6,21.4,3.541,21.1,21.1,3.525,3.554,3.519,3.519,3.522,3.575,3.543,3.576,3.58,3.509,28.5,0.1569496244192123,98.82,0.7799999713897705
2025-04-24 07:12:16,3.561,3.514,3.54,3.527,3.539,21.0,21.6,21.4,3.541,21.1,21.1,3.525,3.554,3.519,3.519,3.522,3.575,3.543,3.525,3.53,3.509,28.5,0.1569496244192123,98.82,0.7799999713897705
2025-04-24 07:12:17,3.561,3.514,3.54,3.527,3.539,21.0,21.6,21.4,3.541,21.1,21.1,3.525,3.554,3.519,3.519,3.522,3.525,3.543,3.525,3.53,3.509,28.5,0.1569496244192123,98.82,0.7799999713897705
2025-04-24 07:12:21,3.561,3.514,3.54,3.527,3.539,21.0,21.6,21.4,3.541,21.1,21.1,3.525,3.504,3.519,3.519,3.522,3.525,3.543,3.525,3.53,3.509,28.5,0.1569496244192123,98.82,0.7799999713897705
2025-04-24 07:12:28,3.511,3.514,3.54,3.527,3.539,21.0,21.6,21.4,3.541,21.1,21.1,3.525,3.504,3.519,3.519,3.522,3.525,3.543,3.525,3.53,3.509,28.5,0.1569496244192123,98.82,0.7799999713897705
2025-04-24 07:12:35,3.511,3.514,3.54,3.527,3.539,21.0,21.6,21.4,3.491,21.1,21.1,3.525,3.504,3.519,3.519,3.522,3.525,3.543,3.525,3.53,3.509,28.5,0.1569496244192123,98.82,0.7799999713897705
2025-04-24 07:13:05,3.511,3.514,3.54,3.527,3.539,21.0,21.6,21.4,3.491,21.1,21.1,3.525,3.504,3.519,3.519,3.522,3.525,3.493,3.525,3.53,3.509,28.5,0.1569496244192123,98.82,0.7799999713897705
2025-04-24 07:13:06,3.511,3.514,3.49,3.527,3.539,21.0,21.6,21.4,3.491,21.1,21.1,3.525,3.504,3.519,3.519,3.522,3.525,3.493,3.525,3.53,3.509,28.5,0.1569496244192123,98.82,0.7799999713897705
2025-04-24 07:13:10,3.511,3.514,3.49,3.527,3.488,21.0,21.6,21.4,3.491,21.1,21.1,3.525,3.504,3.519,3.519,3.522,3.525,3.493,3.525,3.53,3.509,28.5,0.1569496244192123,98.82,0.7799999713897705
2025-04-24 07:13:19,3.511,3.514,3.49,3.527,3.488,21.0,21.6,21.4,3.491,21.1,21.1,3.525,3.504,3.519,3.469,3.522,3.525,3.493,3.525,3.53,3.509,28.5,0.1569496244192123,98.82,0.7799999713897705
2025-04-24 07:13:21,3.511,3.514,3.49,3.527,3.488,21.0,21.6,21.4,3.491,21.1,21.1,3.525,3.504,3.519,3.469,3.472,3.525,3.493,3.525,3.53,3.509,28.5,0.1569496244192123,98.82,0.7799999713897705
2025-04-24 07:13:29,3.511,3.514,3.49,3.527,3.488,21.0,21.6,21.4,3.491,21.1,21.1,3.525,3.504,3.469,3.469,3.472,3.525,3.493,3.525,3.53,3.509,28.5,0.1569496244192123,98.82,0.7799999713897705
2025-04-24 07:13:35,3.511,3.464,3.49,3.527,3.488,21.0,21.6,21.4,3.491,21.1,21.1,3.525,3.504,3.469,3.469,3.472,3.525,3.493,3.525,3.53,3.509,28.5,0.1569496244192123,98.82,0.7799999713897705
2025-04-24 07:13:57,3.511,3.464,3.49,3.527,3.488,21.0,21.6,21.4,3.491,21.1,21.1,3.525,3.504,3.469,3.469,3.472,3.525,3.493,3.525,3.48,3.509,28.5,0.1569496244192123,98.82,0.7799999713897705
2025-04-24 07:13:58,3.511,3.464,3.49,3.477,3.488,21.0,21.6,21.4,3.491,21.1,21.1,3.525,3.504,3.469,3.469,3.472,3.525,3.493,3.525,3.48,3.509,28.5,0.1569496244192123,98.82,0.7799999713897705
2025-04-24 07:13:59,3.511,3.464,3.49,3.477,3.488,21.0,21.6,21.4,3.491,21.1,21.1,3.525,3.504,3.469,3.469,3.472,3.525,3.493,3.475,3.48,3.509,28.5,0.1569496244192123,98.82,0.7799999713897705
2025-04-24 07:14:02,3.511,3.464,3.49,3.477,3.488,21.0,21.6,21.4,3.491,21.1,21.1,3.525,3.504,3.469,3.469,3.472,3.475,3.493,3.475,3.48,3.509,28.5,0.1569496244192123,98.82,0.7799999713897705
2025-04-24 07:14:03,3.511,3.464,3.49,3.477,3.488,21.0,21.6,21.4,3.491,21.1,21.1,3.475,3.504,3.469,3.469,3.472,3.475,3.493,3.475,3.48,3.509,28.5,0.1569496244192123,98.82,0.7799999713897705
2025-04-24 07:14:06,3.511,3.464,3.49,3.477,3.488,21.0,21.6,21.4,3.491,21.1,21.1,3.475,3.504,3.469,3.469,3.472,3.475,3.493,3.475,3.48,3.459,28.5,0.1569496244192123,98.82,0.7799999713897705
2025-04-24 07:14:31,3.511,3.464,3.49,3.477,3.488,21.0,21.6,21.4,3.491,21.1,21.1,3.475,3.454,3.469,3.469,3.472,3.475,3.493,3.475,3.48,3.459,28.5,0.1569496244192123,98.82,0.7799999713897705
2025-04-24 07:14:50,3.461,3.464,3.49,3.477,3.488,21.0,21.6,21.4,3.491,21.1,21.1,3.475,3.454,3.469,3.469,3.472,3.475,3.493,3.475,3.48,3.459,28.5,0.1569496244192123,98.82,0.7799999713897705
2025-04-24 07:15:06,3.461,3.464,3.49,3.477,3.488,21.0,21.6,21.4,3.491,21.1,21.1,3.475,3.454,3.469,3.469,3.472,3.475,3.493,3.475,3.48,3.459,29.5,0.1569496244192123,98.82,0.7799999713897705
2025-04-24 07:15:41,3.461,3.464,3.49,3.477,3.488,21.0,21.6,21.4,3.441,21.1,21.1,3.475,3.454,3.469,3.469,3.472,3.475,3.493,3.475,3.48,3.459,29.5,0.1569496244192123,98.82,0.7799999713897705
2025-04-24 07:16:15,3.461,3.464,3.49,3.477,3.488,21.0,21.6,21.4,3.441,21.1,21.1,3.475,3.454,3.469,3.469,3.472,3.475,3.493,3.475,3.48,3.459,29.5,1.8979991674423216,98.82,0.7799999713897705
2025-04-24 07:16:16,3.461,3.464,3.49,3.477,3.488,21.0,21.6,21.4,3.441,21.1,21.1,3.475,3.454,3.469,3.469,3.472,3.475,3.493,3.475,3.48,3.459,29.5,4.218896389007568,98.82,0.7799999713897705
2025-04-24 07:16:17,3.461,3.464,3.49,3.477,3.488,21.0,21.6,21.4,3.441,21.1,21.1,3.475,3.454,3.469,3.469,3.472,3.475,3.493,3.475,3.48,3.459,29.5,6.024812698364258,98.82,0.7799999713897705
2025-04-24 07:16:18,3.461,3.464,3.49,3.477,3.488,21.0,21.6,21.4,3.441,21.1,21.1,3.475,3.454,3.469,3.469,3.472,3.475,3.493,3.475,3.48,3.459,29.5,7.882628917694092,98.82,0.7799999713897705
2025-04-24 07:16:19,3.461,3.464,3.49,3.477,3.488,21.0,21.6,21.4,3.441,21.1,21.1,3.475,3.454,3.469,3.469,3.472,3.475,3.493,3.475,3.48,3.459,29.5,11.00908660888672,98.82,0.7799999713897705
2025-04-24 07:16:20,3.461,3.464,3.49,3.477,3.488,21.0,21.6,21.4,3.441,21.1,21.1,3.475,3.454,3.469,3.469,3.472,3.475,3.493,3.475,3.48,3.459,29.5,14.317915916442873,98.82,0.7799999713897705
2025-04-24 07:16:21,3.461,3.464,3.49,3.477,3.488,21.0,21.6,21.4,3.441,21.1,21.1,3.475,3.454,3.469,3.469,3.472,3.475,3.493,3.475,3.48,3.459,29.5,16.39084243774414,98.82,0.7799999713897705
2025-04-24 07:16:22,3.52,3.464,3.49,3.477,3.488,21.0,21.6,21.4,3.505,21.1,21.1,3.475,3.506,3.469,3.469,3.472,3.475,3.493,3.475,3.48,3.459,29.5,18.85354232788086,98.82,0.7799999713897705
2025-04-24 07:16:23,3.52,3.519,3.544,3.545,3.488,21.0,21.6,21.4,3.505,21.1,21.1,3.543,3.506,3.524,3.522,3.53,3.546,3.493,3.544,3.55,3.528,29.5,20.738718032836918,98.82,0.7799999713897705
2025-04-24 07:16:24,3.52,3.519,3.544,3.545,3.549,21.0,21.6,21.4,3.505,21.1,21.1,3.543,3.506,3.524,3.522,3.53,3.546,3.556,3.544,3.55,3.528,29.5,19.013580322265625,98.82,0.7799999713897705
2025-04-24 07:16:25,3.572,3.519,3.544,3.545,3.549,21.0,21.6,21.4,3.505,21.1,21.1,3.543,3.506,3.524,3.522,3.53,3.546,3.556,3.544,3.55,3.528,29.5,19.013580322265625,98.82,0.7799999713897705
2025-04-24 07:16:26,3.572,3.519,3.544,3.545,3.549,21.0,21.6,21.4,3.56,21.1,21.1,3.543,3.561,3.524,3.522,3.53,3.546,3.556,3.544,3.55,3.528,29.5,19.013580322265625,98.82,0.7799999713897705
2025-04-24 07:16:27,3.572,3.519,3.544,3.545,3.549,21.0,21.6,21.4,3.56,21.1,21.1,3.57,3.561,3.524,3.522,3.53,3.546,3.556,3.573,3.58,3.528,29.5,0.0,98.82,0.7799999713897705
2025-04-24 07:16:39,3.572,3.519,3.544,3.545,3.549,21.0,21.6,21.4,3.51,21.1,21.1,3.57,3.561,3.524,3.522,3.53,3.546,3.556,3.573,3.58,3.528,29.5,0.0,98.82,0.7799999713897705
2025-04-24 07:16:41,3.572,3.519,3.544,3.545,3.549,21.0,21.6,21.4,3.51,21.1,21.1,3.57,3.511,3.524,3.522,3.53,3.546,3.556,3.573,3.58,3.528,29.5,0.0,98.82,0.7799999713897705
2025-04-24 07:16:47,3.522,3.519,3.544,3.545,3.549,21.0,21.6,21.4,3.51,21.1,21.1,3.57,3.511,3.524,3.522,3.53,3.546,3.556,3.573,3.529,3.528,29.5,0.0,98.82,0.7799999713897705
2025-04-24 07:16:49,3.522,3.519,3.544,3.545,3.549,21.0,21.6,21.4,3.51,21.1,21.1,3.57,3.511,3.524,3.522,3.53,3.546,3.556,3.523,3.529,3.528,29.5,0.0,98.82,0.7799999713897705
2025-04-24 07:16:51,3.522,3.519,3.544,3.545,3.549,21.0,21.6,21.4,3.51,21.1,21.1,3.52,3.511,3.524,3.522,3.53,3.546,3.556,3.523,3.529,3.528,29.5,0.0,98.82,0.7799999713897705
2025-04-24 07:17:15,3.522,3.519,3.544,3.545,3.499,21.0,21.6,21.4,3.51,21.1,21.1,3.52,3.511,3.524,3.522,3.53,3.546,3.556,3.523,3.529,3.528,29.5,0.0,98.82,0.7799999713897705
2025-04-24 07:17:17,3.522,3.519,3.544,3.545,3.499,21.0,21.6,21.4,3.51,21.1,21.1,3.52,3.511,3.524,3.522,3.53,3.546,3.506,3.523,3.529,3.528,29.5,0.0,98.82,0.7799999713897705
2025-04-24 07:17:35,3.522,3.519,3.544,3.545,3.499,21.0,21.6,21.4,3.51,21.1,21.1,3.52,3.511,3.524,3.522,3.53,3.546,3.506,3.523,3.529,3.478,29.5,0.0,98.82,0.7799999713897705
2025-04-24 07:17:37,3.522,3.519,3.544,3.545,3.499,21.0,21.6,21.4,3.51,21.1,21.1,3.52,3.511,3.524,3.522,3.48,3.546,3.506,3.523,3.529,3.478,29.5,0.0,98.82,0.7799999713897705
2025-04-24 07:17:42,3.522,3.519,3.494,3.545,3.499,21.0,21.6,21.4,3.51,21.1,21.1,3.52,3.511,3.524,3.522,3.48,3.496,3.506,3.523,3.529,3.478,29.5,0.0,98.82,0.7799999713897705
2025-04-24 07:17:51,3.522,3.519,3.494,3.495,3.499,21.0,21.6,21.4,3.51,21.1,21.1,3.52,3.511,3.524,3.522,3.48,3.496,3.506,3.523,3.529,3.478,29.5,0.0,98.82,0.7799999713897705
2025-04-24 07:17:52,3.522,3.519,3.494,3.495,3.499,21.0,21.6,21.4,3.51,21.1,21.1,3.52,3.511,3.524,3.472,3.48,3.496,3.506,3.523,3.529,3.478,29.5,0.0,98.82,0.7799999713897705
2025-04-24 07:17:56,3.522,3.519,3.494,3.495,3.499,21.0,21.6,21.4,3.51,21.1,21.1,3.52,3.511,3.474,3.472,3.48,3.496,3.506,3.523,3.529,3.478,29.5,0.0,98.82,0.7799999713897705
2025-04-24 07:18:07,3.522,3.469,3.494,3.495,3.499,21.0,21.6,21.4,3.51,21.1,21.1,3.52,3.511,3.474,3.472,3.48,3.496,3.506,3.523,3.529,3.478,29.5,0.0,98.82,0.7799999713897705
2025-04-24 07:18:14,3.522,3.469,3.494,3.495,3.499,21.0,21.6,22.4,3.51,21.1,21.1,3.52,3.511,3.474,3.472,3.48,3.496,3.506,3.523,3.529,3.478,29.5,0.0,98.82,0.7799999713897705
2025-04-24 07:19:04,3.522,3.469,3.494,3.495,3.499,21.0,21.6,22.4,3.51,21.1,21.1,3.52,3.461,3.474,3.472,3.48,3.496,3.506,3.523,3.529,3.478,29.5,0.0,98.82,0.7799999713897705
2025-04-24 07:19:06,3.522,3.469,3.494,3.495,3.499,21.0,21.6,22.4,3.51,21.1,21.1,3.52,3.461,3.474,3.472,3.48,3.496,3.506,3.523,3.479,3.478,29.5,0.0,98.82,0.7799999713897705
2025-04-24 07:19:08,3.522,3.469,3.494,3.495,3.499,21.0,21.6,22.4,3.46,21.1,21.1,3.52,3.461,3.474,3.472,3.48,3.496,3.506,3.523,3.479,3.478,29.5,0.0,98.82,0.7799999713897705
2025-04-24 07:19:13,3.472,3.469,3.494,3.495,3.499,21.0,21.6,22.4,3.46,21.1,21.1,3.52,3.461,3.474,3.472,3.48,3.496,3.506,3.473,3.479,3.478,29.5,0.0,98.82,0.7799999713897705
2025-04-24 07:19:38,3.472,3.469,3.494,3.495,3.499,21.0,21.6,22.4,3.46,21.1,21.1,3.47,3.461,3.474,3.472,3.48,3.496,3.506,3.473,3.479,3.478,29.5,0.0,98.82,0.7799999713897705
2025-04-24 07:21:00,3.472,3.469,3.494,3.495,3.499,21.0,21.6,22.4,3.46,21.1,21.1,3.47,3.461,3.474,3.472,3.48,3.496,3.456,3.473,3.479,3.478,29.5,0.0,98.82,0.7799999713897705
2025-04-24 07:21:19,3.472,3.469,3.494,3.495,3.45,21.0,21.6,22.4,3.46,21.1,21.1,3.47,3.461,3.474,3.472,3.48,3.496,3.456,3.473,3.479,3.478,29.5,0.0,98.82,0.7799999713897705
2025-04-24 07:22:05,3.472,3.469,3.444,3.495,3.45,21.0,21.6,22.4,3.46,21.1,21.1,3.47,3.461,3.474,3.472,3.48,3.496,3.456,3.473,3.479,3.478,29.5,0.0,98.82,0.7799999713897705
2025-04-24 07:22:13,3.472,3.469,3.444,3.495,3.45,21.0,21.6,22.4,3.46,21.1,21.1,3.47,3.461,3.474,3.472,3.48,3.446,3.456,3.473,3.479,3.478,29.5,0.0,98.82,0.7799999713897705
2025-04-24 07:22:15,3.472,3.469,3.444,3.495,3.45,21.0,21.6,22.4,3.46,21.1,21.1,3.47,3.461,3.474,3.472,3.48,3.446,3.456,3.473,3.479,3.478,29.5,2.276209592819214,98.82,0.7799999713897705
2025-04-24 07:22:16,3.472,3.469,3.444,3.495,3.45,21.0,21.6,22.4,3.46,21.1,21.1,3.47,3.461,3.474,3.472,3.48,3.446,3.456,3.473,3.479,3.478,29.5,4.837021827697754,98.82,0.7799999713897705
2025-04-24 07:22:17,3.472,3.469,3.444,3.495,3.45,21.0,21.6,22.4,3.46,21.1,21.1,3.47,3.461,3.474,3.472,3.48,3.446,3.456,3.473,3.479,3.478,29.5,7.025975704193115,98.82,0.7799999713897705
2025-04-24 07:22:18,3.472,3.469,3.444,3.495,3.45,21.0,21.6,22.4,3.46,21.1,21.1,3.47,3.461,3.474,3.472,3.48,3.446,3.456,3.473,3.479,3.478,29.5,9.740633964538574,98.82,0.7799999713897705
2025-04-24 07:22:19,3.472,3.469,3.444,3.495,3.45,21.0,21.6,22.4,3.46,21.1,21.1,3.47,3.461,3.474,3.472,3.48,3.446,3.456,3.473,3.479,3.478,29.5,11.872600555419922,98.82,0.7799999713897705
2025-04-24 07:22:21,3.472,3.469,3.494,3.495,3.45,21.0,21.6,22.4,3.46,21.1,21.1,3.47,3.461,3.474,3.472,3.48,3.497,3.456,3.473,3.479,3.478,29.5,11.872600555419922,98.82,0.7799999713897705
2025-04-24 07:22:22,3.472,3.469,3.494,3.495,3.45,21.0,21.6,22.4,3.46,21.1,21.1,3.47,3.461,3.474,3.472,3.48,3.497,3.456,3.473,3.479,3.478,29.5,14.245675086975098,98.82,0.7799999713897705
2025-04-24 07:22:23,3.523,3.469,3.494,3.495,3.516,21.0,21.6,22.4,3.46,21.1,21.1,3.524,3.461,3.474,3.472,3.48,3.497,3.523,3.525,3.529,3.478,29.5,14.245675086975098,98.82,0.7799999713897705
2025-04-24 07:22:24,3.523,3.469,3.494,3.495,3.516,21.0,21.6,22.4,3.513,21.1,21.1,3.524,3.515,3.474,3.472,3.48,3.497,3.523,3.525,3.529,3.478,29.5,14.245675086975098,98.82,0.7799999713897705
2025-04-24 07:22:25,3.523,3.52,3.547,3.552,3.516,21.0,21.6,22.4,3.513,21.1,21.1,3.524,3.515,3.526,3.524,3.53,3.549,3.523,3.525,3.529,3.478,29.5,15.69640064239502,98.82,0.7799999713897705
2025-04-24 07:22:26,3.523,3.52,3.547,3.552,3.516,21.0,21.6,22.4,3.513,21.1,21.1,3.524,3.515,3.526,3.524,3.53,3.549,3.523,3.525,3.529,3.538,29.5,10.17158317565918,98.82,0.7799999713897705
2025-04-24 07:22:27,3.523,3.52,3.547,3.552,3.516,21.0,21.6,22.4,3.513,21.1,21.1,3.524,3.515,3.526,3.524,3.53,3.549,3.523,3.525,3.529,3.538,29.5,0.0,98.82,0.7799999713897705
2025-04-24 07:22:38,3.523,3.52,3.547,3.552,3.516,21.0,22.6,22.4,3.513,21.1,21.1,3.524,3.515,3.526,3.524,3.53,3.549,3.523,3.525,3.529,3.538,29.5,0.0,98.82,0.7799999713897705
2025-04-24 07:22:41,3.523,3.52,3.547,3.552,3.516,21.0,22.6,22.4,3.513,21.1,21.1,3.524,3.515,3.526,3.524,3.53,3.549,3.523,3.525,3.529,3.488,29.5,0.0,98.82,0.7799999713897705
2025-04-24 07:23:05,3.523,3.52,3.497,3.552,3.516,21.0,22.6,22.4,3.513,21.1,21.1,3.524,3.515,3.526,3.524,3.48,3.549,3.523,3.525,3.529,3.488,29.5,0.0,98.82,0.7799999713897705
2025-04-24 07:23:06,3.523,3.52,3.497,3.502,3.516,21.0,22.6,22.4,3.513,21.1,21.1,3.524,3.515,3.526,3.524,3.48,3.549,3.523,3.525,3.529,3.488,29.5,0.0,98.82,0.7799999713897705
2025-04-24 07:23:09,3.523,3.52,3.497,3.502,3.516,21.0,22.6,22.4,3.513,21.1,21.1,3.524,3.515,3.526,3.524,3.48,3.499,3.523,3.525,3.529,3.488,29.5,0.0,98.82,0.7799999713897705
2025-04-24 07:23:12,3.523,3.52,3.497,3.502,3.516,21.0,22.6,22.4,3.513,21.1,21.1,3.524,3.515,3.526,3.474,3.48,3.499,3.523,3.525,3.529,3.488,29.5,0.0,98.82,0.7799999713897705
2025-04-24 07:23:20,3.523,3.52,3.497,3.502,3.516,21.0,22.6,22.4,3.513,21.1,21.1,3.524,3.515,3.476,3.474,3.48,3.499,3.523,3.525,3.529,3.488,29.5,0.0,98.82,0.7799999713897705
2025-04-24 07:23:39,3.523,3.47,3.497,3.502,3.516,21.0,22.6,22.4,3.513,21.1,21.1,3.524,3.515,3.476,3.474,3.48,3.499,3.523,3.525,3.529,3.488,29.5,0.0,98.82,0.7799999713897705
2025-04-24 07:24:40,3.523,3.47,3.497,3.502,3.516,21.0,22.6,22.4,3.513,21.1,21.1,3.524,3.465,3.476,3.474,3.48,3.499,3.523,3.525,3.529,3.488,29.5,0.0,98.82,0.7799999713897705
2025-04-24 07:24:57,3.523,3.47,3.497,3.502,3.516,21.0,22.6,22.4,3.463,21.1,21.1,3.524,3.465,3.476,3.474,3.48,3.499,3.523,3.525,3.529,3.488,29.5,0.0,98.82,0.7799999713897705
2025-04-24 07:25:28,3.523,3.47,3.497,3.502,3.516,21.0,22.6,22.4,3.463,21.1,21.1,3.524,3.465,3.476,3.474,3.48,3.499,3.523,3.475,3.529,3.488,29.5,0.0,98.82,0.7799999713897705
2025-04-24 07:25:35,3.523,3.47,3.497,3.502,3.516,21.0,22.6,22.4,3.463,21.1,21.1,3.524,3.465,3.476,3.474,3.48,3.499,3.523,3.475,3.479,3.488,29.5,0.0,98.82,0.7799999713897705
2025-04-24 07:25:47,3.473,3.47,3.497,3.502,3.516,21.0,22.6,22.4,3.463,21.1,21.1,3.524,3.465,3.476,3.474,3.48,3.499,3.523,3.475,3.479,3.488,29.5,0.0,98.82,0.7799999713897705
2025-04-24 07:25:49,3.473,3.47,3.497,3.502,3.516,21.0,22.6,22.4,3.463,21.1,21.1,3.474,3.465,3.476,3.474,3.48,3.499,3.523,3.475,3.479,3.488,29.5,0.0,98.82,0.7799999713897705
2025-04-24 07:26:06,3.473,3.47,3.497,3.502,3.516,21.0,22.6,22.4,3.463,21.1,21.1,3.474,3.465,3.476,3.474,3.48,3.499,3.473,3.475,3.479,3.488,29.5,0.0,98.82,0.7799999713897705
2025-04-24 07:26:09,3.473,3.47,3.497,3.502,3.466,21.0,22.6,22.4,3.463,21.1,21.1,3.474,3.465,3.476,3.474,3.48,3.499,3.473,3.475,3.479,3.488,29.5,0.0,98.82,0.7799999713897705
2025-04-24 07:29:33,3.473,3.47,3.497,3.502,3.466,21.0,22.6,22.4,3.463,21.1,21.1,3.474,3.465,3.476,3.474,3.48,3.499,3.473,3.475,3.479,3.438,29.5,0.0,98.82,0.7799999713897705
2025-04-24 07:30:27,3.473,3.47,3.497,3.452,3.466,21.0,22.6,22.4,3.463,21.1,21.1,3.474,3.465,3.476,3.474,3.48,3.499,3.473,3.475,3.479,3.438,29.5,0.0,98.82,0.7799999713897705
2025-04-24 07:30:40,3.473,3.47,3.448,3.452,3.466,21.0,22.6,22.4,3.463,21.1,21.1,3.474,3.465,3.476,3.474,3.48,3.499,3.473,3.475,3.479,3.438,29.5,0.0,98.82,0.7799999713897705
2025-04-24 07:31:07,3.473,3.47,3.448,3.452,3.466,21.0,22.6,22.4,3.463,21.1,21.1,3.474,3.465,3.476,3.474,3.48,3.449,3.473,3.475,3.479,3.438,29.5,0.0,98.82,0.7799999713897705
2025-04-24 07:32:00,3.473,3.47,3.448,3.452,3.466,21.0,22.6,22.4,3.463,21.1,21.1,3.474,3.465,3.476,3.474,3.43,3.449,3.473,3.475,3.479,3.438,29.5,0.0,98.82,0.7799999713897705
2025-04-24 07:32:52,3.473,3.47,3.448,3.452,3.466,21.0,22.6,22.4,3.463,21.1,21.1,3.474,3.465,3.476,3.474,3.43,3.449,3.473,3.475,3.479,3.438,29.5,2.600796222686768,98.82,0.7799999713897705
2025-04-24 07:32:53,3.473,3.47,3.448,3.452,3.466,21.0,22.6,22.4,3.463,21.1,21.1,3.474,3.465,3.476,3.474,3.43,3.449,3.473,3.475,3.479,3.438,29.5,4.7227091789245605,98.82,0.7799999713897705
2025-04-24 07:32:54,3.473,3.47,3.448,3.452,3.466,21.0,22.6,22.4,3.463,21.1,21.1,3.474,3.465,3.476,3.474,3.43,3.449,3.473,3.475,3.479,3.438,29.5,7.026943683624268,98.82,0.7799999713897705
2025-04-24 07:32:55,3.473,3.47,3.448,3.452,3.466,21.0,22.6,22.4,3.463,21.1,21.1,3.474,3.465,3.476,3.474,3.43,3.449,3.473,3.475,3.479,3.438,29.5,8.70694637298584,98.82,0.7799999713897705
2025-04-24 07:32:56,3.473,3.47,3.448,3.452,3.466,21.0,22.6,22.4,3.463,21.1,21.1,3.474,3.465,3.476,3.474,3.43,3.449,3.473,3.475,3.479,3.438,29.5,10.703043937683104,98.82,0.7799999713897705
2025-04-24 07:32:57,3.473,3.47,3.448,3.452,3.466,21.0,22.6,22.4,3.463,21.1,21.1,3.474,3.465,3.476,3.474,3.43,3.449,3.473,3.475,3.479,3.438,29.5,12.04346752166748,98.82,0.7799999713897705
2025-04-24 07:32:58,3.473,3.47,3.448,3.452,3.466,21.0,22.6,22.4,3.463,21.1,21.1,3.474,3.465,3.476,3.474,3.43,3.449,3.473,3.475,3.479,3.438,29.5,14.047728538513184,98.82,0.7799999713897705
2025-04-24 07:32:59,3.473,3.47,3.501,3.507,3.466,21.0,22.6,22.4,3.463,21.1,21.1,3.474,3.465,3.476,3.474,3.487,3.506,3.473,3.475,3.479,3.438,29.5,15.889495849609377,98.82,0.7799999713897705
2025-04-24 07:33:00,3.524,3.47,3.501,3.507,3.518,21.0,22.6,22.4,3.463,21.1,21.1,3.526,3.465,3.476,3.474,3.487,3.506,3.528,3.527,3.479,3.505,29.5,17.246788024902344,98.82,0.7799999713897705
2025-04-24 07:33:01,3.524,3.47,3.501,3.507,3.518,21.0,22.6,22.4,3.521,21.1,21.1,3.526,3.518,3.476,3.474,3.487,3.506,3.528,3.527,3.544,3.505,29.5,19.365345001220703,98.82,0.7799999713897705
2025-04-24 07:33:02,3.524,3.532,3.557,3.564,3.518,21.0,22.6,22.4,3.521,21.1,21.1,3.526,3.518,3.54,3.534,3.54,3.566,3.528,3.527,3.544,3.505,29.5,20.831207275390625,98.82,0.7799999713897705
2025-04-24 07:33:03,3.579,3.532,3.557,3.564,3.518,21.0,22.6,22.4,3.521,21.1,21.1,3.58,3.518,3.54,3.534,3.54,3.566,3.579,3.583,3.544,3.505,29.5,19.33775520324707,98.82,0.7799999713897705
2025-04-24 07:33:04,3.579,3.532,3.557,3.564,3.576,21.0,22.6,22.4,3.521,21.1,21.1,3.58,3.518,3.54,3.534,3.54,3.566,3.579,3.583,3.544,3.558,29.5,14.656305313110352,98.82,0.7799999713897705
2025-04-24 07:33:05,3.579,3.532,3.557,3.564,3.576,21.0,22.6,22.4,3.521,21.1,21.1,3.58,3.518,3.54,3.534,3.54,3.566,3.579,3.583,3.599,3.558,29.5,0.233040764927864,98.82,0.7799999713897705
2025-04-24 07:33:17,3.579,3.532,3.557,3.564,3.576,21.0,22.6,22.4,3.521,21.1,21.1,3.58,3.518,3.54,3.534,3.54,3.566,3.579,3.583,3.548,3.558,29.5,0.233040764927864,98.82,0.7799999713897705
2025-04-24 07:33:22,3.579,3.532,3.557,3.564,3.526,21.0,22.6,22.4,3.521,21.1,21.1,3.58,3.518,3.54,3.534,3.54,3.566,3.579,3.583,3.548,3.507,29.5,0.233040764927864,98.82,0.7799999713897705
2025-04-24 07:33:26,3.579,3.532,3.557,3.564,3.526,21.0,22.6,22.4,3.521,21.1,21.1,3.58,3.518,3.54,3.534,3.54,3.566,3.579,3.533,3.548,3.507,29.5,0.233040764927864,98.82,0.7799999713897705
2025-04-24 07:33:27,3.529,3.532,3.557,3.564,3.526,21.0,22.6,22.4,3.521,21.1,21.1,3.529,3.518,3.54,3.534,3.54,3.566,3.579,3.533,3.548,3.507,29.5,0.233040764927864,98.82,0.7799999713897705
2025-04-24 07:33:33,3.529,3.532,3.557,3.564,3.526,21.0,22.6,22.4,3.521,21.1,21.1,3.529,3.518,3.54,3.534,3.54,3.566,3.529,3.533,3.548,3.507,29.5,0.233040764927864,98.82,0.7799999713897705
2025-04-24 07:33:59,3.529,3.532,3.557,3.564,3.526,21.0,22.6,22.4,3.521,21.1,21.1,3.529,3.518,3.49,3.534,3.54,3.566,3.529,3.533,3.548,3.507,29.5,0.233040764927864,98.82,0.7799999713897705
2025-04-24 07:34:02,3.529,3.532,3.557,3.564,3.526,21.0,22.6,22.4,3.521,21.1,21.1,3.529,3.518,3.49,3.534,3.54,3.516,3.529,3.533,3.548,3.507,30.5,0.233040764927864,98.82,0.7799999713897705
2025-04-24 07:34:03,3.529,3.532,3.557,3.564,3.526,21.0,22.6,22.4,3.521,21.1,21.1,3.529,3.518,3.49,3.534,3.49,3.516,3.529,3.533,3.548,3.507,30.5,0.233040764927864,98.82,0.7799999713897705
2025-04-24 07:34:05,3.529,3.482,3.557,3.564,3.526,21.0,22.6,22.4,3.521,21.1,21.1,3.529,3.518,3.49,3.534,3.49,3.516,3.529,3.533,3.548,3.507,30.5,0.233040764927864,98.82,0.7799999713897705
2025-04-24 07:34:08,3.529,3.482,3.557,3.564,3.526,21.0,22.6,22.4,3.521,21.1,21.1,3.529,3.518,3.49,3.484,3.49,3.516,3.529,3.533,3.548,3.507,30.5,0.233040764927864,98.82,0.7799999713897705
2025-04-24 07:34:18,3.529,3.482,3.507,3.515,3.526,21.0,22.6,22.4,3.521,21.1,21.1,3.529,3.518,3.49,3.484,3.49,3.516,3.529,3.533,3.548,3.507,30.5,0.233040764927864,98.82,0.7799999713897705
2025-04-24 07:35:13,3.529,3.482,3.507,3.515,3.526,21.0,22.6,22.4,3.471,21.1,21.1,3.529,3.518,3.49,3.484,3.49,3.516,3.529,3.533,3.548,3.507,30.5,0.233040764927864,98.82,0.7799999713897705
2025-04-24 07:35:37,3.529,3.482,3.507,3.515,3.526,21.0,22.6,22.4,3.471,21.1,21.1,3.529,3.518,3.49,3.484,3.49,3.516,3.529,3.533,3.499,3.507,30.5,0.233040764927864,98.82,0.7799999713897705
2025-04-24 07:36:10,3.529,3.482,3.507,3.515,3.526,21.0,22.6,22.4,3.471,21.1,21.1,3.529,3.468,3.49,3.484,3.49,3.516,3.529,3.533,3.499,3.507,30.5,0.233040764927864,98.82,0.7799999713897705
2025-04-24 07:36:41,3.529,3.482,3.507,3.515,3.526,21.0,22.6,22.4,3.471,21.1,21.1,3.529,3.468,3.49,3.484,3.49,3.516,3.529,3.483,3.499,3.507,30.5,0.233040764927864,98.82,0.7799999713897705
2025-04-24 07:36:47,3.529,3.482,3.507,3.515,3.476,21.0,22.6,22.4,3.471,21.1,21.1,3.529,3.468,3.49,3.484,3.49,3.516,3.529,3.483,3.499,3.507,30.5,0.233040764927864,98.82,0.7799999713897705
2025-04-24 07:36:59,3.479,3.482,3.507,3.515,3.476,21.0,22.6,22.4,3.471,21.1,21.1,3.529,3.468,3.49,3.484,3.49,3.516,3.529,3.483,3.499,3.507,30.5,0.233040764927864,98.82,0.7799999713897705
2025-04-24 07:37:14,3.479,3.482,3.507,3.515,3.476,21.0,22.6,22.4,3.471,21.1,21.1,3.479,3.468,3.49,3.484,3.49,3.516,3.529,3.483,3.499,3.507,30.5,0.233040764927864,98.82,0.7799999713897705
2025-04-24 07:37:15,3.479,3.482,3.507,3.515,3.476,21.0,22.6,22.4,3.471,21.1,21.1,3.479,3.468,3.49,3.484,3.49,3.516,3.529,3.483,3.499,3.457,30.5,0.233040764927864,98.82,0.7799999713897705
2025-04-24 07:37:25,3.479,3.482,3.507,3.515,3.476,21.0,22.6,22.4,3.471,21.1,21.1,3.479,3.468,3.49,3.484,3.49,3.516,3.479,3.483,3.499,3.457,30.5,0.233040764927864,98.82,0.7799999713897705
2025-04-24 07:39:06,3.479,3.482,3.507,3.515,3.476,21.0,22.6,22.4,3.471,21.1,21.1,3.479,3.468,3.49,3.484,3.49,3.466,3.479,3.483,3.499,3.457,30.5,0.233040764927864,98.82,0.7799999713897705
2025-04-24 07:39:20,3.479,3.482,3.507,3.466,3.476,21.0,22.6,22.4,3.471,21.1,21.1,3.479,3.468,3.49,3.484,3.49,3.466,3.479,3.483,3.499,3.457,30.5,0.233040764927864,98.82,0.7799999713897705
2025-04-24 07:40:02,3.479,3.482,3.457,3.466,3.476,21.0,22.6,22.4,3.471,21.1,21.1,3.479,3.468,3.49,3.484,3.49,3.466,3.479,3.483,3.499,3.457,30.5,0.233040764927864,98.82,0.7799999713897705
2025-04-24 07:40:23,3.479,3.482,3.457,3.466,3.476,21.0,22.6,22.4,3.471,21.1,21.1,3.479,3.468,3.49,3.484,3.441,3.466,3.479,3.483,3.499,3.457,30.5,0.233040764927864,98.82,0.7799999713897705
2025-04-24 07:40:51,3.479,3.482,3.457,3.466,3.476,21.0,22.6,22.4,3.471,21.1,21.1,3.479,3.468,3.44,3.484,3.441,3.466,3.479,3.483,3.499,3.457,30.5,0.233040764927864,98.82,0.7799999713897705
2025-04-24 07:41:01,3.479,3.482,3.457,3.466,3.476,21.0,22.6,22.4,3.471,21.1,21.1,3.479,3.468,3.44,3.434,3.441,3.466,3.479,3.483,3.499,3.457,30.5,0.233040764927864,98.82,0.7799999713897705
2025-04-24 07:41:14,3.479,3.432,3.457,3.466,3.476,21.0,22.6,22.4,3.471,21.1,21.1,3.479,3.468,3.44,3.434,3.441,3.466,3.479,3.483,3.499,3.457,30.5,0.233040764927864,98.82,0.7799999713897705
2025-04-24 07:42:31,3.479,3.432,3.457,3.466,3.476,21.0,22.6,22.4,3.471,21.1,21.1,3.479,3.468,3.44,3.434,3.441,3.466,3.479,3.483,3.449,3.457,30.5,0.233040764927864,98.82,0.7799999713897705
2025-04-24 07:42:48,3.479,3.432,3.457,3.466,3.476,21.0,22.6,22.4,3.471,21.1,21.1,3.479,3.468,3.44,3.434,3.441,3.466,3.479,3.483,3.449,3.457,30.5,4.647107124328613,98.82,0.7799999713897705
2025-04-24 07:42:49,3.479,3.432,3.457,3.466,3.476,21.0,22.6,22.4,3.471,21.1,21.1,3.479,3.468,3.44,3.434,3.441,3.466,3.479,3.483,3.449,3.457,30.5,6.834021091461182,98.82,0.7799999713897705
2025-04-24 07:42:50,3.479,3.432,3.457,3.466,3.476,21.0,22.6,22.4,3.471,21.1,21.1,3.479,3.468,3.44,3.434,3.441,3.466,3.479,3.483,3.449,3.457,30.5,9.789595603942873,98.82,0.7799999713897705
2025-04-24 07:42:51,3.479,3.432,3.457,3.466,3.476,21.0,22.6,22.4,3.471,21.1,21.1,3.479,3.468,3.44,3.434,3.441,3.466,3.479,3.483,3.449,3.457,30.5,13.124049186706545,98.82,0.7799999713897705
2025-04-24 07:42:52,3.479,3.432,3.457,3.466,3.476,21.0,22.6,22.4,3.471,21.1,21.1,3.479,3.468,3.44,3.434,3.441,3.466,3.479,3.483,3.449,3.457,30.5,16.35921287536621,98.82,0.7799999713897705
2025-04-24 07:42:53,3.479,3.432,3.457,3.466,3.476,21.0,22.6,22.4,3.471,21.1,21.1,3.479,3.468,3.44,3.434,3.441,3.466,3.479,3.483,3.508,3.457,30.5,19.28856658935547,98.82,0.7799999713897705
2025-04-24 07:42:54,3.534,3.501,3.531,3.537,3.476,21.0,22.6,22.4,3.471,21.1,21.1,3.535,3.468,3.51,3.508,3.511,3.535,3.534,3.533,3.508,3.511,30.5,20.77022171020508,98.82,0.7799999713897705
2025-04-24 07:42:55,3.534,3.501,3.531,3.537,3.539,21.0,22.6,22.4,3.521,21.1,21.1,3.535,3.523,3.51,3.508,3.511,3.535,3.534,3.533,3.508,3.511,30.5,20.77022171020508,98.82,0.7799999713897705
2025-04-24 07:42:56,3.534,3.501,3.531,3.537,3.539,21.0,22.6,22.4,3.521,21.1,21.1,3.535,3.523,3.51,3.508,3.511,3.535,3.534,3.533,3.573,3.511,30.5,20.77022171020508,98.82,0.7799999713897705
2025-04-24 07:42:57,3.534,3.501,3.531,3.537,3.539,21.0,22.6,22.4,3.521,21.1,21.1,3.535,3.523,3.51,3.508,3.511,3.535,3.534,3.586,3.573,3.511,30.5,19.181432723999023,98.82,0.7799999713897705
2025-04-24 07:42:58,3.592,3.552,3.592,3.598,3.539,21.0,22.6,22.4,3.521,21.1,21.1,3.592,3.523,3.561,3.558,3.566,3.595,3.594,3.586,3.573,3.561,30.5,14.38706874847412,98.82,0.7799999713897705
2025-04-24 07:42:59,3.592,3.552,3.592,3.598,3.539,21.0,22.6,22.4,3.521,21.1,21.1,3.592,3.523,3.561,3.558,3.566,3.595,3.594,3.586,3.573,3.561,30.5,12.356966018676758,98.82,0.7799999713897705
2025-04-24 07:43:00,3.592,3.552,3.592,3.598,3.589,21.0,22.6,22.4,3.521,21.1,21.1,3.592,3.523,3.561,3.558,3.566,3.595,3.594,3.586,3.573,3.561,30.5,-0.1647840142250061,98.82,0.7799999713897705
2025-04-24 07:43:14,3.592,3.552,3.592,3.598,3.539,21.0,22.6,22.4,3.521,21.1,21.1,3.592,3.523,3.561,3.558,3.566,3.595,3.594,3.586,3.573,3.561,30.5,-0.1647840142250061,98.82,0.7799999713897705
2025-04-24 07:43:16,3.592,3.552,3.592,3.598,3.539,21.0,22.6,22.4,3.521,21.1,21.1,3.592,3.523,3.561,3.558,3.516,3.595,3.594,3.586,3.573,3.561,30.5,-0.1647840142250061,98.82,0.7799999713897705
2025-04-24 07:43:19,3.592,3.552,3.592,3.548,3.539,21.0,22.6,22.4,3.521,21.1,21.1,3.542,3.523,3.561,3.558,3.516,3.595,3.594,3.586,3.573,3.561,30.5,-0.1647840142250061,98.82,0.7799999713897705
2025-04-24 07:43:20,3.542,3.552,3.592,3.548,3.539,21.0,22.6,22.4,3.521,21.1,21.1,3.542,3.523,3.561,3.558,3.516,3.595,3.594,3.586,3.573,3.561,30.5,-0.1647840142250061,98.82,0.7799999713897705
2025-04-24 07:43:21,3.542,3.552,3.592,3.548,3.539,21.0,22.6,22.4,3.521,21.1,21.1,3.542,3.523,3.561,3.558,3.516,3.595,3.594,3.586,3.573,3.511,30.5,-0.1647840142250061,98.82,0.7799999713897705
2025-04-24 07:43:22,3.542,3.552,3.592,3.548,3.539,21.0,22.6,22.4,3.521,21.1,21.1,3.542,3.523,3.511,3.558,3.516,3.545,3.544,3.586,3.573,3.511,30.5,-0.1647840142250061,98.82,0.7799999713897705
2025-04-24 07:43:23,3.542,3.552,3.541,3.548,3.539,21.0,22.6,22.4,3.521,21.1,21.1,3.542,3.523,3.511,3.508,3.516,3.545,3.544,3.586,3.573,3.511,30.5,-0.1647840142250061,98.82,0.7799999713897705
2025-04-24 07:43:24,3.542,3.502,3.541,3.548,3.539,21.0,22.6,22.4,3.521,21.1,21.1,3.542,3.523,3.511,3.508,3.516,3.545,3.544,3.586,3.573,3.511,30.5,-0.1647840142250061,98.82,0.7799999713897705
2025-04-24 07:43:34,3.542,3.502,3.541,3.548,3.539,21.0,22.6,22.4,3.521,21.1,21.1,3.542,3.523,3.511,3.508,3.516,3.545,3.544,3.536,3.573,3.511,30.5,-0.1647840142250061,98.82,0.7799999713897705
2025-04-24 07:44:21,3.542,3.502,3.541,3.548,3.539,21.0,22.6,22.4,3.521,21.1,21.1,3.542,3.523,3.511,3.508,3.516,3.545,3.544,3.536,3.523,3.511,30.5,-0.1647840142250061,98.82,0.7799999713897705
2025-04-24 07:46:07,3.542,3.502,3.541,3.548,3.539,21.0,22.6,22.4,3.471,21.1,21.1,3.542,3.523,3.511,3.508,3.516,3.545,3.544,3.536,3.523,3.511,30.5,-0.1647840142250061,98.82,0.7799999713897705
2025-04-24 07:46:32,3.542,3.502,3.541,3.548,3.539,21.0,22.6,22.4,3.471,21.1,21.1,3.542,3.473,3.511,3.508,3.516,3.545,3.544,3.536,3.523,3.511,30.5,-0.1647840142250061,98.82,0.7799999713897705
2025-04-24 07:46:33,3.542,3.502,3.541,3.498,3.539,21.0,22.6,22.4,3.471,21.1,21.1,3.542,3.473,3.511,3.508,3.516,3.545,3.544,3.536,3.523,3.511,30.5,-0.1647840142250061,98.82,0.7799999713897705
2025-04-24 07:46:36,3.542,3.502,3.541,3.498,3.489,21.0,22.6,22.4,3.471,21.1,21.1,3.542,3.473,3.511,3.508,3.516,3.495,3.544,3.536,3.523,3.511,30.5,-0.1647840142250061,98.82,0.7799999713897705
2025-04-24 07:46:39,3.542,3.502,3.541,3.498,3.489,21.0,22.6,22.4,3.471,21.1,21.1,3.492,3.473,3.511,3.508,3.516,3.495,3.544,3.536,3.523,3.511,30.5,-0.1647840142250061,98.82,0.7799999713897705
2025-04-24 07:46:45,3.542,3.502,3.541,3.498,3.489,21.0,22.6,22.4,3.471,21.1,21.1,3.492,3.473,3.511,3.508,3.516,3.495,3.494,3.536,3.523,3.511,30.5,-0.1647840142250061,98.82,0.7799999713897705
2025-04-24 07:46:47,3.542,3.502,3.491,3.498,3.489,21.0,22.6,22.4,3.471,21.1,21.1,3.492,3.473,3.511,3.508,3.516,3.495,3.494,3.536,3.523,3.511,30.5,-0.1647840142250061,98.82,0.7799999713897705
2025-04-24 07:46:48,3.492,3.502,3.491,3.498,3.489,21.0,22.6,22.4,3.471,21.1,21.1,3.492,3.473,3.511,3.508,3.516,3.495,3.494,3.536,3.523,3.511,30.5,-0.1647840142250061,98.82,0.7799999713897705
2025-04-24 07:47:27,3.492,3.502,3.491,3.498,3.489,21.0,22.6,22.4,3.471,21.1,21.1,3.492,3.473,3.511,3.508,3.466,3.495,3.494,3.536,3.523,3.511,30.5,-0.1647840142250061,98.82,0.7799999713897705
2025-04-24 07:47:43,3.492,3.502,3.491,3.498,3.489,21.0,22.6,22.4,3.471,21.1,21.1,3.492,3.473,3.511,3.508,3.466,3.495,3.494,3.486,3.523,3.511,30.5,-0.1647840142250061,98.82,0.7799999713897705
2025-04-24 07:48:01,3.492,3.502,3.491,3.498,3.489,21.0,22.6,22.4,3.471,21.1,21.1,3.492,3.473,3.511,3.458,3.466,3.495,3.494,3.486,3.523,3.461,30.5,-0.1647840142250061,98.82,0.7799999713897705
2025-04-24 07:48:11,3.492,3.502,3.491,3.498,3.489,21.0,22.6,22.4,3.471,21.1,21.1,3.492,3.473,3.461,3.458,3.466,3.495,3.494,3.486,3.523,3.461,30.5,-0.1647840142250061,98.82,0.7799999713897705
2025-04-24 07:49:00,3.492,3.452,3.491,3.498,3.489,21.0,22.6,22.4,3.471,21.1,21.1,3.492,3.473,3.461,3.458,3.466,3.495,3.494,3.486,3.523,3.461,30.5,-0.1647840142250061,98.82,0.7799999713897705
2025-04-24 07:50:19,3.492,3.452,3.491,3.498,3.489,21.0,22.6,22.4,3.471,21.1,21.1,3.492,3.473,3.461,3.458,3.466,3.495,3.494,3.486,3.473,3.461,30.5,-0.1647840142250061,98.82,0.7799999713897705
2025-04-24 07:50:26,3.492,3.452,3.491,3.498,3.489,21.0,22.6,22.4,3.471,21.1,21.1,3.492,3.473,3.461,3.458,3.466,3.495,3.494,3.486,3.473,3.461,31.5,-0.1647840142250061,98.82,0.7799999713897705
2025-04-24 07:52:34,3.492,3.452,3.491,3.498,3.489,21.0,22.6,22.4,3.471,21.1,21.1,3.492,3.473,3.392,3.458,3.466,3.417,3.494,3.486,3.473,3.461,31.5,-31.116233825683597,98.82,0.7799999713897705
2025-04-24 07:52:35,3.373,3.36,3.374,3.376,3.372,21.0,22.6,22.4,3.364,21.1,21.1,3.374,3.36,3.392,3.355,3.357,3.417,3.377,3.373,3.38,3.356,31.5,-31.116233825683597,98.82,0.7799999713897705
2025-04-24 07:52:36,3.373,3.36,3.374,3.376,3.372,21.0,22.6,22.4,3.364,21.1,21.1,3.374,3.36,3.392,3.355,3.357,3.36,3.377,3.373,3.38,3.356,31.5,-31.116233825683597,98.82,0.7799999713897705
2025-04-24 07:52:37,3.373,3.36,3.374,3.376,3.372,21.0,22.6,22.4,3.364,21.1,21.1,3.374,3.36,3.339,3.355,3.357,3.36,3.377,3.373,3.38,3.356,31.5,-31.116233825683597,98.82,0.7799999713897705
2025-04-24 07:52:38,3.373,3.36,3.374,3.376,3.372,21.0,22.6,22.4,3.364,21.1,21.1,3.374,3.36,3.339,3.355,3.357,3.36,3.377,3.373,3.38,3.356,31.5,-28.90637588500977,98.82,0.7799999713897705
2025-04-24 07:52:39,3.373,3.36,3.374,3.376,3.372,21.0,22.6,22.4,3.364,21.1,21.1,3.374,3.36,3.339,3.355,3.357,3.36,3.377,3.373,3.38,3.356,31.5,-17.458776473999023,98.82,0.7799999713897705
2025-04-24 07:52:40,3.373,3.36,3.374,3.376,3.372,21.0,22.6,22.4,3.364,21.1,21.1,3.374,3.36,3.339,3.355,3.357,3.36,3.377,3.373,3.38,3.356,31.5,-10.202776908874512,98.82,0.7799999713897705
2025-04-24 07:53:04,3.373,3.36,3.374,3.376,3.372,21.0,22.6,22.4,3.364,21.1,21.1,3.374,3.36,3.339,3.355,3.357,3.36,3.377,3.373,3.38,3.356,31.5,20.78470802307129,98.82,0.7799999713897705
2025-04-24 07:53:06,3.373,3.36,3.374,3.376,3.372,21.0,22.6,22.4,3.364,21.1,21.1,3.374,3.36,3.39,3.355,3.357,3.36,3.377,3.373,3.38,3.356,31.5,20.78470802307129,98.82,0.7799999713897705
2025-04-24 07:53:09,3.373,3.36,3.374,3.376,3.372,21.0,22.6,22.4,3.364,21.1,21.1,3.374,3.36,3.39,3.355,3.407,3.412,3.377,3.373,3.38,3.356,31.5,20.78470802307129,98.82,0.7799999713897705
2025-04-24 07:53:10,3.373,3.36,3.374,3.376,3.372,21.0,22.6,22.4,3.364,21.1,21.1,3.374,3.411,3.39,3.406,3.407,3.412,3.377,3.373,3.38,3.408,31.5,20.78470802307129,98.82,0.7799999713897705
2025-04-24 07:53:11,3.373,3.36,3.374,3.376,3.372,21.0,22.6,22.4,3.414,21.1,21.1,3.425,3.411,3.39,3.406,3.407,3.412,3.377,3.426,3.38,3.408,31.5,20.78470802307129,98.82,0.7799999713897705
2025-04-24 07:53:12,3.426,3.415,3.374,3.43,3.425,21.0,22.6,22.4,3.414,21.1,21.1,3.425,3.411,3.39,3.406,3.407,3.412,3.377,3.426,3.43,3.408,31.5,20.78470802307129,98.82,0.7799999713897705
2025-04-24 07:53:13,3.426,3.415,3.433,3.43,3.425,21.0,22.6,22.4,3.414,21.1,21.1,3.425,3.411,3.39,3.406,3.407,3.412,3.435,3.426,3.43,3.408,31.5,20.78470802307129,98.82,0.7799999713897705
2025-04-24 07:53:15,3.426,3.415,3.433,3.43,3.425,21.0,22.6,22.4,3.414,21.1,21.1,3.425,3.411,3.441,3.406,3.407,3.412,3.435,3.426,3.43,3.408,31.5,20.78470802307129,98.82,0.7799999713897705
2025-04-24 07:53:16,3.426,3.415,3.433,3.43,3.425,21.0,22.6,22.4,3.414,21.1,21.1,3.425,3.411,3.441,3.406,3.407,3.412,3.435,3.426,3.43,3.408,31.5,20.78470802307129,99.82,0.7799999713897705
2025-04-24 07:53:17,3.426,3.415,3.433,3.43,3.425,21.0,22.6,22.4,3.414,21.1,21.1,3.425,3.411,3.441,3.406,3.407,3.465,3.435,3.426,3.43,3.408,31.5,20.78470802307129,99.82,0.7799999713897705
2025-04-24 07:53:18,3.426,3.415,3.433,3.43,3.425,21.0,22.6,22.4,3.414,21.1,21.1,3.425,3.411,3.441,3.406,3.459,3.465,3.435,3.426,3.43,3.408,31.5,20.78470802307129,99.82,0.7799999713897705
2025-04-24 07:53:19,3.483,3.415,3.433,3.488,3.481,21.0,22.6,22.4,3.467,21.1,21.1,3.488,3.467,3.441,3.463,3.459,3.465,3.435,3.486,3.488,3.467,31.5,20.78470802307129,99.82,0.7799999713897705
2025-04-24 07:53:20,3.483,3.467,3.488,3.488,3.481,21.0,22.6,22.4,3.467,21.1,21.1,3.488,3.467,3.441,3.463,3.459,3.465,3.489,3.486,3.488,3.467,31.5,20.78470802307129,99.82,0.7799999713897705
2025-04-24 07:53:23,3.483,3.467,3.488,3.488,3.481,21.0,22.6,22.4,3.467,21.1,21.1,3.488,3.467,3.498,3.463,3.459,3.522,3.489,3.486,3.488,3.467,31.5,20.78470802307129,99.82,0.7799999713897705
2025-04-24 07:53:25,3.548,3.467,3.547,3.552,3.539,21.0,22.6,22.4,3.521,21.1,21.1,3.549,3.522,3.498,3.52,3.524,3.522,3.55,3.55,3.555,3.522,31.5,20.78470802307129,99.82,0.7799999713897705
2025-04-24 07:53:26,3.548,3.522,3.547,3.552,3.539,21.0,22.6,22.4,3.521,21.1,21.1,3.549,3.522,3.498,3.52,3.524,3.522,3.55,3.55,3.555,3.522,31.5,20.78470802307129,99.82,0.7799999713897705
2025-04-24 07:53:27,3.548,3.522,3.547,3.552,3.539,21.0,22.6,22.4,3.521,21.1,21.1,3.549,3.522,3.498,3.52,3.524,3.578,3.55,3.55,3.555,3.522,31.5,20.78470802307129,99.82,0.7799999713897705
2025-04-24 07:53:28,3.548,3.522,3.547,3.552,3.539,21.0,22.6,22.4,3.521,21.1,21.1,3.549,3.522,3.498,3.52,3.524,3.578,3.55,3.55,3.555,3.522,31.5,10.808908462524414,99.82,0.7799999713897705
2025-04-24 07:53:29,3.548,3.522,3.547,3.552,3.539,21.0,22.6,22.4,3.521,21.1,21.1,3.549,3.522,3.498,3.52,3.524,3.578,3.55,3.55,3.555,3.522,31.5,9.186145782470703,99.82,0.7799999713897705
2025-04-24 07:53:30,3.548,3.522,3.547,3.552,3.539,21.0,22.6,22.4,3.521,21.1,21.1,3.549,3.522,3.498,3.52,3.524,3.578,3.55,3.55,3.555,3.522,31.5,-0.152286410331726,99.82,0.7799999713897705
2025-04-24 07:53:34,3.548,3.522,3.547,3.552,3.539,21.0,22.6,22.4,3.521,21.1,21.1,3.549,3.522,3.498,3.52,3.524,3.578,3.55,3.55,3.555,3.522,31.5,-60.01930618286133,99.82,0.7799999713897705
2025-04-24 07:53:35,3.353,3.338,3.366,3.362,3.357,21.0,22.6,22.4,3.346,21.1,21.1,3.361,3.34,3.343,3.336,3.341,3.359,3.369,3.36,3.371,3.333,31.5,-60.01930618286133,99.82,0.7799999713897705
2025-04-24 07:53:37,3.292,3.286,3.288,3.287,3.293,21.0,22.6,22.4,3.285,21.1,21.1,3.297,3.287,3.287,3.282,3.277,3.295,3.299,3.293,3.293,3.279,31.5,-60.01930618286133,99.82,0.7799999713897705
2025-04-24 07:53:39,3.292,3.286,3.288,3.287,3.293,21.0,22.6,22.4,3.285,21.1,21.1,3.297,3.287,3.287,3.282,3.277,3.295,3.299,3.293,3.293,3.279,31.5,-52.21278762817383,99.82,0.7799999713897705
2025-04-24 07:53:40,3.292,3.286,3.288,3.287,3.293,21.0,22.6,22.4,3.285,21.1,21.1,3.297,3.287,3.287,3.282,3.277,3.295,3.299,3.293,3.293,3.279,31.5,-41.49089050292969,99.82,0.7799999713897705
2025-04-24 07:53:52,3.292,3.286,3.288,3.287,3.293,21.0,22.6,22.4,3.285,21.1,21.1,3.297,3.287,3.287,3.282,3.277,3.295,3.246,3.293,3.293,3.279,31.5,-41.49089050292969,99.82,0.7799999713897705
2025-04-24 07:53:53,3.292,3.286,3.288,3.287,3.243,21.0,22.6,22.4,3.285,21.1,21.1,3.246,3.287,3.287,3.282,3.277,3.245,3.246,3.242,3.293,3.279,31.5,-41.49089050292969,99.82,0.7799999713897705
2025-04-24 07:53:54,3.292,3.286,3.237,3.287,3.243,21.0,22.6,22.4,3.285,21.1,21.1,3.246,3.287,3.287,3.282,3.277,3.245,3.246,3.242,3.242,3.279,31.5,-41.49089050292969,99.82,0.7799999713897705
2025-04-24 07:53:55,3.242,3.286,3.237,3.236,3.243,21.0,22.6,22.4,3.285,21.1,21.1,3.246,3.287,3.287,3.282,3.277,3.245,3.246,3.242,3.242,3.279,31.5,-41.49089050292969,99.82,0.7799999713897705
2025-04-24 07:53:57,3.242,3.286,3.237,3.236,3.243,21.0,22.6,22.4,3.285,21.1,21.1,3.246,3.287,3.237,3.282,3.277,3.245,3.246,3.242,3.242,3.279,31.5,-41.49089050292969,99.82,0.7799999713897705
2025-04-24 07:53:58,3.242,3.236,3.237,3.236,3.243,21.0,22.6,22.4,3.285,21.1,21.1,3.246,3.237,3.237,3.232,3.277,3.245,3.246,3.242,3.242,3.279,31.5,-41.49089050292969,99.82,0.7799999713897705
2025-04-24 07:54:00,3.242,3.236,3.237,3.236,3.243,21.0,22.6,22.4,3.234,21.1,21.1,3.246,3.237,3.237,3.232,3.277,3.245,3.246,3.242,3.242,3.279,31.5,-41.49089050292969,99.82,0.7799999713897705
2025-04-24 07:54:01,3.242,3.236,3.237,3.236,3.243,21.0,22.6,22.4,3.234,21.1,21.1,3.246,3.237,3.237,3.232,3.277,3.245,3.246,3.242,3.242,3.229,31.5,-41.49089050292969,99.82,0.7799999713897705
2025-04-24 07:54:04,3.242,3.236,3.237,3.236,3.243,21.0,22.6,22.4,3.234,21.1,21.1,3.246,3.237,3.237,3.232,3.277,3.245,3.246,3.242,3.242,3.229,31.5,20.81785011291504,99.82,0.7799999713897705
2025-04-24 07:54:05,3.242,3.32,3.237,3.325,3.243,21.0,22.6,22.4,3.234,21.1,21.1,3.246,3.237,3.327,3.321,3.277,3.245,3.246,3.242,3.242,3.323,31.5,20.81785011291504,99.82,0.7799999713897705
2025-04-24 07:54:06,3.327,3.32,3.237,3.325,3.243,21.0,22.6,22.4,3.329,21.1,21.1,3.246,3.33,3.327,3.321,3.277,3.245,3.246,3.33,3.242,3.323,31.5,18.79985809326172,99.82,0.7799999713897705
2025-04-24 07:54:08,3.327,3.32,3.237,3.325,3.243,21.0,22.6,22.4,3.329,21.1,21.1,3.246,3.33,3.327,3.321,3.277,3.334,3.246,3.33,3.334,3.323,31.5,18.79985809326172,99.82,0.7799999713897705
2025-04-24 07:54:09,3.327,3.32,3.331,3.325,3.336,21.0,22.6,22.4,3.329,21.1,21.1,3.246,3.33,3.327,3.321,3.277,3.334,3.246,3.33,3.334,3.323,31.5,17.535415649414062,99.82,0.7799999713897705
2025-04-24 07:54:11,3.327,3.32,3.331,3.325,3.336,21.0,22.6,22.4,3.329,21.1,21.1,3.34,3.33,3.327,3.321,3.277,3.334,3.246,3.33,3.334,3.323,31.5,17.535415649414062,99.82,0.7799999713897705
2025-04-24 07:54:12,3.327,3.32,3.331,3.325,3.336,21.0,22.6,22.4,3.329,21.1,21.1,3.34,3.33,3.327,3.321,3.277,3.334,3.337,3.33,3.334,3.323,31.5,17.535415649414062,99.82,0.7799999713897705
2025-04-24 07:54:15,3.327,3.32,3.331,3.325,3.336,21.0,22.6,22.4,3.329,21.1,21.1,3.34,3.33,3.327,3.321,3.277,3.334,3.337,3.33,3.334,3.323,31.5,16.38946533203125,99.82,0.7799999713897705
2025-04-24 07:54:27,3.327,3.32,3.331,3.325,3.336,21.0,22.6,22.4,3.329,21.1,21.1,3.34,3.33,3.327,3.321,3.36,3.334,3.337,3.33,3.334,3.323,31.5,16.38946533203125,99.82,0.7799999713897705
2025-04-24 07:54:34,3.327,3.372,3.408,3.325,3.336,21.0,22.6,22.4,3.329,21.1,21.1,3.393,3.413,3.416,3.321,3.416,3.334,3.337,3.33,3.334,3.383,31.5,47.19209671020508,99.82,0.7799999713897705
2025-04-24 07:54:35,3.425,3.372,3.408,3.429,3.424,21.0,22.6,22.4,3.422,21.1,21.1,3.393,3.413,3.416,3.42,3.416,3.425,3.423,3.432,3.428,3.383,31.5,47.19209671020508,99.82,0.7799999713897705
2025-04-24 07:54:36,3.425,3.372,3.408,3.429,3.424,21.0,22.6,22.4,3.422,21.1,21.1,3.393,3.413,3.416,3.42,3.416,3.425,3.423,3.432,3.428,3.383,31.5,32.13472366333008,99.82,0.7799999713897705
2025-04-24 07:54:39,3.425,3.372,3.408,3.429,3.424,21.0,22.6,22.4,3.422,21.1,21.1,3.393,3.413,3.416,3.42,3.416,3.425,3.423,3.432,3.428,3.383,31.5,31.02504539489746,99.82,0.7799999713897705
2025-04-24 07:54:41,3.425,3.423,3.408,3.429,3.424,21.0,22.6,22.4,3.422,21.1,21.1,3.393,3.413,3.416,3.42,3.416,3.425,3.423,3.432,3.428,3.383,31.5,31.02504539489746,99.82,0.7799999713897705
2025-04-24 07:54:42,3.425,3.423,3.408,3.429,3.424,21.0,22.6,22.4,3.422,21.1,21.1,3.445,3.413,3.416,3.42,3.416,3.425,3.423,3.432,3.428,3.434,31.5,31.02504539489746,99.82,0.7799999713897705
2025-04-24 07:54:46,3.425,3.423,3.465,3.429,3.424,21.0,22.6,22.4,3.422,21.1,21.1,3.445,3.413,3.416,3.42,3.416,3.425,3.423,3.432,3.428,3.434,31.5,31.02504539489746,99.82,0.7799999713897705
2025-04-24 07:54:47,3.475,3.423,3.465,3.479,3.424,21.0,22.6,22.4,3.422,21.1,21.1,3.445,3.463,3.416,3.42,3.468,3.425,3.423,3.432,3.478,3.434,31.5,31.02504539489746,99.82,0.7799999713897705
2025-04-24 07:54:48,3.475,3.423,3.465,3.479,3.484,21.0,22.6,22.4,3.474,21.1,21.1,3.445,3.463,3.476,3.473,3.468,3.491,3.486,3.491,3.478,3.434,31.5,31.02504539489746,99.82,0.7799999713897705
2025-04-24 07:54:49,3.475,3.473,3.465,3.479,3.484,21.0,22.6,22.4,3.474,21.1,21.1,3.498,3.463,3.476,3.473,3.468,3.491,3.486,3.491,3.478,3.434,31.5,31.02504539489746,99.82,0.7799999713897705
2025-04-24 07:54:50,3.475,3.473,3.465,3.479,3.484,21.0,22.6,22.4,3.474,21.1,21.1,3.498,3.463,3.476,3.473,3.468,3.491,3.486,3.491,3.478,3.494,31.5,31.02504539489746,99.82,0.7799999713897705
2025-04-24 07:54:51,3.475,3.473,3.517,3.479,3.484,21.0,22.6,22.4,3.474,21.1,21.1,3.498,3.463,3.476,3.473,3.468,3.491,3.486,3.491,3.478,3.494,31.5,31.02504539489746,99.82,0.7799999713897705
2025-04-24 07:54:52,3.529,3.473,3.517,3.534,3.484,21.0,22.6,22.4,3.474,21.1,21.1,3.498,3.463,3.476,3.473,3.468,3.491,3.486,3.491,3.534,3.494,31.5,31.02504539489746,99.82,0.7799999713897705
2025-04-24 07:54:53,3.529,3.473,3.517,3.534,3.538,21.0,22.6,22.4,3.474,21.1,21.1,3.498,3.522,3.476,3.473,3.529,3.543,3.538,3.544,3.534,3.494,31.5,31.02504539489746,99.82,0.7799999713897705
2025-04-24 07:54:54,3.529,3.529,3.517,3.534,3.538,21.0,22.6,23.4,3.54,21.1,21.1,3.563,3.522,3.539,3.538,3.529,3.543,3.538,3.544,3.534,3.494,31.5,31.02504539489746,99.82,0.7799999713897705
2025-04-24 07:54:55,3.529,3.529,3.563,3.534,3.538,21.0,22.6,23.4,3.54,21.1,21.1,3.563,3.522,3.539,3.538,3.529,3.543,3.538,3.544,3.534,3.543,31.5,20.483068466186523,99.82,0.7799999713897705
2025-04-24 07:54:56,3.529,3.529,3.563,3.534,3.538,21.0,22.6,23.4,3.54,21.1,21.1,3.563,3.522,3.539,3.538,3.529,3.543,3.538,3.544,3.534,3.543,31.5,17.67357063293457,99.82,0.7799999713897705
2025-04-24 07:54:57,3.529,3.529,3.563,3.534,3.538,21.0,22.6,23.4,3.54,21.1,21.1,3.563,3.522,3.539,3.538,3.529,3.543,3.538,3.544,3.534,3.543,31.5,15.35445499420166,99.82,0.7799999713897705
2025-04-24 07:54:58,3.529,3.529,3.563,3.534,3.538,21.0,22.6,23.4,3.54,21.1,21.1,3.563,3.522,3.539,3.538,3.529,3.543,3.538,3.544,3.534,3.543,31.5,13.495487213134766,99.82,0.7799999713897705
2025-04-24 07:54:59,3.529,3.529,3.563,3.534,3.538,21.0,22.6,23.4,3.54,21.1,21.1,3.563,3.522,3.539,3.538,3.529,3.543,3.538,3.544,3.534,3.543,31.5,11.966830253601074,99.82,0.7799999713897705
2025-04-24 07:55:00,3.529,3.529,3.563,3.534,3.538,21.0,22.6,23.4,3.54,21.1,21.1,3.563,3.522,3.539,3.538,3.529,3.543,3.538,3.544,3.534,3.543,31.5,10.69505214691162,99.82,0.7799999713897705
2025-04-24 07:55:01,3.529,3.529,3.563,3.534,3.538,21.0,22.6,23.4,3.54,21.1,21.1,3.563,3.522,3.539,3.538,3.529,3.543,3.538,3.544,3.534,3.543,31.5,9.622479438781738,99.82,0.7799999713897705
2025-04-24 07:55:03,3.529,3.529,3.563,3.534,3.538,21.0,22.6,23.4,3.54,21.1,21.1,3.563,3.522,3.539,3.538,3.529,3.543,3.538,3.544,3.534,3.543,31.5,7.947647571563721,99.82,0.7799999713897705
2025-04-24 07:55:04,3.529,3.529,3.563,3.534,3.538,21.0,22.6,23.4,3.54,21.1,21.1,3.563,3.522,3.539,3.538,3.529,3.543,3.538,3.544,3.534,3.543,31.5,-0.1313447803258896,99.82,0.7799999713897705
2025-04-24 07:55:12,3.529,3.529,3.563,3.534,3.538,21.0,22.6,23.4,3.54,21.1,21.1,3.563,3.522,3.539,3.538,3.529,3.543,3.538,3.544,3.534,3.493,31.5,-0.1313447803258896,99.82,0.7799999713897705
2025-04-24 07:55:13,3.529,3.529,3.563,3.534,3.538,21.0,22.6,23.4,3.54,21.1,21.1,3.563,3.522,3.539,3.488,3.529,3.543,3.538,3.544,3.534,3.493,31.5,-0.1313447803258896,99.82,0.7799999713897705
2025-04-24 07:55:14,3.529,3.529,3.563,3.534,3.538,21.0,22.6,23.4,3.488,21.1,21.1,3.563,3.522,3.539,3.488,3.529,3.543,3.538,3.544,3.534,3.493,31.5,-0.1313447803258896,99.82,0.7799999713897705
2025-04-24 07:55:15,3.529,3.478,3.513,3.534,3.538,21.0,22.6,23.4,3.488,21.1,21.1,3.512,3.522,3.487,3.488,3.529,3.543,3.538,3.544,3.534,3.493,31.5,-0.1313447803258896,99.82,0.7799999713897705
2025-04-24 07:55:21,3.529,3.478,3.513,3.534,3.538,21.0,22.6,23.4,3.488,21.1,21.1,3.512,3.522,3.487,3.488,3.479,3.543,3.538,3.544,3.534,3.493,31.5,-0.1313447803258896,99.82,0.7799999713897705
2025-04-24 07:55:29,3.529,3.478,3.513,3.534,3.538,21.0,22.6,23.4,3.488,21.1,21.1,3.512,3.472,3.487,3.488,3.479,3.543,3.538,3.544,3.534,3.493,31.5,-0.1313447803258896,99.82,0.7799999713897705
2025-04-24 07:55:32,3.529,3.478,3.513,3.534,3.489,21.0,22.6,23.4,3.488,21.1,21.1,3.512,3.472,3.487,3.488,3.479,3.543,3.538,3.494,3.534,3.493,31.5,-0.1313447803258896,99.82,0.7799999713897705
2025-04-24 07:55:34,3.434,3.413,3.437,3.443,3.433,21.0,22.6,23.4,3.413,21.1,21.1,3.433,3.419,3.414,3.408,3.41,3.441,3.44,3.435,3.439,3.407,31.5,-31.20911407470703,99.82,0.7799999713897705
2025-04-24 07:55:37,3.377,3.36,3.373,3.376,3.377,21.0,22.6,23.4,3.363,21.1,21.1,3.377,3.364,3.364,3.355,3.358,3.377,3.376,3.373,3.38,3.407,31.5,-31.20911407470703,99.82,0.7799999713897705
2025-04-24 07:55:38,3.377,3.36,3.373,3.376,3.377,21.0,22.6,23.4,3.363,21.1,21.1,3.377,3.364,3.364,3.355,3.358,3.377,3.376,3.373,3.38,3.342,31.5,-31.20911407470703,99.82,0.7799999713897705
2025-04-24 07:55:39,3.377,3.36,3.373,3.376,3.377,21.0,22.6,23.4,3.363,21.1,21.1,3.377,3.364,3.364,3.355,3.358,3.377,3.376,3.373,3.38,3.342,31.5,-26.24048614501953,99.82,0.7799999713897705
2025-04-24 07:55:40,3.377,3.36,3.373,3.376,3.377,21.0,22.6,23.4,3.363,21.1,21.1,3.377,3.364,3.364,3.355,3.358,3.377,3.376,3.373,3.38,3.342,31.5,-15.34773063659668,99.82,0.7799999713897705
2025-04-24 07:55:41,3.377,3.36,3.373,3.376,3.377,21.0,22.6,23.4,3.363,21.1,21.1,3.377,3.364,3.364,3.355,3.358,3.377,3.376,3.373,3.38,3.342,31.5,-10.253353118896484,99.82,0.7799999713897705
2025-04-24 07:56:11,3.377,3.36,3.373,3.376,3.377,21.0,22.6,23.4,3.363,21.1,21.1,3.377,3.364,3.364,3.355,3.358,3.377,3.376,3.373,3.33,3.342,31.5,-10.253353118896484,99.82,0.7799999713897705
2025-04-24 07:56:14,3.327,3.36,3.323,3.326,3.377,21.0,22.6,23.4,3.363,21.1,21.1,3.377,3.364,3.364,3.355,3.358,3.377,3.376,3.373,3.33,3.342,31.5,-10.253353118896484,99.82,0.7799999713897705
2025-04-24 07:56:15,3.327,3.36,3.323,3.326,3.326,21.0,22.6,23.4,3.363,21.1,21.1,3.377,3.364,3.364,3.355,3.358,3.327,3.326,3.373,3.33,3.342,31.5,-10.253353118896484,99.82,0.7799999713897705
2025-04-24 07:56:17,3.327,3.36,3.323,3.326,3.326,21.0,22.6,23.4,3.363,21.1,21.1,3.327,3.364,3.364,3.355,3.358,3.327,3.326,3.373,3.33,3.342,31.5,-10.253353118896484,99.82,0.7799999713897705
2025-04-24 07:56:20,3.327,3.36,3.323,3.326,3.326,21.0,22.6,23.4,3.363,21.1,21.1,3.327,3.364,3.364,3.355,3.358,3.327,3.326,3.323,3.33,3.342,31.5,-10.253353118896484,99.82,0.7799999713897705
2025-04-24 07:56:29,3.327,3.36,3.323,3.326,3.326,21.0,22.6,23.4,3.363,21.1,21.1,3.327,3.364,3.314,3.355,3.358,3.327,3.326,3.323,3.33,3.342,31.5,-10.253353118896484,99.82,0.7799999713897705
2025-04-24 07:56:30,3.327,3.36,3.323,3.326,3.326,21.0,22.6,23.4,3.313,21.1,21.1,3.327,3.364,3.314,3.355,3.358,3.327,3.326,3.323,3.33,3.342,31.5,-10.253353118896484,99.82,0.7799999713897705
2025-04-24 07:56:31,3.327,3.31,3.323,3.326,3.326,21.0,22.6,23.4,3.313,21.1,21.1,3.327,3.314,3.314,3.355,3.358,3.327,3.326,3.323,3.33,3.342,31.5,-10.253353118896484,99.82,0.7799999713897705
2025-04-24 07:56:35,3.327,3.31,3.323,3.326,3.326,21.0,22.6,23.4,3.313,21.1,21.1,3.327,3.314,3.314,3.355,3.308,3.327,3.326,3.323,3.33,3.342,31.5,-10.253353118896484,99.82,0.7799999713897705
2025-04-24 07:56:38,3.327,3.31,3.323,3.326,3.326,21.0,22.6,23.4,3.313,21.1,21.1,3.327,3.314,3.314,3.305,3.308,3.327,3.326,3.323,3.33,3.342,31.5,-10.253353118896484,99.82,0.7799999713897705
2025-04-24 07:57:18,3.327,3.31,3.323,3.326,3.326,21.0,22.6,23.4,3.313,21.1,21.1,3.327,3.314,3.314,3.305,3.308,3.327,3.326,3.323,3.33,3.292,31.5,-10.253353118896484,99.82,0.7799999713897705
2025-04-24 08:00:07,3.327,3.31,3.323,3.326,3.326,21.0,22.6,23.4,3.313,21.1,21.1,3.327,3.314,3.314,3.305,3.308,3.327,3.326,3.323,3.33,3.292,31.5,-10.253353118896484,98.82,0.7799999713897705
2025-04-24 08:02:30,3.327,3.31,3.323,3.326,3.326,21.0,23.6,23.4,3.313,21.1,21.1,3.327,3.314,3.314,3.305,3.308,3.327,3.326,3.323,3.33,3.292,31.5,-10.253353118896484,98.82,0.7799999713897705
2025-04-24 08:03:31,3.327,3.31,3.323,3.326,3.326,21.0,23.6,23.4,3.313,21.1,21.1,3.327,3.314,3.314,3.305,3.308,3.327,3.326,3.323,3.33,3.292,31.5,-10.253353118896484,97.82,0.7799999713897705
2025-04-24 08:06:36,3.327,3.31,3.323,3.326,3.326,21.0,23.6,23.4,3.313,21.1,21.1,3.327,3.314,3.314,3.305,3.308,3.327,3.326,3.323,3.33,3.292,31.5,-10.253353118896484,96.82,0.7799999713897705
2025-04-24 08:07:35,3.327,3.31,3.323,3.326,3.326,21.0,23.6,23.4,3.313,21.1,21.1,3.327,3.314,3.314,3.305,3.308,3.327,3.326,3.323,3.33,3.292,31.5,20.70298194885254,96.82,0.7799999713897705
2025-04-24 08:07:36,3.327,3.31,3.323,3.326,3.326,21.0,23.6,23.4,3.313,21.1,21.1,3.327,3.314,3.314,3.305,3.308,3.327,3.326,3.323,3.33,3.292,31.5,16.279951095581055,96.82,0.7799999713897705
2025-04-24 08:07:40,3.327,3.31,3.323,3.326,3.326,21.0,23.6,23.4,3.313,21.1,21.1,3.327,3.314,3.314,3.305,3.308,3.327,3.326,3.323,3.33,3.292,31.5,13.60517692565918,96.82,0.7799999713897705
2025-04-24 08:07:43,3.327,3.31,3.323,3.326,3.326,21.0,23.6,23.4,3.313,21.1,21.1,3.327,3.314,3.314,3.305,3.308,3.327,3.326,3.323,3.33,3.292,31.5,12.038049697875977,96.82,0.7799999713897705
2025-04-24 08:07:48,3.327,3.31,3.323,3.326,3.326,21.0,23.6,23.4,3.313,21.1,21.1,3.327,3.314,3.314,3.305,3.308,3.327,3.326,3.323,3.33,3.292,31.5,10.484626770019531,96.82,0.7799999713897705
2025-04-24 08:08:05,3.327,3.31,3.323,3.326,3.326,21.0,23.6,23.4,3.313,21.1,21.1,3.327,3.314,3.314,3.305,3.308,3.327,3.326,3.323,3.33,3.292,31.5,-51.72557067871094,96.82,0.7799999713897705
2025-04-24 08:08:06,3.327,3.31,3.323,3.326,3.326,21.0,23.6,23.4,3.313,21.1,21.1,3.327,3.314,3.314,3.305,3.308,3.238,3.238,3.323,3.33,3.292,31.5,-51.72557067871094,96.82,0.7799999713897705
2025-04-24 08:08:07,3.327,3.31,3.323,3.326,3.326,21.0,23.6,23.4,3.313,21.1,21.1,3.327,3.314,3.314,3.305,3.308,3.238,3.238,3.323,3.234,3.292,31.5,-46.54057693481445,96.82,0.7799999713897705
2025-04-24 08:08:08,3.327,3.31,3.323,3.326,3.326,21.0,23.6,23.4,3.313,21.1,21.1,3.327,3.314,3.314,3.305,3.308,3.238,3.238,3.323,3.234,3.292,31.5,-41.2066535949707,96.82,0.7799999713897705
2025-04-24 08:08:15,3.327,3.31,3.227,3.229,3.232,21.0,23.6,23.4,3.313,21.1,21.1,3.327,3.314,3.314,3.305,3.308,3.238,3.238,3.231,3.234,3.292,31.5,-41.2066535949707,96.82,0.7799999713897705
2025-04-24 08:08:17,3.234,3.31,3.227,3.229,3.232,21.0,23.6,23.4,3.313,21.1,21.1,3.327,3.314,3.314,3.305,3.308,3.238,3.238,3.231,3.234,3.292,31.5,-41.2066535949707,96.82,0.7799999713897705
2025-04-24 08:08:18,3.234,3.31,3.227,3.229,3.232,21.0,23.6,23.4,3.313,21.1,21.1,3.232,3.314,3.314,3.305,3.308,3.238,3.238,3.231,3.234,3.292,31.5,-41.2066535949707,96.82,0.7799999713897705
2025-04-24 08:08:21,3.234,3.31,3.227,3.229,3.232,21.0,23.6,23.4,3.313,21.1,21.1,3.232,3.314,3.314,3.224,3.308,3.238,3.238,3.231,3.234,3.292,31.5,-41.2066535949707,96.82,0.7799999713897705
2025-04-24 08:08:22,3.234,3.31,3.227,3.229,3.232,21.0,23.6,23.4,3.313,21.1,21.1,3.232,3.314,3.314,3.224,3.224,3.238,3.238,3.231,3.234,3.292,31.5,-41.2066535949707,96.82,0.7799999713897705
2025-04-24 08:08:24,3.234,3.31,3.227,3.229,3.232,21.0,23.6,23.4,3.313,21.1,21.1,3.232,3.227,3.314,3.224,3.224,3.238,3.238,3.231,3.234,3.292,31.5,-41.2066535949707,96.82,0.7799999713897705
2025-04-24 08:08:33,3.234,3.221,3.227,3.229,3.232,21.0,23.6,23.4,3.313,21.1,21.1,3.232,3.227,3.314,3.224,3.224,3.238,3.238,3.231,3.234,3.292,31.5,-41.2066535949707,96.82,0.7799999713897705
2025-04-24 08:08:35,3.234,3.304,3.227,3.229,3.308,21.0,23.6,23.4,3.313,21.1,21.1,3.232,3.227,3.314,3.224,3.224,3.238,3.238,3.231,3.234,3.292,31.5,20.72902107238769,96.82,0.7799999713897705
2025-04-24 08:08:36,3.234,3.304,3.227,3.229,3.308,21.0,23.6,23.4,3.313,21.1,21.1,3.317,3.316,3.314,3.311,3.317,3.238,3.238,3.231,3.234,3.292,31.5,20.72902107238769,96.82,0.7799999713897705
2025-04-24 08:08:37,3.234,3.304,3.227,3.229,3.308,21.0,23.6,23.4,3.313,21.1,21.1,3.317,3.316,3.314,3.311,3.317,3.238,3.238,3.231,3.234,3.292,31.5,15.345518112182615,96.82,0.7799999713897705
2025-04-24 08:08:40,3.234,3.304,3.227,3.229,3.308,21.0,23.6,23.4,3.313,21.1,21.1,3.317,3.316,3.314,3.311,3.317,3.238,3.238,3.231,3.234,3.292,31.5,12.227787017822266,96.82,0.7799999713897705
2025-04-24 08:08:43,3.234,3.304,3.227,3.229,3.308,21.0,23.6,23.4,3.313,21.1,21.1,3.317,3.316,3.314,3.311,3.317,3.238,3.238,3.231,3.234,3.292,31.5,10.2836275100708,96.82,0.7799999713897705
2025-04-24 08:08:45,3.234,3.304,3.227,3.229,3.308,21.0,23.6,23.4,3.313,21.1,21.1,3.317,3.316,3.314,3.311,3.317,3.238,3.238,3.231,3.234,3.292,31.5,9.119295120239258,96.82,0.7799999713897705
2025-04-24 08:08:48,3.318,3.304,3.314,3.229,3.308,21.0,23.6,23.4,3.313,21.1,21.1,3.317,3.316,3.314,3.311,3.317,3.238,3.238,3.231,3.234,3.292,31.5,9.119295120239258,96.82,0.7799999713897705
2025-04-24 08:08:52,3.318,3.304,3.314,3.229,3.308,21.0,23.6,23.4,3.313,21.1,21.1,3.317,3.316,3.314,3.311,3.317,3.238,3.238,3.322,3.321,3.292,31.5,8.080012321472168,96.82,0.7799999713897705
2025-04-24 08:08:56,3.318,3.304,3.314,3.322,3.308,21.0,23.6,23.4,3.313,21.1,21.1,3.317,3.316,3.314,3.311,3.317,3.238,3.238,3.322,3.321,3.292,31.5,8.080012321472168,96.82,0.7799999713897705
2025-04-24 08:08:58,3.318,3.304,3.314,3.322,3.308,21.0,23.6,23.4,3.313,21.1,21.1,3.317,3.316,3.314,3.311,3.317,3.324,3.238,3.322,3.321,3.292,31.5,8.080012321472168,96.82,0.7799999713897705
2025-04-24 08:08:59,3.318,3.304,3.314,3.322,3.308,21.0,23.6,23.4,3.313,21.1,21.1,3.317,3.316,3.314,3.311,3.317,3.324,3.323,3.322,3.321,3.292,31.5,8.080012321472168,96.82,0.7799999713897705
2025-04-24 08:09:05,3.371,3.366,3.368,3.372,3.373,21.0,23.6,23.4,3.369,21.1,21.1,3.372,3.374,3.373,3.369,3.317,3.324,3.323,3.373,3.321,3.372,31.5,39.2413444519043,96.82,0.7799999713897705
2025-04-24 08:09:06,3.371,3.366,3.368,3.372,3.373,21.0,23.6,23.4,3.369,21.1,21.1,3.372,3.374,3.373,3.369,3.381,3.375,3.374,3.373,3.379,3.372,31.5,39.2413444519043,96.82,0.7799999713897705
2025-04-24 08:09:07,3.371,3.366,3.368,3.372,3.373,21.0,23.6,23.4,3.369,21.1,21.1,3.372,3.374,3.373,3.369,3.381,3.375,3.374,3.373,3.379,3.372,31.5,30.9600830078125,96.82,0.7799999713897705
2025-04-24 08:09:35,3.371,3.366,3.368,3.372,3.373,21.0,23.6,23.4,3.369,21.1,22.1,3.372,3.374,3.373,3.369,3.381,3.375,3.374,3.373,3.379,3.372,31.5,-0.1725377887487411,96.82,0.7799999713897705
2025-04-24 08:09:37,3.371,3.366,3.368,3.372,3.373,21.0,23.6,23.4,3.369,21.1,22.1,3.372,3.374,3.373,3.369,3.381,3.375,3.374,3.373,3.379,3.372,31.5,2.430959463119507,96.82,0.7799999713897705
2025-04-24 08:09:40,3.371,3.366,3.368,3.372,3.373,21.0,23.6,23.4,3.369,21.1,22.1,3.372,3.374,3.373,3.369,3.381,3.375,3.374,3.373,3.379,3.372,31.5,4.260225296020508,96.82,0.7799999713897705
2025-04-24 08:09:42,3.371,3.366,3.368,3.372,3.373,21.0,23.6,23.4,3.369,21.1,22.1,3.372,3.374,3.373,3.369,3.381,3.375,3.374,3.373,3.379,3.372,31.5,5.411538124084473,96.82,0.7799999713897705
2025-04-24 08:09:49,3.371,3.366,3.368,3.372,3.373,21.0,23.6,23.4,3.369,21.1,22.1,3.372,3.374,3.373,3.369,3.381,3.375,3.374,3.373,3.379,3.372,31.5,6.466646194458008,96.82,0.7799999713897705
2025-04-24 08:10:05,3.297,3.295,3.29,3.292,3.297,21.0,23.6,23.4,3.296,21.1,22.1,3.298,3.297,3.295,3.293,3.293,3.296,3.294,3.296,3.296,3.293,31.5,-24.43833541870117,96.82,0.7799999713897705
2025-04-24 08:10:06,3.297,3.295,3.29,3.292,3.297,21.0,23.6,23.4,3.296,21.1,22.1,3.298,3.297,3.295,3.293,3.293,3.296,3.294,3.296,3.296,3.293,31.5,-22.75758171081543,96.82,0.7799999713897705
2025-04-24 08:10:07,3.297,3.295,3.29,3.292,3.297,21.0,23.6,23.4,3.296,21.1,22.1,3.298,3.297,3.295,3.293,3.293,3.296,3.294,3.296,3.296,3.293,31.5,-12.831480979919434,96.82,0.7799999713897705
2025-04-24 08:10:08,3.297,3.295,3.29,3.292,3.297,21.0,23.6,23.4,3.296,21.1,22.1,3.298,3.297,3.295,3.293,3.293,3.296,3.294,3.296,3.296,3.293,31.5,-10.843100547790527,96.82,0.7799999713897705
2025-04-24 08:11:43,3.297,3.295,3.29,3.292,3.297,21.0,23.6,23.4,3.296,22.1,22.1,3.298,3.297,3.295,3.293,3.293,3.296,3.294,3.296,3.296,3.293,31.5,-10.843100547790527,96.82,0.7799999713897705
2025-04-24 08:13:13,3.297,3.295,3.29,3.292,3.297,21.0,23.6,23.4,3.296,22.1,22.1,3.298,3.297,3.295,3.293,3.293,3.296,3.294,3.296,3.296,3.293,31.5,-10.843100547790527,95.82,0.7799999713897705
2025-04-24 08:16:40,3.297,3.295,3.29,3.292,3.297,21.0,23.6,23.4,3.296,22.1,22.1,3.298,3.297,3.295,3.293,3.293,3.296,3.294,3.296,3.296,3.293,31.5,-10.843100547790527,94.81,0.7799999713897705
2025-04-24 08:19:45,3.297,3.295,3.29,3.292,3.297,21.0,23.6,23.4,3.296,22.1,22.1,3.298,3.297,3.295,3.293,3.293,3.296,3.294,3.296,3.296,3.293,31.5,-10.843100547790527,93.81,0.7799999713897705
2025-04-24 08:19:59,3.297,3.295,3.29,3.292,3.297,22.0,23.6,23.4,3.296,22.1,22.1,3.298,3.297,3.295,3.293,3.293,3.296,3.294,3.296,3.296,3.293,31.5,-10.843100547790527,93.81,0.7799999713897705
2025-04-24 08:20:48,3.297,3.295,3.29,3.292,3.297,22.0,23.6,23.4,3.296,22.1,22.1,3.298,3.297,3.295,3.293,3.293,3.296,3.294,3.296,3.296,3.293,31.5,-10.358314514160156,93.81,0.7799999713897705
2025-04-24 08:22:05,3.297,3.295,3.29,3.292,3.297,22.0,23.6,23.4,3.296,22.1,22.1,3.298,3.297,3.295,3.293,3.293,3.296,3.294,3.296,3.296,3.293,31.5,20.64517974853516,93.81,0.7799999713897705
2025-04-24 08:22:07,3.297,3.295,3.29,3.292,3.297,22.0,23.6,23.4,3.296,22.1,22.1,3.298,3.297,3.295,3.293,3.293,3.296,3.294,3.296,3.296,3.293,31.5,14.15084171295166,93.81,0.7799999713897705
2025-04-24 08:22:10,3.297,3.295,3.29,3.292,3.297,22.0,23.6,23.4,3.296,22.1,22.1,3.298,3.297,3.295,3.293,3.293,3.296,3.294,3.296,3.296,3.293,31.5,10.306854248046877,93.81,0.7799999713897705
2025-04-24 08:22:13,3.297,3.295,3.29,3.292,3.297,22.0,23.6,23.4,3.296,22.1,22.1,3.298,3.297,3.295,3.293,3.293,3.296,3.294,3.296,3.296,3.293,31.5,7.813628673553467,93.81,0.7799999713897705
2025-04-24 08:22:16,3.297,3.295,3.29,3.292,3.297,22.0,23.6,23.4,3.296,22.1,22.1,3.298,3.297,3.295,3.293,3.293,3.296,3.294,3.296,3.296,3.293,31.5,6.435441970825195,93.81,0.7799999713897705
2025-04-24 08:22:22,3.297,3.295,3.29,3.292,3.297,22.0,23.6,23.4,3.296,22.1,22.1,3.298,3.297,3.295,3.293,3.293,3.296,3.294,3.296,3.296,3.293,31.5,5.067535400390625,93.81,0.7799999713897705
2025-04-24 08:22:35,3.372,3.369,3.37,3.375,3.375,22.0,23.6,23.4,3.373,22.1,22.1,3.377,3.376,3.377,3.372,3.376,3.375,3.373,3.375,3.375,3.374,31.5,36.33657455444336,93.81,0.7799999713897705
2025-04-24 08:22:37,3.372,3.369,3.37,3.375,3.375,22.0,23.6,23.4,3.373,22.1,22.1,3.377,3.376,3.377,3.372,3.376,3.375,3.373,3.375,3.375,3.374,31.5,30.89789390563965,93.81,0.7799999713897705
2025-04-24 08:23:05,3.372,3.369,3.37,3.375,3.375,22.0,23.6,23.4,3.373,22.1,22.1,3.377,3.376,3.377,3.372,3.376,3.375,3.373,3.375,3.375,3.374,31.5,-0.1971195936203003,93.81,0.7799999713897705
2025-04-24 08:23:06,3.372,3.369,3.37,3.375,3.375,22.0,23.6,23.4,3.373,22.1,22.1,3.377,3.376,3.377,3.372,3.376,3.375,3.373,3.375,3.375,3.374,31.5,0.8740708231925964,93.81,0.7799999713897705
2025-04-24 08:23:10,3.372,3.369,3.37,3.375,3.375,22.0,23.6,23.4,3.373,22.1,22.1,3.377,3.376,3.377,3.372,3.376,3.375,3.373,3.375,3.375,3.374,31.5,2.6237282752990723,93.81,0.7799999713897705
2025-04-24 08:23:16,3.372,3.369,3.37,3.375,3.375,22.0,23.6,23.4,3.373,22.1,22.1,3.377,3.376,3.377,3.372,3.376,3.375,3.373,3.375,3.375,3.374,31.5,3.789196968078613,93.81,0.7799999713897705
2025-04-24 08:23:35,3.248,3.247,3.239,3.241,3.243,22.0,23.6,23.4,3.246,22.1,22.1,3.247,3.247,3.243,3.243,3.241,3.245,3.244,3.241,3.242,3.241,31.5,-55.93082809448242,93.81,0.7799999713897705
2025-04-24 08:23:37,3.248,3.247,3.239,3.241,3.243,22.0,23.6,23.4,3.246,22.1,22.1,3.247,3.247,3.243,3.243,3.241,3.245,3.244,3.241,3.242,3.241,31.5,-51.84922409057617,93.81,0.7799999713897705
2025-04-24 08:23:38,3.248,3.247,3.239,3.241,3.243,22.0,23.6,23.4,3.246,22.1,22.1,3.247,3.247,3.243,3.243,3.241,3.245,3.244,3.241,3.242,3.241,31.5,-42.16383361816406,93.81,0.7799999713897705
2025-04-24 08:23:39,3.248,3.247,3.239,3.241,3.243,22.0,23.6,23.4,3.246,22.1,22.1,3.247,3.247,3.243,3.243,3.241,3.245,3.244,3.241,3.242,3.241,32.5,-42.16383361816406,93.81,0.7799999713897705
2025-04-24 08:23:59,3.248,3.247,3.239,3.241,3.243,22.0,23.6,24.4,3.246,22.1,22.1,3.247,3.247,3.243,3.243,3.241,3.245,3.244,3.241,3.242,3.241,32.5,-42.16383361816406,93.81,0.7799999713897705
2025-04-24 08:24:05,3.248,3.247,3.239,3.241,3.243,22.0,23.6,24.4,3.246,22.1,22.1,3.247,3.247,3.243,3.243,3.241,3.245,3.244,3.314,3.242,3.241,32.5,20.664663314819336,93.81,0.7799999713897705
2025-04-24 08:24:06,3.248,3.247,3.239,3.241,3.243,22.0,23.6,24.4,3.246,22.1,22.1,3.247,3.247,3.243,3.243,3.241,3.245,3.244,3.314,3.242,3.241,32.5,16.701061248779297,93.81,0.7799999713897705
2025-04-24 08:24:07,3.248,3.247,3.239,3.241,3.243,22.0,23.6,24.4,3.246,22.1,22.1,3.247,3.247,3.243,3.243,3.241,3.245,3.244,3.314,3.242,3.241,32.5,13.329567909240724,93.81,0.7799999713897705
2025-04-24 08:24:10,3.248,3.247,3.239,3.241,3.243,22.0,23.6,24.4,3.246,22.1,22.1,3.247,3.247,3.243,3.243,3.241,3.245,3.244,3.314,3.242,3.241,32.5,8.965280532836914,93.81,0.7799999713897705
2025-04-24 08:24:13,3.248,3.247,3.239,3.241,3.243,22.0,23.6,24.4,3.246,22.1,22.1,3.247,3.247,3.243,3.243,3.241,3.245,3.244,3.314,3.242,3.241,32.5,6.345089912414551,93.81,0.7799999713897705
2025-04-24 08:24:15,3.248,3.247,3.239,3.241,3.243,22.0,23.6,24.4,3.246,22.1,22.1,3.247,3.247,3.243,3.243,3.241,3.245,3.244,3.314,3.242,3.241,32.5,4.670627593994141,93.81,0.7799999713897705
2025-04-24 08:24:22,3.248,3.247,3.239,3.241,3.243,22.0,23.6,24.4,3.246,22.1,22.1,3.247,3.247,3.243,3.243,3.241,3.245,3.244,3.314,3.242,3.241,32.5,3.112283945083618,93.81,0.7799999713897705
2025-04-24 08:24:35,3.364,3.361,3.362,3.369,3.366,22.0,23.6,24.4,3.366,22.1,22.1,3.369,3.367,3.368,3.364,3.369,3.365,3.363,3.368,3.368,3.367,32.5,34.46538162231445,93.81,0.7799999713897705
2025-04-24 08:24:37,3.364,3.361,3.362,3.369,3.366,22.0,23.6,24.4,3.366,22.1,22.1,3.369,3.367,3.368,3.364,3.369,3.365,3.363,3.368,3.368,3.367,32.5,30.910186767578125,93.81,0.7799999713897705
2025-04-24 08:25:05,3.364,3.361,3.362,3.369,3.366,22.0,23.6,24.4,3.366,22.1,22.1,3.369,3.367,3.368,3.364,3.369,3.365,3.363,3.368,3.368,3.367,32.5,-0.1823126375675201,93.81,0.7799999713897705
2025-04-24 08:25:10,3.364,3.361,3.362,3.369,3.366,22.0,23.6,24.4,3.366,22.1,22.1,3.369,3.367,3.368,3.364,3.369,3.365,3.363,3.368,3.368,3.367,32.5,1.621993064880371,93.81,0.7799999713897705
2025-04-24 08:25:23,3.364,3.361,3.362,3.369,3.366,22.0,23.6,24.4,3.366,22.1,22.1,3.369,3.367,3.368,3.364,3.369,3.365,3.363,3.368,3.368,3.367,32.5,2.6548736095428467,93.81,0.7799999713897705
2025-04-24 08:25:35,3.364,3.31,3.287,3.369,3.293,22.0,23.6,24.4,3.295,22.1,22.1,3.298,3.296,3.293,3.289,3.293,3.291,3.363,3.296,3.368,3.294,32.5,-28.2133846282959,93.81,0.7799999713897705
2025-04-24 08:25:36,3.287,3.31,3.287,3.281,3.293,22.0,23.6,24.4,3.295,22.1,22.1,3.298,3.296,3.293,3.289,3.293,3.291,3.284,3.296,3.284,3.294,32.5,-28.2133846282959,93.81,0.7799999713897705
2025-04-24 08:25:37,3.287,3.31,3.287,3.281,3.293,22.0,23.6,24.4,3.295,22.1,22.1,3.298,3.296,3.293,3.289,3.293,3.291,3.284,3.296,3.284,3.294,32.5,-25.265893936157227,93.81,0.7799999713897705
2025-04-24 08:25:38,3.287,3.31,3.287,3.281,3.293,22.0,23.6,24.4,3.295,22.1,22.1,3.298,3.296,3.293,3.289,3.293,3.291,3.284,3.296,3.284,3.294,32.5,-15.294713973999023,93.81,0.7799999713897705
2025-04-24 08:25:39,3.287,3.31,3.287,3.281,3.293,22.0,23.6,24.4,3.295,22.1,22.1,3.298,3.296,3.293,3.289,3.293,3.291,3.284,3.296,3.284,3.294,32.5,-13.97797679901123,93.81,0.7799999713897705
2025-04-24 08:25:40,3.287,3.31,3.287,3.281,3.293,22.0,23.6,24.4,3.295,22.1,22.1,3.298,3.296,3.293,3.289,3.293,3.291,3.284,3.296,3.284,3.294,32.5,-10.349018096923828,93.81,0.7799999713897705
2025-04-24 08:28:44,3.287,3.31,3.287,3.281,3.293,22.0,23.6,24.4,3.295,22.1,22.1,3.298,3.296,3.293,3.289,3.293,3.291,3.284,3.296,3.284,3.294,32.5,-10.349018096923828,92.8,0.7799999713897705
2025-04-24 08:31:46,3.287,3.31,3.287,3.281,3.293,22.0,23.6,24.4,3.295,22.1,22.1,3.298,3.296,3.293,3.289,3.293,3.291,3.284,3.296,3.284,3.294,32.5,-10.349018096923828,91.79,0.7799999713897705
2025-04-24 08:32:15,3.287,3.31,3.287,3.281,3.293,22.0,24.6,24.4,3.295,22.1,22.1,3.298,3.296,3.293,3.289,3.293,3.291,3.284,3.296,3.284,3.294,32.5,-10.349018096923828,91.79,0.7799999713897705
2025-04-24 08:35:28,3.287,3.31,3.287,3.281,3.293,22.0,24.6,24.4,3.295,22.1,22.1,3.298,3.296,3.293,3.289,3.293,3.291,3.284,3.296,3.284,3.294,32.5,-10.349018096923828,90.79,0.7799999713897705
2025-04-24 08:38:04,3.287,3.31,3.287,3.281,3.293,22.0,24.6,24.4,3.295,22.1,22.1,3.298,3.296,3.293,3.289,3.293,3.291,3.284,3.296,3.284,3.294,32.5,17.47012710571289,90.79,0.7799999713897705
2025-04-24 08:38:05,3.287,3.31,3.287,3.333,3.293,22.0,24.6,24.4,3.295,22.1,22.1,3.298,3.296,3.293,3.289,3.293,3.291,3.284,3.296,3.284,3.294,32.5,20.63297462463379,90.79,0.7799999713897705
2025-04-24 08:38:06,3.287,3.31,3.287,3.333,3.293,22.0,24.6,24.4,3.295,22.1,22.1,3.298,3.296,3.293,3.289,3.293,3.291,3.334,3.296,3.336,3.294,32.5,12.90801239013672,90.79,0.7799999713897705
2025-04-24 08:38:10,3.287,3.31,3.287,3.333,3.293,22.0,24.6,24.4,3.295,22.1,22.1,3.298,3.296,3.293,3.289,3.293,3.291,3.334,3.296,3.336,3.294,32.5,8.113728523254395,90.79,0.7799999713897705
2025-04-24 08:38:13,3.287,3.31,3.287,3.333,3.293,22.0,24.6,24.4,3.295,22.1,22.1,3.298,3.296,3.293,3.289,3.293,3.291,3.334,3.296,3.336,3.294,32.5,5.285171031951904,90.79,0.7799999713897705
2025-04-24 08:38:16,3.287,3.31,3.287,3.333,3.293,22.0,24.6,24.4,3.295,22.1,22.1,3.298,3.296,3.293,3.289,3.293,3.291,3.334,3.296,3.336,3.294,32.5,3.4739818572998047,90.79,0.7799999713897705
2025-04-24 08:38:22,3.287,3.31,3.287,3.333,3.293,22.0,24.6,24.4,3.295,22.1,22.1,3.298,3.296,3.293,3.289,3.293,3.291,3.334,3.296,3.336,3.294,32.5,1.9306306838989256,90.79,0.7799999713897705
2025-04-24 08:38:34,3.287,3.31,3.287,3.333,3.293,22.0,24.6,24.4,3.295,22.1,22.1,3.298,3.296,3.293,3.289,3.293,3.291,3.334,3.296,3.336,3.294,32.5,33.154598236083984,90.79,0.7799999713897705
2025-04-24 08:38:35,3.365,3.36,3.362,3.333,3.367,22.0,24.6,24.4,3.367,22.1,22.1,3.37,3.368,3.37,3.364,3.37,3.365,3.334,3.368,3.336,3.367,32.5,33.154598236083984,90.79,0.7799999713897705
2025-04-24 08:38:37,3.365,3.36,3.362,3.333,3.367,22.0,24.6,24.4,3.367,22.1,22.1,3.37,3.368,3.37,3.364,3.37,3.365,3.334,3.368,3.336,3.367,32.5,30.88314819335937,90.79,0.7799999713897705
2025-04-24 08:38:42,3.365,3.36,3.362,3.383,3.367,22.0,24.6,24.4,3.367,22.1,22.1,3.37,3.368,3.37,3.364,3.37,3.365,3.334,3.368,3.336,3.367,32.5,30.88314819335937,90.79,0.7799999713897705
2025-04-24 08:38:44,3.365,3.36,3.362,3.383,3.367,22.0,24.6,24.4,3.367,22.1,22.1,3.37,3.368,3.37,3.364,3.37,3.365,3.334,3.368,3.386,3.367,32.5,30.88314819335937,90.79,0.7799999713897705
2025-04-24 08:38:47,3.365,3.36,3.362,3.383,3.367,22.0,24.6,24.4,3.367,22.1,22.1,3.37,3.368,3.37,3.364,3.37,3.365,3.385,3.368,3.386,3.367,32.5,30.88314819335937,90.79,0.7799999713897705
2025-04-24 08:39:04,3.365,3.36,3.362,3.383,3.367,22.0,24.6,24.4,3.367,22.1,22.1,3.37,3.368,3.37,3.364,3.37,3.365,3.385,3.368,3.386,3.367,32.5,0.3679911196231842,90.79,0.7799999713897705
2025-04-24 08:39:15,3.365,3.36,3.362,3.383,3.367,22.0,24.6,24.4,3.367,22.1,22.1,3.37,3.368,3.37,3.364,3.37,3.365,3.385,3.368,3.386,3.367,32.5,1.5502934455871582,90.79,0.7799999713897705
2025-04-24 08:39:22,3.365,3.36,3.362,3.383,3.367,22.0,24.6,24.4,3.367,22.1,22.1,3.37,3.368,3.37,3.364,3.37,3.365,3.335,3.368,3.386,3.367,32.5,1.5502934455871582,90.79,0.7799999713897705
2025-04-24 08:39:25,3.365,3.36,3.362,3.383,3.367,22.0,24.6,24.4,3.367,22.1,22.1,3.37,3.368,3.37,3.364,3.37,3.365,3.335,3.368,3.336,3.367,32.5,1.5502934455871582,90.79,0.7799999713897705
2025-04-24 08:39:30,3.365,3.36,3.362,3.333,3.367,22.0,24.6,24.4,3.367,22.1,22.1,3.37,3.368,3.37,3.364,3.37,3.365,3.335,3.368,3.336,3.367,32.5,1.5502934455871582,90.79,0.7799999713897705
2025-04-24 08:39:34,3.365,3.36,3.362,3.333,3.367,22.0,24.6,24.4,3.367,22.1,22.1,3.37,3.368,3.37,3.364,3.37,3.365,3.335,3.368,3.336,3.367,32.5,-38.5328369140625,90.79,0.7799999713897705
2025-04-24 08:39:35,3.244,3.243,3.235,3.236,3.242,22.0,24.6,24.4,3.244,22.1,22.1,3.243,3.243,3.239,3.237,3.236,3.241,3.241,3.238,3.238,3.238,32.5,-58.16324615478516,90.79,0.7799999713897705
2025-04-24 08:39:37,3.244,3.243,3.235,3.236,3.242,22.0,24.6,24.4,3.244,22.1,22.1,3.243,3.243,3.239,3.237,3.236,3.241,3.241,3.238,3.238,3.238,32.5,-54.39810562133789,90.79,0.7799999713897705
2025-04-24 08:39:38,3.244,3.243,3.235,3.236,3.242,22.0,24.6,24.4,3.244,22.1,22.1,3.243,3.243,3.239,3.237,3.236,3.241,3.241,3.238,3.238,3.238,32.5,-45.8651237487793,90.79,0.7799999713897705
2025-04-24 08:39:39,3.244,3.243,3.235,3.236,3.242,22.0,24.6,24.4,3.244,22.1,22.1,3.243,3.243,3.239,3.237,3.236,3.241,3.241,3.238,3.238,3.238,32.5,-41.21900939941406,90.79,0.7799999713897705
2025-04-24 08:40:04,3.244,3.243,3.235,3.236,3.242,22.0,24.6,24.4,3.244,22.1,22.1,3.243,3.243,3.239,3.237,3.236,3.241,3.241,3.238,3.238,3.238,32.5,20.59887313842773,90.79,0.7799999713897705
2025-04-24 08:40:06,3.317,3.243,3.235,3.236,3.242,22.0,24.6,24.4,3.244,22.1,22.1,3.243,3.243,3.239,3.237,3.32,3.241,3.317,3.238,3.238,3.238,32.5,20.59887313842773,90.79,0.7799999713897705
2025-04-24 08:40:07,3.317,3.309,3.235,3.236,3.242,22.0,24.6,24.4,3.244,22.1,22.1,3.243,3.243,3.239,3.237,3.32,3.241,3.317,3.238,3.238,3.238,32.5,12.508578300476074,90.79,0.7799999713897705
2025-04-24 08:40:10,3.317,3.309,3.235,3.236,3.242,22.0,24.6,24.4,3.244,22.1,22.1,3.243,3.243,3.239,3.237,3.32,3.241,3.317,3.238,3.238,3.238,32.5,7.592570781707764,90.79,0.7799999713897705
2025-04-24 08:40:13,3.317,3.309,3.235,3.236,3.242,22.0,24.6,24.4,3.244,22.1,22.1,3.243,3.243,3.239,3.237,3.32,3.241,3.317,3.238,3.238,3.238,32.5,4.658562660217285,90.79,0.7799999713897705
2025-04-24 08:40:15,3.317,3.309,3.235,3.236,3.242,22.0,24.6,24.4,3.244,22.1,22.1,3.243,3.243,3.239,3.237,3.32,3.241,3.317,3.238,3.238,3.238,32.5,3.020730972290039,90.79,0.7799999713897705
2025-04-24 08:40:19,3.317,3.309,3.235,3.236,3.242,22.0,24.6,24.4,3.244,22.1,22.1,3.243,3.243,3.239,3.237,3.32,3.241,3.317,3.238,3.238,3.238,32.5,1.751683473587036,90.79,0.7799999713897705
2025-04-24 08:40:34,3.317,3.309,3.235,3.236,3.242,22.0,24.6,24.4,3.244,22.1,22.1,3.243,3.243,3.239,3.237,3.32,3.241,3.317,3.238,3.238,3.238,32.5,32.37051773071289,90.79,0.7799999713897705
2025-04-24 08:40:35,3.317,3.309,3.357,3.363,3.362,22.0,24.6,24.4,3.362,22.1,22.1,3.364,3.363,3.364,3.355,3.32,3.36,3.317,3.362,3.363,3.361,32.5,32.37051773071289,90.79,0.7799999713897705
2025-04-24 08:40:36,3.317,3.361,3.357,3.363,3.362,22.0,24.6,24.4,3.362,22.1,22.1,3.364,3.363,3.364,3.355,3.371,3.36,3.317,3.362,3.363,3.361,32.5,32.37051773071289,90.79,0.7799999713897705
2025-04-24 08:40:37,3.368,3.361,3.357,3.363,3.362,22.0,24.6,24.4,3.362,22.1,22.1,3.364,3.363,3.364,3.355,3.371,3.36,3.368,3.362,3.363,3.361,32.5,30.896711349487305,90.79,0.7799999713897705
2025-04-24 08:41:04,3.368,3.361,3.357,3.363,3.362,22.0,24.6,24.4,3.362,22.1,22.1,3.364,3.363,3.364,3.355,3.371,3.36,3.368,3.362,3.363,3.361,32.5,-0.1757340878248214,90.79,0.7799999713897705
2025-04-24 08:41:16,3.368,3.361,3.357,3.363,3.362,22.0,24.6,24.4,3.362,22.1,22.1,3.364,3.363,3.364,3.355,3.371,3.36,3.368,3.362,3.363,3.361,32.5,0.9554320573806764,90.79,0.7799999713897705
2025-04-24 08:41:34,3.368,3.361,3.357,3.363,3.362,22.0,24.6,24.4,3.362,22.1,22.1,3.364,3.363,3.364,3.355,3.371,3.36,3.368,3.362,3.363,3.361,32.5,-29.79429054260254,90.79,0.7799999713897705
2025-04-24 08:41:35,3.289,3.289,3.284,3.284,3.287,22.0,24.6,24.4,3.29,22.1,22.1,3.29,3.29,3.288,3.287,3.286,3.288,3.288,3.288,3.296,3.285,32.5,-29.79429054260254,90.79,0.7799999713897705
2025-04-24 08:41:36,3.289,3.289,3.284,3.284,3.287,22.0,24.6,24.4,3.29,22.1,22.1,3.29,3.29,3.288,3.287,3.286,3.288,3.288,3.288,3.296,3.285,32.5,-28.786865234375,90.79,0.7799999713897705
2025-04-24 08:41:37,3.289,3.289,3.284,3.284,3.287,22.0,24.6,24.4,3.29,22.1,22.1,3.29,3.29,3.288,3.287,3.286,3.288,3.288,3.288,3.296,3.285,32.5,-18.699098587036133,90.79,0.7799999713897705
2025-04-24 08:41:38,3.289,3.289,3.284,3.284,3.287,22.0,24.6,24.4,3.29,22.1,22.1,3.29,3.29,3.288,3.287,3.286,3.288,3.288,3.288,3.296,3.285,32.5,-16.277523040771484,90.79,0.7799999713897705
2025-04-24 08:41:40,3.289,3.289,3.284,3.284,3.287,22.0,24.6,24.4,3.29,22.1,22.1,3.29,3.29,3.288,3.287,3.286,3.288,3.288,3.288,3.296,3.285,32.5,-10.351675987243652,90.79,0.7799999713897705
2025-04-24 08:43:24,3.289,3.289,3.284,3.284,3.287,22.0,24.6,24.4,3.29,22.1,22.1,3.29,3.29,3.288,3.287,3.286,3.288,3.288,3.288,3.296,3.285,32.5,-10.351675987243652,89.79,0.7799999713897705
2025-04-24 08:46:32,3.289,3.289,3.284,3.284,3.287,22.0,24.6,24.4,3.29,22.1,22.1,3.29,3.29,3.288,3.287,3.286,3.288,3.288,3.288,3.296,3.285,32.5,-10.351675987243652,88.79,0.7799999713897705
2025-04-24 08:50:08,3.289,3.289,3.284,3.284,3.287,22.0,24.6,24.4,3.29,22.1,22.1,3.29,3.29,3.288,3.287,3.286,3.288,3.288,3.288,3.296,3.285,32.5,-10.351675987243652,87.78,0.7799999713897705
2025-04-24 08:53:11,3.289,3.289,3.284,3.284,3.287,22.0,24.6,24.4,3.29,22.1,22.1,3.29,3.29,3.288,3.287,3.286,3.288,3.288,3.288,3.296,3.285,32.5,-10.351675987243652,86.78,0.7799999713897705
2025-04-24 08:54:04,3.289,3.289,3.284,3.284,3.287,22.0,24.6,24.4,3.29,22.1,22.1,3.29,3.29,3.288,3.287,3.286,3.288,3.288,3.288,3.296,3.285,32.5,20.629165649414062,86.78,0.7799999713897705
2025-04-24 08:54:06,3.289,3.289,3.284,3.336,3.337,22.0,24.6,24.4,3.29,22.1,22.1,3.34,3.29,3.339,3.287,3.34,3.288,3.288,3.339,3.296,3.336,32.5,20.629165649414062,86.78,0.7799999713897705
2025-04-24 08:54:07,3.289,3.289,3.333,3.336,3.337,22.0,24.6,24.4,3.29,22.1,22.1,3.34,3.331,3.339,3.287,3.34,3.33,3.288,3.339,3.296,3.336,32.5,12.388968467712402,86.78,0.7799999713897705
2025-04-24 08:54:10,3.289,3.289,3.333,3.336,3.337,22.0,24.6,24.4,3.29,22.1,22.1,3.34,3.331,3.339,3.287,3.34,3.33,3.288,3.339,3.296,3.336,32.5,7.467616081237793,86.78,0.7799999713897705
2025-04-24 08:54:12,3.289,3.289,3.333,3.336,3.337,22.0,24.6,24.4,3.29,22.1,22.1,3.34,3.331,3.339,3.287,3.34,3.33,3.288,3.339,3.296,3.336,32.5,4.450860500335693,86.78,0.7799999713897705
2025-04-24 08:54:16,3.289,3.289,3.333,3.336,3.337,22.0,24.6,24.4,3.29,22.1,22.1,3.34,3.331,3.339,3.287,3.34,3.33,3.288,3.339,3.296,3.336,32.5,2.5451602935791016,86.78,0.7799999713897705
2025-04-24 08:54:19,3.289,3.289,3.333,3.336,3.337,22.0,24.6,24.4,3.29,22.1,22.1,3.34,3.331,3.339,3.287,3.34,3.33,3.288,3.339,3.296,3.336,32.5,1.4191986322402954,86.78,0.7799999713897705
2025-04-24 08:54:34,3.289,3.289,3.333,3.336,3.337,22.0,24.6,24.4,3.29,22.1,22.1,3.34,3.331,3.339,3.287,3.34,3.33,3.288,3.339,3.296,3.336,32.5,32.095970153808594,86.78,0.7799999713897705
2025-04-24 08:54:35,3.365,3.36,3.333,3.336,3.337,22.0,24.6,24.4,3.366,22.1,22.1,3.34,3.331,3.339,3.364,3.34,3.33,3.363,3.339,3.369,3.336,32.5,32.095970153808594,86.78,0.7799999713897705
2025-04-24 08:54:37,3.365,3.36,3.333,3.336,3.337,22.0,24.6,24.4,3.366,22.1,22.1,3.34,3.331,3.339,3.364,3.34,3.33,3.363,3.339,3.369,3.336,32.5,30.8682861328125,86.78,0.7799999713897705
2025-04-24 08:54:42,3.365,3.36,3.333,3.336,3.337,22.0,24.6,24.4,3.366,22.1,22.1,3.34,3.383,3.339,3.364,3.34,3.38,3.363,3.339,3.369,3.336,32.5,30.8682861328125,86.78,0.7799999713897705
2025-04-24 08:54:45,3.365,3.36,3.333,3.387,3.337,22.0,24.6,24.4,3.366,22.1,22.1,3.34,3.383,3.339,3.364,3.34,3.38,3.363,3.339,3.369,3.336,32.5,30.8682861328125,86.78,0.7799999713897705
2025-04-24 08:54:46,3.365,3.36,3.333,3.387,3.387,22.0,24.6,24.4,3.366,22.1,22.1,3.34,3.383,3.339,3.364,3.34,3.38,3.363,3.339,3.369,3.336,32.5,30.8682861328125,86.78,0.7799999713897705
2025-04-24 08:54:47,3.365,3.36,3.333,3.387,3.387,22.0,24.6,24.4,3.366,22.1,22.1,3.34,3.383,3.389,3.364,3.391,3.38,3.363,3.389,3.369,3.386,32.5,30.8682861328125,86.78,0.7799999713897705
2025-04-24 08:54:48,3.365,3.36,3.333,3.387,3.387,22.0,24.6,24.4,3.366,22.1,22.1,3.391,3.383,3.389,3.364,3.391,3.38,3.363,3.389,3.369,3.386,32.5,30.8682861328125,86.78,0.7799999713897705
2025-04-24 08:54:49,3.365,3.36,3.384,3.387,3.387,22.0,24.6,24.4,3.366,22.1,22.1,3.391,3.383,3.389,3.364,3.391,3.38,3.363,3.389,3.369,3.386,32.5,30.8682861328125,86.78,0.7799999713897705
2025-04-24 08:55:04,3.365,3.36,3.384,3.387,3.387,22.0,24.6,24.4,3.366,22.1,22.1,3.391,3.383,3.389,3.364,3.391,3.38,3.363,3.389,3.369,3.386,32.5,-0.20035420358181,86.78,0.7799999713897705
2025-04-24 08:55:11,3.365,3.36,3.384,3.387,3.387,22.0,24.6,24.4,3.366,22.1,23.1,3.391,3.383,3.389,3.364,3.341,3.38,3.363,3.389,3.369,3.386,32.5,-0.20035420358181,86.78,0.7799999713897705
2025-04-24 08:55:13,3.365,3.36,3.334,3.337,3.387,22.0,24.6,24.4,3.366,22.1,23.1,3.341,3.383,3.389,3.364,3.341,3.38,3.363,3.339,3.369,3.336,32.5,-0.20035420358181,86.78,0.7799999713897705
2025-04-24 08:55:14,3.365,3.36,3.334,3.337,3.337,22.0,24.6,24.4,3.366,22.1,23.1,3.341,3.383,3.339,3.364,3.341,3.38,3.363,3.339,3.369,3.336,32.5,-0.20035420358181,86.78,0.7799999713897705
2025-04-24 08:55:27,3.365,3.36,3.334,3.337,3.337,22.0,24.6,24.4,3.366,22.1,23.1,3.341,3.333,3.339,3.364,3.341,3.38,3.363,3.339,3.369,3.336,32.5,-0.20035420358181,86.78,0.7799999713897705
2025-04-24 08:55:31,3.365,3.36,3.334,3.337,3.337,22.0,24.6,24.4,3.366,22.1,23.1,3.341,3.333,3.339,3.364,3.341,3.33,3.363,3.339,3.369,3.336,32.5,-0.20035420358181,86.78,0.7799999713897705
2025-04-24 08:55:34,3.365,3.36,3.334,3.337,3.337,22.0,24.6,24.4,3.366,22.1,23.1,3.341,3.333,3.339,3.364,3.341,3.33,3.363,3.339,3.369,3.336,32.5,-58.97568893432617,86.78,0.7799999713897705
2025-04-24 08:55:35,3.241,3.241,3.23,3.232,3.236,22.0,24.6,24.4,3.239,22.1,23.1,3.24,3.24,3.236,3.233,3.233,3.238,3.238,3.235,3.234,3.234,32.5,-60.007659912109375,86.78,0.7799999713897705
2025-04-24 08:55:37,3.241,3.241,3.23,3.232,3.236,22.0,24.6,24.4,3.239,22.1,23.1,3.24,3.24,3.236,3.233,3.233,3.238,3.238,3.235,3.234,3.234,32.5,-51.22059631347656,86.78,0.7799999713897705
2025-04-24 08:55:38,3.241,3.241,3.23,3.232,3.236,22.0,24.6,24.4,3.239,22.1,23.1,3.24,3.24,3.236,3.233,3.233,3.238,3.238,3.235,3.234,3.234,32.5,-41.64044952392578,86.78,0.7799999713897705
2025-04-24 08:55:51,3.241,3.241,3.23,3.232,3.236,22.0,24.6,24.4,3.239,23.1,23.1,3.24,3.24,3.236,3.233,3.233,3.238,3.238,3.235,3.234,3.234,32.5,-41.64044952392578,86.78,0.7799999713897705
2025-04-24 08:56:04,3.241,3.241,3.23,3.232,3.236,22.0,24.6,24.4,3.239,23.1,23.1,3.24,3.24,3.236,3.233,3.233,3.238,3.238,3.235,3.234,3.234,32.5,20.637109756469727,86.78,0.7799999713897705
2025-04-24 08:56:06,3.317,3.241,3.23,3.317,3.319,22.0,24.6,24.4,3.318,23.1,23.1,3.321,3.24,3.236,3.315,3.32,3.238,3.238,3.319,3.318,3.316,32.5,20.637109756469727,86.78,0.7799999713897705
2025-04-24 08:56:07,3.317,3.241,3.306,3.317,3.319,22.0,24.6,24.4,3.318,23.1,23.1,3.321,3.313,3.312,3.315,3.32,3.238,3.309,3.319,3.318,3.316,32.5,11.974241256713867,86.78,0.7799999713897705
2025-04-24 08:56:10,3.317,3.241,3.306,3.317,3.319,22.0,24.6,24.4,3.318,23.1,23.1,3.321,3.313,3.312,3.315,3.32,3.238,3.309,3.319,3.318,3.316,32.5,6.738075256347656,86.78,0.7799999713897705
2025-04-24 08:56:13,3.317,3.241,3.306,3.317,3.319,22.0,24.6,24.4,3.318,23.1,23.1,3.321,3.313,3.312,3.315,3.32,3.238,3.309,3.319,3.318,3.316,32.5,3.57039475440979,86.78,0.7799999713897705
2025-04-24 08:56:15,3.317,3.241,3.306,3.317,3.319,22.0,24.6,25.4,3.318,23.1,23.1,3.321,3.313,3.312,3.315,3.32,3.238,3.309,3.319,3.318,3.316,32.5,3.57039475440979,86.78,0.7799999713897705
2025-04-24 08:56:16,3.317,3.241,3.306,3.317,3.319,22.0,24.6,25.4,3.318,23.1,23.1,3.321,3.313,3.312,3.315,3.32,3.238,3.309,3.319,3.318,3.316,32.5,1.576606512069702,86.78,0.7799999713897705
2025-04-24 08:56:19,3.317,3.241,3.306,3.317,3.319,22.0,24.6,25.4,3.318,23.1,23.1,3.321,3.313,3.312,3.315,3.32,3.238,3.309,3.319,3.318,3.316,32.5,0.5007810592651367,86.78,0.7799999713897705
2025-04-24 08:56:34,3.317,3.241,3.306,3.317,3.319,22.0,24.6,25.4,3.318,23.1,23.1,3.321,3.313,3.312,3.315,3.32,3.238,3.309,3.319,3.318,3.316,32.5,31.06845092773437,86.78,0.7799999713897705
2025-04-24 08:56:35,3.317,3.354,3.306,3.317,3.319,22.0,24.6,25.4,3.318,23.1,23.1,3.321,3.313,3.312,3.315,3.32,3.359,3.309,3.319,3.318,3.316,32.5,31.06845092773437,86.78,0.7799999713897705
2025-04-24 08:56:36,3.317,3.354,3.358,3.317,3.319,22.0,24.6,25.4,3.318,23.1,23.1,3.321,3.364,3.365,3.315,3.32,3.359,3.361,3.319,3.318,3.316,32.5,31.06845092773437,86.78,0.7799999713897705
2025-04-24 08:56:37,3.317,3.354,3.358,3.368,3.319,22.0,24.6,25.4,3.318,23.1,23.1,3.321,3.364,3.365,3.315,3.32,3.359,3.361,3.319,3.368,3.366,32.5,31.06845092773437,86.78,0.7799999713897705
2025-04-24 08:56:38,3.367,3.354,3.358,3.368,3.369,22.0,24.6,25.4,3.368,23.1,23.1,3.372,3.364,3.365,3.365,3.372,3.359,3.361,3.371,3.368,3.366,32.5,31.06845092773437,86.78,0.7799999713897705
2025-04-24 08:57:04,3.367,3.354,3.358,3.368,3.369,22.0,24.6,25.4,3.368,23.1,23.1,3.372,3.364,3.365,3.365,3.372,3.359,3.361,3.371,3.368,3.366,32.5,-0.1925339251756668,86.78,0.7799999713897705
2025-04-24 08:57:34,3.367,3.354,3.358,3.368,3.369,22.0,24.6,25.4,3.368,23.1,23.1,3.372,3.364,3.365,3.365,3.372,3.359,3.361,3.371,3.368,3.366,32.5,-31.006149291992188,86.78,0.7799999713897705
2025-04-24 08:57:35,3.285,3.284,3.278,3.279,3.286,22.0,24.6,25.4,3.285,23.1,23.1,3.286,3.285,3.283,3.281,3.282,3.283,3.283,3.282,3.281,3.28,32.5,-31.006149291992188,86.78,0.7799999713897705
2025-04-24 08:57:36,3.285,3.284,3.278,3.279,3.286,22.0,24.6,25.4,3.285,23.1,23.1,3.286,3.285,3.283,3.281,3.282,3.283,3.283,3.282,3.281,3.28,32.5,-29.971315383911133,86.78,0.7799999713897705
2025-04-24 08:57:37,3.285,3.284,3.278,3.279,3.286,22.0,24.6,25.4,3.285,23.1,23.1,3.286,3.285,3.283,3.281,3.282,3.283,3.283,3.282,3.281,3.28,32.5,-20.018510818481445,86.78,0.7799999713897705
2025-04-24 08:57:38,3.285,3.284,3.278,3.279,3.286,22.0,24.6,25.4,3.285,23.1,23.1,3.286,3.285,3.283,3.281,3.282,3.283,3.283,3.282,3.281,3.28,32.5,-17.32427215576172,86.78,0.7799999713897705
2025-04-24 08:57:40,3.285,3.284,3.278,3.279,3.286,22.0,24.6,25.4,3.285,23.1,23.1,3.286,3.285,3.283,3.281,3.282,3.283,3.283,3.282,3.281,3.28,32.5,-10.351186752319336,86.78,0.7799999713897705
2025-04-24 09:01:32,3.285,3.284,3.278,3.279,3.286,22.0,24.6,25.4,3.285,23.1,23.1,3.286,3.285,3.283,3.281,3.282,3.283,3.283,3.282,3.281,3.28,32.5,-10.351186752319336,85.78,0.7799999713897705
2025-04-24 09:04:19,3.285,3.284,3.278,3.279,3.286,22.0,24.6,25.4,3.285,23.1,23.1,3.286,3.285,3.283,3.281,3.282,3.283,3.283,3.282,3.281,3.28,33.5,-10.351186752319336,85.78,0.7799999713897705
2025-04-24 09:04:33,3.285,3.284,3.278,3.279,3.286,22.0,24.6,25.4,3.285,23.1,23.1,3.286,3.285,3.283,3.281,3.282,3.283,3.283,3.282,3.281,3.28,33.5,-10.351186752319336,84.78,0.7799999713897705
2025-04-24 09:07:19,3.285,3.284,3.278,3.279,3.286,23.0,24.6,25.4,3.285,23.1,23.1,3.286,3.285,3.283,3.281,3.282,3.283,3.283,3.282,3.281,3.28,33.5,-10.351186752319336,84.78,0.7799999713897705
2025-04-24 09:08:04,3.285,3.284,3.278,3.279,3.286,23.0,24.6,25.4,3.285,23.1,23.1,3.286,3.285,3.283,3.281,3.282,3.283,3.283,3.282,3.281,3.28,33.5,-10.351186752319336,83.78,0.7799999713897705
2025-04-24 09:09:35,3.285,3.284,3.278,3.279,3.286,23.0,25.6,25.4,3.285,23.1,23.1,3.286,3.285,3.283,3.281,3.282,3.283,3.283,3.282,3.281,3.28,33.5,-10.351186752319336,83.78,0.7799999713897705
2025-04-24 09:10:04,3.285,3.284,3.278,3.279,3.286,23.0,25.6,25.4,3.285,23.1,23.1,3.286,3.285,3.283,3.281,3.282,3.283,3.283,3.282,3.281,3.28,33.5,20.62768173217773,83.78,0.7799999713897705
2025-04-24 09:10:05,3.285,3.284,3.278,3.331,3.286,23.0,25.6,25.4,3.285,23.1,23.1,3.286,3.285,3.334,3.281,3.334,3.283,3.283,3.334,3.333,3.33,33.5,20.62768173217773,83.78,0.7799999713897705
2025-04-24 09:10:06,3.335,3.284,3.331,3.331,3.336,23.0,25.6,25.4,3.335,23.1,23.1,3.339,3.338,3.334,3.333,3.334,3.336,3.333,3.334,3.333,3.33,33.5,20.62768173217773,83.78,0.7799999713897705
2025-04-24 09:10:07,3.335,3.325,3.331,3.331,3.336,23.0,25.6,25.4,3.335,23.1,23.1,3.339,3.338,3.334,3.333,3.334,3.336,3.333,3.334,3.333,3.33,33.5,11.95913028717041,83.78,0.7799999713897705
2025-04-24 09:10:10,3.335,3.325,3.331,3.331,3.336,23.0,25.6,25.4,3.335,23.1,23.1,3.339,3.338,3.334,3.333,3.334,3.336,3.333,3.334,3.333,3.33,33.5,6.7070488929748535,83.78,0.7799999713897705
2025-04-24 09:10:12,3.335,3.325,3.331,3.331,3.336,23.0,25.6,25.4,3.335,23.1,23.1,3.339,3.338,3.334,3.333,3.334,3.336,3.333,3.334,3.333,3.33,33.5,3.585561513900757,83.78,0.7799999713897705
2025-04-24 09:10:16,3.335,3.325,3.331,3.331,3.336,23.0,25.6,25.4,3.335,23.1,23.1,3.339,3.338,3.334,3.333,3.334,3.336,3.333,3.334,3.333,3.33,33.5,1.627434253692627,83.78,0.7799999713897705
2025-04-24 09:10:19,3.335,3.325,3.331,3.331,3.336,23.0,25.6,25.4,3.335,23.1,23.1,3.339,3.338,3.334,3.333,3.334,3.336,3.333,3.334,3.333,3.33,33.5,0.4958040118217468,83.78,0.7799999713897705
2025-04-24 09:10:34,3.335,3.325,3.331,3.331,3.336,23.0,25.6,25.4,3.335,23.1,23.1,3.339,3.338,3.334,3.333,3.334,3.336,3.333,3.334,3.333,3.33,33.5,31.06703186035156,83.78,0.7799999713897705
2025-04-24 09:10:41,3.335,3.325,3.331,3.381,3.336,23.0,25.6,25.4,3.335,23.1,23.1,3.339,3.338,3.334,3.333,3.334,3.336,3.333,3.334,3.333,3.33,33.5,31.06703186035156,83.78,0.7799999713897705
2025-04-24 09:10:42,3.335,3.325,3.331,3.381,3.336,23.0,25.6,25.4,3.335,23.1,23.1,3.339,3.338,3.334,3.333,3.334,3.336,3.333,3.334,3.383,3.38,33.5,31.06703186035156,83.78,0.7799999713897705
2025-04-24 09:10:43,3.335,3.377,3.331,3.381,3.336,23.0,25.6,25.4,3.335,23.1,23.1,3.339,3.338,3.334,3.333,3.385,3.336,3.333,3.334,3.383,3.38,33.5,31.06703186035156,83.78,0.7799999713897705
2025-04-24 09:10:44,3.335,3.377,3.331,3.381,3.336,23.0,25.6,25.4,3.335,23.1,23.1,3.339,3.338,3.385,3.333,3.385,3.336,3.333,3.385,3.383,3.38,33.5,31.06703186035156,83.78,0.7799999713897705
2025-04-24 09:10:45,3.335,3.377,3.331,3.381,3.386,23.0,25.6,25.4,3.335,23.1,23.1,3.339,3.338,3.385,3.333,3.385,3.336,3.333,3.385,3.383,3.38,33.5,31.06703186035156,83.78,0.7799999713897705
2025-04-24 09:10:47,3.385,3.377,3.331,3.381,3.386,23.0,25.6,25.4,3.385,23.1,23.1,3.389,3.338,3.385,3.384,3.385,3.386,3.384,3.385,3.383,3.38,33.5,31.06703186035156,83.78,0.7799999713897705
2025-04-24 09:10:48,3.385,3.377,3.382,3.381,3.386,23.0,25.6,25.4,3.385,23.1,23.1,3.389,3.388,3.385,3.384,3.385,3.386,3.384,3.385,3.383,3.38,33.5,31.06703186035156,83.78,0.7799999713897705
2025-04-24 09:11:04,3.385,3.377,3.382,3.381,3.386,23.0,25.6,25.4,3.385,23.1,23.1,3.389,3.388,3.385,3.384,3.385,3.386,3.384,3.385,3.383,3.38,33.5,-0.1871895045042038,83.78,0.7799999713897705
2025-04-24 09:11:16,3.385,3.377,3.332,3.381,3.386,23.0,25.6,25.4,3.385,23.1,23.1,3.339,3.338,3.385,3.334,3.385,3.336,3.384,3.385,3.383,3.38,33.5,-0.1871895045042038,83.78,0.7799999713897705
2025-04-24 09:11:17,3.385,3.377,3.332,3.381,3.336,23.0,25.6,25.4,3.385,23.1,23.1,3.339,3.338,3.385,3.334,3.385,3.336,3.334,3.385,3.383,3.38,33.5,-0.1871895045042038,83.78,0.7799999713897705
2025-04-24 09:11:19,3.335,3.377,3.332,3.381,3.336,23.0,25.6,25.4,3.335,23.1,23.1,3.339,3.338,3.385,3.334,3.335,3.336,3.334,3.385,3.383,3.38,33.5,-0.1871895045042038,83.78,0.7799999713897705
2025-04-24 09:11:21,3.335,3.377,3.332,3.381,3.336,23.0,25.6,25.4,3.335,23.1,23.1,3.339,3.338,3.335,3.334,3.335,3.336,3.334,3.335,3.383,3.38,33.5,-0.1871895045042038,83.78,0.7799999713897705
2025-04-24 09:11:25,3.335,3.377,3.332,3.331,3.336,23.0,25.6,25.4,3.335,23.1,23.1,3.339,3.338,3.335,3.334,3.335,3.336,3.334,3.335,3.333,3.33,33.5,-0.1871895045042038,83.78,0.7799999713897705
2025-04-24 09:11:34,3.335,3.377,3.332,3.331,3.336,23.0,25.6,25.4,3.335,23.1,23.1,3.339,3.338,3.335,3.334,3.335,3.336,3.334,3.335,3.333,3.33,33.5,-59.82252883911133,83.78,0.7799999713897705
2025-04-24 09:11:35,3.244,3.244,3.237,3.235,3.24,23.0,25.6,25.4,3.245,23.1,23.1,3.246,3.244,3.24,3.238,3.239,3.241,3.243,3.239,3.241,3.235,33.5,-59.82252883911133,83.78,0.7799999713897705
2025-04-24 09:11:36,3.244,3.244,3.237,3.235,3.24,23.0,25.6,25.4,3.245,23.1,23.1,3.246,3.244,3.24,3.238,3.239,3.241,3.243,3.239,3.241,3.235,33.5,-57.95743560791016,83.78,0.7799999713897705
2025-04-24 09:11:37,3.244,3.244,3.237,3.235,3.24,23.0,25.6,25.4,3.245,23.1,23.1,3.246,3.244,3.24,3.238,3.239,3.241,3.243,3.239,3.241,3.235,33.5,-49.59317398071289,83.78,0.7799999713897705
2025-04-24 09:11:38,3.244,3.244,3.237,3.235,3.24,23.0,25.6,25.4,3.245,23.1,23.1,3.246,3.244,3.24,3.238,3.239,3.241,3.243,3.239,3.241,3.235,33.5,-41.22325897216797,83.78,0.7799999713897705
2025-04-24 09:12:04,3.244,3.244,3.237,3.235,3.24,23.0,25.6,25.4,3.245,23.1,23.1,3.246,3.244,3.24,3.238,3.239,3.241,3.243,3.239,3.241,3.235,33.5,20.6505069732666,83.78,0.7799999713897705
2025-04-24 09:12:06,3.244,3.244,3.237,3.235,3.24,23.0,25.6,25.4,3.318,23.1,23.1,3.319,3.244,3.24,3.313,3.239,3.241,3.243,3.239,3.241,3.314,33.5,20.6505069732666,83.78,0.7799999713897705
2025-04-24 09:12:07,3.244,3.244,3.237,3.235,3.24,23.0,25.6,25.4,3.318,23.1,23.1,3.319,3.244,3.24,3.313,3.239,3.241,3.317,3.239,3.241,3.314,33.5,11.974220275878906,83.78,0.7799999713897705
2025-04-24 09:12:10,3.244,3.244,3.237,3.235,3.24,23.0,25.6,25.4,3.318,23.1,23.1,3.319,3.244,3.24,3.313,3.239,3.241,3.317,3.239,3.241,3.314,33.5,6.739858150482178,83.78,0.7799999713897705
2025-04-24 09:12:13,3.244,3.244,3.237,3.235,3.24,23.0,25.6,25.4,3.318,23.1,23.1,3.319,3.244,3.24,3.313,3.239,3.241,3.317,3.239,3.241,3.314,33.5,3.60017991065979,83.78,0.7799999713897705
2025-04-24 09:12:16,3.244,3.244,3.237,3.235,3.24,23.0,25.6,25.4,3.318,23.1,23.1,3.319,3.244,3.24,3.313,3.239,3.241,3.317,3.239,3.241,3.314,33.5,1.5906676054000854,83.78,0.7799999713897705
2025-04-24 09:12:19,3.244,3.244,3.237,3.235,3.24,23.0,25.6,25.4,3.318,23.1,23.1,3.319,3.244,3.24,3.313,3.239,3.241,3.317,3.239,3.241,3.314,33.5,0.5022842288017273,83.78,0.7799999713897705
2025-04-24 09:12:34,3.244,3.244,3.237,3.235,3.24,23.0,25.6,25.4,3.318,23.1,23.1,3.319,3.244,3.24,3.313,3.239,3.241,3.317,3.239,3.241,3.314,33.5,31.08446884155273,83.78,0.7799999713897705
2025-04-24 09:12:35,3.355,3.351,3.353,3.359,3.359,23.0,25.6,25.4,3.318,23.1,23.1,3.319,3.356,3.358,3.313,3.359,3.357,3.317,3.36,3.359,3.314,33.5,31.08446884155273,83.78,0.7799999713897705
2025-04-24 09:12:37,3.355,3.351,3.353,3.359,3.359,23.0,25.6,25.4,3.318,23.1,23.1,3.319,3.356,3.358,3.363,3.359,3.357,3.317,3.36,3.359,3.366,33.5,31.08446884155273,83.78,0.7799999713897705
2025-04-24 09:12:38,3.355,3.351,3.353,3.359,3.359,23.0,25.6,25.4,3.369,23.1,23.1,3.372,3.356,3.358,3.363,3.359,3.357,3.317,3.36,3.359,3.366,33.5,31.08446884155273,83.78,0.7799999713897705
2025-04-24 09:12:39,3.355,3.351,3.353,3.359,3.359,23.0,25.6,25.4,3.369,23.1,23.1,3.372,3.356,3.358,3.363,3.359,3.357,3.368,3.36,3.359,3.366,33.5,31.08446884155273,83.78,0.7799999713897705
2025-04-24 09:12:55,3.355,3.351,3.353,3.359,3.359,23.0,25.6,25.4,3.369,23.1,23.1,3.372,3.356,3.358,3.363,3.359,3.357,3.368,3.36,3.359,3.366,33.5,31.08446884155273,83.78,0.8923225402832031
2025-04-24 09:13:04,3.355,3.351,3.353,3.359,3.359,23.0,25.6,25.4,3.369,23.1,23.1,3.372,3.356,3.358,3.363,3.359,3.357,3.368,3.36,3.359,3.366,33.5,-0.1855474710464477,83.78,0.8923225402832031
2025-04-24 09:13:34,3.355,3.351,3.29,3.359,3.305,23.0,25.6,25.4,3.369,23.1,23.1,3.372,3.356,3.358,3.363,3.359,3.293,3.368,3.36,3.359,3.366,33.5,-30.99747657775879,83.78,0.8923225402832031
2025-04-24 09:13:35,3.287,3.286,3.29,3.281,3.305,23.0,25.6,25.4,3.287,23.1,23.1,3.288,3.287,3.285,3.282,3.284,3.293,3.283,3.284,3.284,3.281,33.5,-30.99747657775879,83.78,0.8923225402832031
2025-04-24 09:13:37,3.287,3.286,3.29,3.281,3.305,23.0,25.6,25.4,3.287,23.1,23.1,3.288,3.287,3.285,3.282,3.284,3.293,3.283,3.284,3.284,3.281,33.5,-21.412580490112305,83.78,0.8923225402832031
2025-04-24 09:13:38,3.287,3.286,3.29,3.281,3.305,23.0,25.6,25.4,3.287,23.1,23.1,3.288,3.287,3.285,3.282,3.284,3.293,3.283,3.284,3.284,3.281,33.5,-17.32088851928711,83.78,0.8923225402832031
2025-04-24 09:13:40,3.287,3.286,3.29,3.281,3.305,23.0,25.6,25.4,3.287,23.1,23.1,3.288,3.287,3.285,3.282,3.284,3.293,3.283,3.284,3.284,3.281,33.5,-10.359803199768066,83.78,0.8923225402832031
2025-04-24 09:15:55,3.287,3.286,3.29,3.281,3.305,23.0,25.6,25.4,3.287,23.1,23.1,3.288,3.287,3.285,3.282,3.284,3.293,3.283,3.284,3.284,3.281,33.5,-10.359803199768066,82.78,0.8923225402832031
2025-04-24 09:19:00,3.287,3.286,3.29,3.281,3.305,23.0,25.6,25.4,3.287,23.1,23.1,3.288,3.287,3.285,3.282,3.284,3.293,3.283,3.284,3.284,3.281,33.5,-10.359803199768066,81.78,0.8923225402832031
2025-04-24 09:22:39,3.287,3.286,3.29,3.281,3.305,23.0,25.6,25.4,3.287,23.1,23.1,3.288,3.287,3.285,3.282,3.284,3.293,3.283,3.284,3.284,3.281,33.5,-10.359803199768066,80.77,0.8923225402832031
2025-04-24 09:25:41,3.287,3.286,3.29,3.281,3.305,23.0,25.6,25.4,3.287,23.1,23.1,3.288,3.287,3.285,3.282,3.284,3.293,3.283,3.284,3.284,3.281,33.5,-10.359803199768066,79.77,0.8923225402832031
2025-04-24 09:26:04,3.287,3.286,3.29,3.281,3.305,23.0,25.6,25.4,3.287,23.1,23.1,3.288,3.287,3.285,3.282,3.284,3.293,3.283,3.284,3.284,3.281,33.5,20.5942497253418,79.77,0.8923225402832031
2025-04-24 09:26:05,3.287,3.286,3.29,3.331,3.305,23.0,25.6,25.4,3.287,23.1,23.1,3.288,3.287,3.285,3.282,3.284,3.293,3.283,3.284,3.284,3.281,33.5,20.5942497253418,79.77,0.8923225402832031
2025-04-24 09:26:06,3.287,3.286,3.29,3.331,3.305,23.0,25.6,25.4,3.337,23.1,23.1,3.338,3.337,3.337,3.333,3.337,3.293,3.333,3.336,3.336,3.334,33.5,20.5942497253418,79.77,0.8923225402832031
2025-04-24 09:26:07,3.287,3.286,3.29,3.331,3.305,23.0,25.6,25.4,3.337,23.1,23.1,3.338,3.337,3.337,3.333,3.337,3.293,3.333,3.336,3.336,3.334,33.5,11.957063674926758,79.77,0.8923225402832031
2025-04-24 09:26:10,3.287,3.286,3.29,3.331,3.305,23.0,25.6,25.4,3.337,23.1,23.1,3.338,3.337,3.337,3.333,3.337,3.293,3.333,3.336,3.336,3.334,33.5,6.7255144119262695,79.77,0.8923225402832031
2025-04-24 09:26:12,3.287,3.286,3.29,3.331,3.305,23.0,25.6,25.4,3.337,23.1,23.1,3.338,3.337,3.337,3.333,3.337,3.293,3.333,3.336,3.336,3.334,33.5,3.5856480598449707,79.77,0.8923225402832031
2025-04-24 09:26:16,3.287,3.286,3.29,3.331,3.305,23.0,25.6,25.4,3.337,23.1,23.1,3.338,3.337,3.337,3.333,3.337,3.293,3.333,3.336,3.336,3.334,33.5,1.6277217864990234,79.77,0.8923225402832031
2025-04-24 09:26:19,3.287,3.286,3.29,3.331,3.305,23.0,25.6,25.4,3.337,23.1,23.1,3.338,3.337,3.337,3.333,3.337,3.293,3.333,3.336,3.336,3.334,33.5,0.4885371923446655,79.77,0.8923225402832031
2025-04-24 09:26:34,3.287,3.286,3.29,3.331,3.305,23.0,25.6,25.4,3.337,23.1,23.1,3.338,3.337,3.337,3.333,3.337,3.354,3.333,3.336,3.336,3.334,33.5,31.05923080444336,79.77,0.8923225402832031
2025-04-24 09:26:35,3.36,3.356,3.357,3.331,3.362,23.0,25.6,25.4,3.337,23.1,23.1,3.338,3.337,3.337,3.333,3.337,3.354,3.333,3.336,3.336,3.334,33.5,31.05923080444336,79.77,0.8923225402832031
2025-04-24 09:26:42,3.36,3.356,3.357,3.382,3.362,23.0,25.6,25.4,3.337,23.1,23.1,3.338,3.337,3.337,3.333,3.337,3.354,3.333,3.336,3.336,3.334,33.5,31.05923080444336,79.77,0.8923225402832031
2025-04-24 09:26:45,3.36,3.356,3.357,3.382,3.362,23.0,25.6,25.4,3.337,23.1,23.1,3.338,3.337,3.337,3.333,3.387,3.354,3.333,3.336,3.386,3.334,33.5,31.05923080444336,79.77,0.8923225402832031
2025-04-24 09:26:46,3.36,3.356,3.357,3.382,3.362,23.0,25.6,25.4,3.337,23.1,23.1,3.338,3.337,3.337,3.333,3.387,3.354,3.333,3.386,3.386,3.334,33.5,31.05923080444336,79.77,0.8923225402832031
2025-04-24 09:26:47,3.36,3.356,3.357,3.382,3.362,23.0,25.6,25.4,3.337,23.1,23.1,3.388,3.337,3.388,3.333,3.387,3.354,3.383,3.386,3.386,3.384,33.5,31.05923080444336,79.77,0.8923225402832031
2025-04-24 09:26:48,3.36,3.356,3.357,3.382,3.362,23.0,25.6,25.4,3.337,23.1,23.1,3.388,3.387,3.388,3.383,3.387,3.354,3.383,3.386,3.386,3.384,33.5,31.05923080444336,79.77,0.8923225402832031
2025-04-24 09:26:49,3.36,3.356,3.357,3.382,3.362,23.0,25.6,25.4,3.387,23.1,23.1,3.388,3.387,3.388,3.383,3.387,3.354,3.383,3.386,3.386,3.384,33.5,31.05923080444336,79.77,0.8923225402832031
2025-04-24 09:27:04,3.36,3.356,3.357,3.382,3.362,23.0,25.6,25.4,3.387,23.1,23.1,3.388,3.387,3.388,3.383,3.387,3.354,3.383,3.386,3.386,3.384,33.5,-0.1924612075090408,79.77,0.8923225402832031
2025-04-24 09:27:15,3.36,3.356,3.357,3.382,3.362,23.0,25.6,25.4,3.338,23.1,23.1,3.388,3.387,3.388,3.383,3.387,3.354,3.383,3.386,3.386,3.384,33.5,-0.1924612075090408,79.77,0.8923225402832031
2025-04-24 09:27:16,3.36,3.356,3.357,3.382,3.362,23.0,25.6,25.4,3.338,23.1,23.1,3.388,3.387,3.338,3.383,3.337,3.354,3.383,3.386,3.386,3.384,33.5,-0.1924612075090408,79.77,0.8923225402832031
2025-04-24 09:27:17,3.36,3.356,3.357,3.382,3.362,23.0,25.6,25.4,3.338,23.1,23.1,3.388,3.387,3.338,3.383,3.337,3.354,3.383,3.386,3.386,3.334,33.5,-0.1924612075090408,79.77,0.8923225402832031
2025-04-24 09:27:18,3.36,3.356,3.357,3.382,3.362,23.0,25.6,25.4,3.338,23.1,23.1,3.388,3.337,3.338,3.333,3.337,3.354,3.383,3.336,3.336,3.334,33.5,-0.1924612075090408,79.77,0.8923225402832031
2025-04-24 09:27:19,3.36,3.356,3.357,3.382,3.362,23.0,25.6,25.4,3.338,23.1,23.1,3.338,3.337,3.338,3.333,3.337,3.354,3.383,3.336,3.336,3.334,33.5,-0.1924612075090408,79.77,0.8923225402832031
2025-04-24 09:27:21,3.36,3.356,3.357,3.382,3.362,23.0,25.6,25.4,3.338,23.1,23.1,3.338,3.337,3.338,3.333,3.337,3.354,3.333,3.336,3.336,3.334,33.5,-0.1924612075090408,79.77,0.8923225402832031
2025-04-24 09:27:23,3.36,3.356,3.357,3.332,3.362,23.0,25.6,25.4,3.338,23.1,23.1,3.338,3.337,3.338,3.333,3.337,3.354,3.333,3.336,3.336,3.334,33.5,-0.1924612075090408,79.77,0.8923225402832031
2025-04-24 09:27:34,3.253,3.265,3.244,3.332,3.362,23.0,25.6,25.4,3.254,23.1,23.1,3.252,3.257,3.251,3.247,3.251,3.252,3.333,3.336,3.336,3.245,33.5,-59.89128112792969,79.77,0.8923225402832031
2025-04-24 09:27:35,3.253,3.265,3.244,3.233,3.238,23.0,25.6,25.4,3.254,23.1,23.1,3.252,3.257,3.251,3.247,3.251,3.252,3.239,3.235,3.238,3.245,33.5,-59.89128112792969,79.77,0.8923225402832031
2025-04-24 09:27:36,3.253,3.265,3.244,3.233,3.238,23.0,25.6,25.4,3.254,23.1,23.1,3.252,3.257,3.251,3.247,3.251,3.252,3.239,3.235,3.238,3.245,33.5,-57.91939163208008,79.77,0.8923225402832031
2025-04-24 09:27:37,3.253,3.265,3.244,3.233,3.238,23.0,25.6,25.4,3.254,23.1,23.1,3.252,3.257,3.251,3.247,3.251,3.252,3.239,3.235,3.238,3.245,33.5,-49.57278823852539,79.77,0.8923225402832031
2025-04-24 09:27:38,3.253,3.265,3.244,3.233,3.238,23.0,25.6,25.4,3.254,23.1,23.1,3.252,3.257,3.251,3.247,3.251,3.252,3.239,3.235,3.238,3.245,33.5,-41.21620178222656,79.77,0.8923225402832031
2025-04-24 09:28:04,3.253,3.265,3.244,3.233,3.238,23.0,25.6,25.4,3.254,23.1,23.1,3.252,3.257,3.251,3.247,3.251,3.252,3.239,3.235,3.238,3.245,33.5,20.635704040527344,79.77,0.8923225402832031
2025-04-24 09:28:06,3.253,3.265,3.244,3.233,3.316,23.0,25.6,25.4,3.254,23.1,23.1,3.319,3.257,3.251,3.247,3.251,3.252,3.314,3.316,3.238,3.245,33.5,20.635704040527344,79.77,0.8923225402832031
2025-04-24 09:28:07,3.253,3.265,3.244,3.317,3.316,23.0,25.6,25.4,3.254,23.1,23.1,3.319,3.257,3.251,3.247,3.251,3.252,3.314,3.316,3.238,3.245,33.5,11.966049194335938,79.77,0.8923225402832031
2025-04-24 09:28:10,3.253,3.265,3.244,3.317,3.316,23.0,25.6,25.4,3.254,23.1,23.1,3.319,3.257,3.251,3.247,3.251,3.252,3.314,3.316,3.238,3.245,33.5,6.728864192962647,79.77,0.8923225402832031
2025-04-24 09:28:12,3.253,3.265,3.244,3.317,3.316,23.0,25.6,25.4,3.254,23.1,23.1,3.319,3.257,3.251,3.247,3.251,3.252,3.314,3.316,3.238,3.245,33.5,3.592813014984131,79.77,0.8923225402832031
2025-04-24 09:28:16,3.253,3.265,3.244,3.317,3.316,23.0,25.6,25.4,3.254,23.1,23.1,3.319,3.257,3.251,3.247,3.251,3.252,3.314,3.316,3.238,3.245,33.5,1.5683748722076416,79.77,0.8923225402832031
2025-04-24 09:28:19,3.253,3.265,3.244,3.317,3.316,23.0,25.6,25.4,3.254,23.1,23.1,3.319,3.257,3.251,3.247,3.251,3.252,3.314,3.316,3.238,3.245,33.5,0.4934650957584381,79.77,0.8923225402832031
2025-04-24 09:28:34,3.253,3.265,3.345,3.317,3.316,23.0,25.6,25.4,3.351,23.1,23.1,3.319,3.257,3.35,3.349,3.352,3.252,3.314,3.316,3.351,3.245,33.5,31.066688537597656,79.77,0.8923225402832031
2025-04-24 09:28:35,3.357,3.352,3.345,3.317,3.316,23.0,25.6,25.4,3.351,23.1,23.1,3.319,3.356,3.35,3.349,3.352,3.357,3.314,3.316,3.351,3.357,33.5,31.066688537597656,79.77,0.8923225402832031
2025-04-24 09:28:37,3.357,3.352,3.345,3.368,3.368,23.0,25.6,25.4,3.351,23.1,23.1,3.319,3.356,3.35,3.349,3.352,3.357,3.314,3.368,3.351,3.357,33.5,31.066688537597656,79.77,0.8923225402832031
2025-04-24 09:28:38,3.357,3.352,3.345,3.368,3.368,23.0,25.6,25.4,3.351,23.1,23.1,3.371,3.356,3.35,3.349,3.352,3.357,3.365,3.368,3.351,3.357,33.5,31.066688537597656,79.77,0.8923225402832031
2025-04-24 09:29:04,3.357,3.352,3.345,3.368,3.368,23.0,25.6,25.4,3.351,23.1,23.1,3.371,3.356,3.35,3.349,3.352,3.357,3.365,3.368,3.351,3.357,33.5,-0.1885412335395813,79.77,0.8923225402832031
2025-04-24 09:29:34,3.294,3.3,3.345,3.287,3.368,23.0,25.6,25.4,3.293,23.1,23.1,3.295,3.292,3.29,3.29,3.291,3.29,3.292,3.291,3.291,3.288,33.5,-30.99009704589844,79.77,0.8923225402832031
2025-04-24 09:29:35,3.294,3.3,3.279,3.287,3.284,23.0,25.6,25.4,3.293,23.1,23.1,3.295,3.292,3.29,3.29,3.291,3.29,3.292,3.291,3.291,3.288,33.5,-30.99009704589844,79.77,0.8923225402832031
2025-04-24 09:29:36,3.294,3.3,3.279,3.287,3.284,23.0,25.6,25.4,3.293,23.1,23.1,3.295,3.292,3.29,3.29,3.291,3.29,3.292,3.291,3.291,3.288,33.5,-29.71500015258789,79.77,0.8923225402832031
2025-04-24 09:29:37,3.294,3.3,3.279,3.287,3.284,23.0,25.6,25.4,3.293,23.1,23.1,3.295,3.292,3.29,3.29,3.291,3.29,3.292,3.291,3.291,3.288,33.5,-19.870025634765625,79.77,0.8923225402832031
2025-04-24 09:29:38,3.294,3.3,3.279,3.287,3.284,23.0,25.6,25.4,3.293,23.1,23.1,3.295,3.292,3.29,3.29,3.291,3.29,3.292,3.291,3.291,3.288,33.5,-17.333698272705078,79.77,0.8923225402832031
2025-04-24 09:29:40,3.294,3.3,3.279,3.287,3.284,23.0,25.6,25.4,3.293,23.1,23.1,3.295,3.292,3.29,3.29,3.291,3.29,3.292,3.291,3.291,3.288,33.5,-10.352095603942873,79.77,0.8923225402832031
2025-04-24 09:34:04,3.294,3.3,3.279,3.287,3.284,23.0,25.6,25.4,3.293,23.1,23.1,3.295,3.292,3.29,3.29,3.291,3.29,3.292,3.291,3.291,3.288,33.5,-10.352095603942873,78.76,0.8923225402832031
2025-04-24 09:34:31,3.294,3.3,3.279,3.287,3.284,23.0,25.6,26.4,3.293,23.1,23.1,3.295,3.292,3.29,3.29,3.291,3.29,3.292,3.291,3.291,3.288,33.5,-10.352095603942873,78.76,0.8923225402832031
2025-04-24 09:36:09,3.294,3.3,3.279,3.287,3.284,23.0,25.6,26.4,3.293,23.1,23.1,3.295,3.292,3.29,3.29,3.291,3.29,3.292,3.291,3.291,3.288,33.5,-31.13846015930176,78.76,0.8923225402832031
2025-04-24 09:36:13,3.294,3.3,3.279,3.287,3.284,23.0,25.6,26.4,3.293,23.1,23.1,3.295,3.292,3.29,3.29,3.291,3.29,3.292,3.291,3.291,3.288,33.5,-0.2472672909498214,78.76,0.8923225402832031
2025-04-24 09:36:15,3.294,3.3,3.279,3.287,3.284,23.0,25.6,26.4,3.293,23.1,24.1,3.295,3.292,3.29,3.29,3.291,3.29,3.292,3.291,3.291,3.288,33.5,-0.2472672909498214,78.76,0.8923225402832031
2025-04-24 09:36:47,3.294,3.3,3.279,3.287,3.284,23.0,25.6,26.4,3.293,24.1,24.1,3.295,3.292,3.29,3.29,3.291,3.29,3.292,3.291,3.291,3.288,33.5,-0.2472672909498214,78.76,0.8923225402832031
2025-04-24 09:39:18,3.294,3.3,3.279,3.287,3.284,23.0,25.6,26.4,3.293,24.1,24.1,3.295,3.292,3.29,3.29,3.291,3.29,3.292,3.291,3.291,3.288,33.5,-1.5039197206497192,78.76,0.8923225402832031
2025-04-24 09:40:29,3.294,3.3,3.279,3.287,3.284,23.0,25.6,26.4,3.293,24.1,24.1,3.295,3.292,3.29,3.29,3.291,3.29,3.292,3.291,3.291,3.288,33.5,0.0,78.76,0.8923225402832031
2025-04-24 09:40:32,3.294,3.3,3.279,3.287,3.284,23.0,25.6,26.4,3.293,24.1,24.1,3.295,3.292,3.29,3.29,3.291,3.29,3.292,3.291,3.291,3.288,33.5,-0.7183258533477783,78.76,0.8923225402832031
2025-04-24 09:43:23,3.294,3.3,3.279,3.287,3.284,23.0,25.6,26.4,3.293,24.1,24.1,3.295,3.292,3.29,3.29,3.291,3.29,3.292,3.291,3.291,3.288,34.5,-0.7183258533477783,78.76,0.8923225402832031
2025-04-24 09:47:26,3.294,3.3,3.279,3.287,3.284,23.0,25.6,26.4,3.293,24.1,24.1,3.295,3.292,3.29,3.29,3.291,3.29,3.292,3.291,3.291,3.288,34.5,-0.1172515377402305,78.76,0.8923225402832031
2025-04-24 09:47:33,3.294,3.3,3.279,3.287,3.284,23.0,25.6,26.4,3.293,24.1,24.1,3.295,3.292,3.29,3.29,3.291,3.29,3.292,3.291,3.291,3.288,34.5,-0.1172515377402305,77.76,0.8923225402832031
2025-04-24 09:47:35,3.294,3.3,3.279,3.287,3.284,23.0,25.6,26.4,3.293,24.1,24.1,3.295,3.292,3.29,3.29,3.291,3.29,3.292,3.291,3.291,3.288,34.5,3.907527923583984,77.76,0.8923225402832031
2025-04-24 09:47:36,3.294,3.3,3.279,3.287,3.284,23.0,25.6,26.4,3.293,24.1,24.1,3.295,3.292,3.29,3.29,3.291,3.29,3.292,3.291,3.291,3.288,34.5,9.8261079788208,77.76,0.8923225402832031
2025-04-24 09:47:37,3.345,3.3,3.342,3.347,3.347,23.0,25.6,26.4,3.347,24.1,24.1,3.348,3.347,3.347,3.344,3.348,3.346,3.345,3.347,3.347,3.344,34.5,13.780415534973145,77.76,0.8923225402832031
2025-04-24 09:47:40,3.345,3.351,3.342,3.347,3.347,23.0,25.6,26.4,3.347,24.1,24.1,3.348,3.347,3.347,3.344,3.348,3.346,3.345,3.347,3.347,3.344,34.5,16.7840633392334,77.76,0.8923225402832031
2025-04-24 09:47:43,3.345,3.351,3.342,3.347,3.347,23.0,25.6,26.4,3.347,24.1,24.1,3.348,3.347,3.347,3.344,3.348,3.346,3.345,3.347,3.347,3.344,34.5,18.56059837341309,77.76,0.8923225402832031
2025-04-24 09:47:46,3.345,3.351,3.342,3.347,3.347,23.0,25.6,26.4,3.347,24.1,24.1,3.348,3.347,3.347,3.344,3.348,3.346,3.345,3.347,3.347,3.344,34.5,19.723228454589844,77.76,0.8923225402832031
2025-04-24 09:47:48,3.345,3.351,3.342,3.347,3.347,23.0,25.6,26.4,3.347,24.1,24.1,3.348,3.347,3.347,3.344,3.348,3.346,3.345,3.347,3.347,3.344,34.5,0.0,77.76,0.8923225402832031
2025-04-24 09:54:47,3.345,3.351,3.342,3.347,3.347,23.0,25.6,26.4,3.347,24.1,24.1,3.348,3.347,3.347,3.344,3.348,3.346,3.345,3.347,3.347,3.344,34.5,3.3304522037506104,77.76,0.8923225402832031
2025-04-24 09:54:48,3.345,3.351,3.342,3.347,3.347,23.0,25.6,26.4,3.347,24.1,24.1,3.348,3.347,3.347,3.344,3.348,3.346,3.345,3.347,3.347,3.344,34.5,10.041705131530762,77.76,0.8923225402832031
2025-04-24 09:54:49,3.345,3.351,3.342,3.347,3.347,23.0,25.6,26.4,3.347,24.1,24.1,3.348,3.347,3.347,3.344,3.348,3.346,3.345,3.347,3.347,3.344,34.5,13.947526931762695,77.76,0.8923225402832031
2025-04-24 09:54:52,3.345,3.351,3.342,3.347,3.347,23.0,25.6,26.4,3.347,24.1,24.1,3.348,3.347,3.347,3.344,3.348,3.346,3.345,3.347,3.347,3.344,34.5,16.9278621673584,77.76,0.8923225402832031
2025-04-24 09:54:55,3.345,3.351,3.342,3.347,3.347,23.0,25.6,26.4,3.347,24.1,24.1,3.348,3.347,3.347,3.344,3.348,3.346,3.345,3.347,3.347,3.344,34.5,18.63868904113769,77.76,0.8923225402832031
2025-04-24 09:54:58,3.345,3.351,3.342,3.347,3.347,23.0,25.6,26.4,3.347,24.1,24.1,3.348,3.347,3.347,3.344,3.348,3.346,3.345,3.347,3.347,3.344,34.5,19.796314239501957,77.76,0.8923225402832031
2025-04-24 09:55:10,3.345,3.351,3.342,3.347,3.347,23.0,25.6,26.4,3.347,24.1,24.1,3.348,3.347,3.347,3.344,3.348,3.346,3.345,3.347,3.347,3.344,34.5,0.0,77.76,0.8923225402832031
2025-04-24 10:01:48,3.345,3.351,3.285,3.347,3.293,23.0,25.6,26.4,3.292,24.1,24.1,3.293,3.292,3.289,3.285,3.293,3.288,3.288,3.287,3.347,3.344,34.5,-31.08245849609375,77.76,0.8923225402832031
2025-04-24 10:01:49,3.281,3.281,3.285,3.274,3.293,23.0,25.6,26.4,3.292,24.1,24.1,3.293,3.292,3.289,3.285,3.293,3.288,3.288,3.287,3.278,3.276,34.5,-31.08245849609375,77.76,0.8923225402832031
2025-04-24 10:02:17,3.281,3.281,3.285,3.274,3.242,23.0,25.6,26.4,3.292,24.1,24.1,3.293,3.292,3.289,3.285,3.293,3.288,3.288,3.287,3.278,3.276,34.5,-31.08245849609375,77.76,0.8923225402832031
2025-04-24 10:02:18,3.281,3.281,3.285,3.274,3.242,23.0,25.6,26.4,3.292,24.1,24.1,3.293,3.292,3.289,3.285,3.293,3.288,3.288,3.287,3.278,3.276,34.5,-0.2176639884710312,77.76,0.8923225402832031
2025-04-24 10:02:20,3.281,3.281,3.285,3.274,3.293,23.0,25.6,26.4,3.292,24.1,24.1,3.293,3.292,3.289,3.285,3.293,3.288,3.288,3.287,3.278,3.276,34.5,-0.2176639884710312,77.76,0.8923225402832031
2025-04-24 10:02:48,3.281,3.281,3.285,3.274,3.293,23.0,25.6,26.4,3.292,24.1,24.1,3.293,3.292,3.289,3.285,3.293,3.288,3.288,3.287,3.278,3.276,34.5,-60.14537811279297,77.76,0.8923225402832031
2025-04-24 10:02:51,3.281,3.281,3.285,3.274,3.208,23.0,25.6,26.4,3.292,24.1,24.1,3.293,3.292,3.289,3.285,3.207,3.288,3.288,3.287,3.278,3.276,34.5,-60.14537811279297,77.76,0.8923225402832031
2025-04-24 10:02:52,3.281,3.281,3.199,3.274,3.208,23.0,25.6,26.4,3.211,24.1,24.1,3.21,3.208,3.289,3.285,3.207,3.207,3.207,3.287,3.278,3.276,34.5,-60.14537811279297,77.76,0.8923225402832031
2025-04-24 10:02:53,3.281,3.281,3.199,3.274,3.208,23.0,25.6,26.4,3.211,24.1,24.1,3.21,3.208,3.202,3.2,3.207,3.207,3.207,3.2,3.278,3.276,34.5,-60.14537811279297,77.76,0.8923225402832031
2025-04-24 10:02:54,3.281,3.205,3.199,3.274,3.208,23.0,25.6,26.4,3.211,24.1,24.1,3.21,3.208,3.202,3.2,3.207,3.207,3.207,3.2,3.278,3.276,34.5,-60.14537811279297,77.76,0.8923225402832031
2025-04-24 10:02:55,3.281,3.205,3.199,3.274,3.208,23.0,25.6,26.4,3.211,24.1,24.1,3.21,3.208,3.202,3.2,3.207,3.207,3.207,3.2,3.195,3.276,34.5,-60.14537811279297,77.76,0.8923225402832031
2025-04-24 10:02:56,3.201,3.205,3.199,3.274,3.208,23.0,25.6,26.4,3.211,24.1,24.1,3.21,3.208,3.202,3.2,3.207,3.207,3.207,3.2,3.195,3.276,34.5,-60.14537811279297,77.76,0.8923225402832031
2025-04-24 10:02:57,3.201,3.205,3.199,3.187,3.208,23.0,25.6,26.4,3.211,24.1,24.1,3.21,3.208,3.202,3.2,3.207,3.207,3.207,3.2,3.195,3.276,34.5,-60.14537811279297,77.76,0.8923225402832031
2025-04-24 10:02:58,3.201,3.205,3.199,3.187,3.208,23.0,25.6,26.4,3.211,24.1,24.1,3.21,3.208,3.202,3.2,3.207,3.207,3.207,3.2,3.195,3.188,34.5,-60.14537811279297,77.76,0.8923225402832031
2025-04-24 10:03:18,3.201,3.205,3.199,3.187,3.208,23.0,25.6,26.4,3.211,24.1,24.1,3.21,3.208,3.202,3.2,3.207,3.207,3.207,3.2,3.195,3.188,34.5,-0.1942888647317886,77.76,0.8923225402832031
2025-04-24 10:03:19,3.201,3.205,3.199,3.187,3.208,23.0,25.6,26.4,3.211,24.1,24.1,3.21,3.208,3.202,3.258,3.207,3.207,3.207,3.2,3.195,3.188,34.5,-0.1942888647317886,77.76,0.8923225402832031
2025-04-24 10:03:21,3.201,3.205,3.199,3.187,3.208,23.0,25.6,26.4,3.211,24.1,24.1,3.21,3.208,3.202,3.258,3.207,3.207,3.207,3.2,3.195,3.264,34.5,-0.1942888647317886,77.76,0.8923225402832031
2025-04-24 10:03:23,3.271,3.205,3.199,3.187,3.208,23.0,25.6,26.4,3.211,24.1,24.1,3.21,3.208,3.202,3.258,3.207,3.207,3.207,3.2,3.27,3.264,34.5,-0.1942888647317886,77.76,0.8923225402832031
2025-04-24 10:03:27,3.271,3.276,3.199,3.275,3.208,23.0,25.6,26.4,3.211,24.1,24.1,3.21,3.208,3.202,3.258,3.277,3.278,3.207,3.2,3.27,3.264,34.5,-0.1942888647317886,77.76,0.8923225402832031
2025-04-24 10:03:28,3.271,3.276,3.272,3.275,3.208,23.0,25.6,26.4,3.211,24.1,24.1,3.21,3.28,3.202,3.258,3.277,3.278,3.207,3.2,3.27,3.264,34.5,-0.1942888647317886,77.76,0.8923225402832031
2025-04-24 10:03:29,3.271,3.276,3.272,3.275,3.208,23.0,25.6,26.4,3.281,24.1,24.1,3.21,3.28,3.202,3.258,3.277,3.278,3.207,3.2,3.27,3.264,34.5,-0.1942888647317886,77.76,0.8923225402832031
2025-04-24 10:03:32,3.271,3.276,3.272,3.275,3.208,23.0,25.6,26.4,3.281,24.1,24.1,3.21,3.28,3.284,3.258,3.277,3.278,3.207,3.2,3.27,3.264,34.5,-0.1942888647317886,77.76,0.8923225402832031
2025-04-24 10:03:33,3.271,3.276,3.272,3.275,3.208,23.0,25.6,26.4,3.281,24.1,24.1,3.21,3.28,3.284,3.258,3.277,3.278,3.207,3.284,3.27,3.264,34.5,-0.1942888647317886,77.76,0.8923225402832031
2025-04-24 10:03:34,3.271,3.276,3.272,3.275,3.208,23.0,25.6,26.4,3.281,24.1,24.1,3.288,3.28,3.284,3.258,3.277,3.278,3.207,3.284,3.27,3.264,34.5,-0.1942888647317886,77.76,0.8923225402832031
2025-04-24 10:03:36,3.271,3.276,3.272,3.275,3.208,23.0,25.6,26.4,3.281,24.1,24.1,3.288,3.28,3.284,3.258,3.277,3.278,3.286,3.284,3.27,3.264,34.5,-0.1942888647317886,77.76,0.8923225402832031
2025-04-24 10:03:43,3.271,3.276,3.272,3.275,3.291,23.0,25.6,26.4,3.281,24.1,24.1,3.288,3.28,3.284,3.258,3.277,3.278,3.286,3.284,3.27,3.264,34.5,-0.1942888647317886,77.76,0.8923225402832031
2025-04-24 10:03:48,3.335,3.333,3.332,3.336,3.291,23.0,25.6,26.4,3.336,24.1,24.1,3.34,3.339,3.339,3.335,3.338,3.337,3.286,3.339,3.338,3.336,34.5,30.896503448486328,77.76,0.8923225402832031
2025-04-24 10:03:49,3.335,3.333,3.332,3.336,3.343,23.0,25.6,26.4,3.336,24.1,24.1,3.34,3.339,3.339,3.335,3.338,3.337,3.341,3.339,3.338,3.336,34.5,30.896503448486328,77.76,0.8923225402832031
2025-04-24 10:03:52,3.335,3.333,3.332,3.336,3.343,23.0,25.6,26.4,3.336,24.1,24.1,3.34,3.339,3.339,3.335,3.338,3.337,3.341,3.339,3.338,3.336,34.5,30.896503448486328,79.01,0.8923225402832031
2025-04-24 10:03:55,3.335,3.333,3.332,3.336,3.343,23.0,25.6,26.4,3.336,24.1,24.1,3.34,3.339,3.339,3.335,3.338,3.337,3.341,3.339,3.338,3.336,34.5,30.896503448486328,80.13,0.8923225402832031
2025-04-24 10:03:59,3.335,3.333,3.332,3.336,3.343,23.0,25.6,26.4,3.336,24.1,24.1,3.34,3.339,3.339,3.335,3.338,3.337,3.341,3.339,3.338,3.336,34.5,30.896503448486328,81.17,0.8923225402832031
2025-04-24 10:04:06,3.335,3.333,3.332,3.336,3.343,23.0,25.6,26.4,3.336,24.1,24.1,3.34,3.339,3.339,3.335,3.338,3.337,3.341,3.339,3.338,3.336,34.5,30.896503448486328,82.21,0.8923225402832031
2025-04-24 10:04:12,3.335,3.333,3.332,3.386,3.343,23.0,25.6,26.4,3.336,24.1,24.1,3.34,3.339,3.339,3.335,3.338,3.337,3.341,3.339,3.338,3.336,34.5,30.896503448486328,82.21,0.8923225402832031
2025-04-24 10:04:13,3.335,3.333,3.332,3.386,3.343,23.0,25.6,26.4,3.336,24.1,24.1,3.34,3.339,3.339,3.335,3.388,3.337,3.341,3.339,3.388,3.336,34.5,30.896503448486328,82.21,0.8923225402832031
2025-04-24 10:04:15,3.335,3.333,3.332,3.386,3.343,23.0,25.6,26.4,3.386,24.1,24.1,3.34,3.339,3.339,3.335,3.388,3.337,3.341,3.339,3.388,3.386,34.5,30.896503448486328,82.21,0.8923225402832031
2025-04-24 10:04:16,3.385,3.333,3.332,3.386,3.343,23.0,25.6,26.4,3.386,24.1,24.1,3.39,3.339,3.389,3.385,3.388,3.337,3.341,3.389,3.388,3.386,34.5,30.896503448486328,82.21,0.8923225402832031
2025-04-24 10:04:17,3.385,3.333,3.383,3.386,3.343,23.0,25.6,26.4,3.386,24.1,24.1,3.39,3.389,3.389,3.385,3.388,3.388,3.341,3.389,3.388,3.386,34.5,30.896503448486328,82.21,0.8923225402832031
2025-04-24 10:04:18,3.385,3.333,3.383,3.386,3.343,23.0,25.6,26.4,3.386,24.1,24.1,3.39,3.389,3.389,3.385,3.388,3.388,3.341,3.389,3.388,3.386,34.5,-0.1427683383226394,82.21,0.8923225402832031
2025-04-24 10:04:21,3.385,3.333,3.333,3.386,3.343,23.0,25.6,26.4,3.386,24.1,24.1,3.34,3.339,3.338,3.335,3.338,3.337,3.341,3.338,3.338,3.336,34.5,-0.1427683383226394,82.21,0.8923225402832031
2025-04-24 10:04:22,3.385,3.333,3.333,3.335,3.343,23.0,25.6,26.4,3.386,24.1,24.1,3.34,3.339,3.338,3.335,3.338,3.337,3.341,3.338,3.338,3.336,34.5,-0.1427683383226394,82.21,0.8923225402832031
2025-04-24 10:04:23,3.335,3.333,3.333,3.335,3.343,23.0,25.6,26.4,3.335,24.1,24.1,3.34,3.339,3.338,3.335,3.338,3.337,3.341,3.338,3.338,3.336,34.5,-0.1427683383226394,82.21,0.8923225402832031
2025-04-24 10:04:48,3.335,3.333,3.282,3.335,3.287,23.0,25.6,26.4,3.335,24.1,24.1,3.288,3.288,3.285,3.285,3.288,3.287,3.286,3.284,3.284,3.283,34.5,-31.140117645263672,82.21,0.8923225402832031
2025-04-24 10:04:49,3.279,3.278,3.282,3.272,3.287,23.0,25.6,26.4,3.279,24.1,24.1,3.288,3.288,3.285,3.285,3.288,3.287,3.286,3.284,3.284,3.283,34.5,-31.140117645263672,82.21,0.8923225402832031
2025-04-24 10:05:23,3.279,3.278,3.282,3.272,3.287,23.0,25.6,26.4,3.279,24.1,24.1,3.288,3.288,3.285,3.285,3.238,3.287,3.286,3.284,3.284,3.283,34.5,-31.140117645263672,82.21,0.8923225402832031
2025-04-24 10:05:25,3.279,3.278,3.232,3.272,3.238,23.0,25.6,26.4,3.279,24.1,24.1,3.288,3.288,3.285,3.285,3.238,3.287,3.286,3.284,3.284,3.283,34.5,-31.140117645263672,82.21,0.8923225402832031
2025-04-24 10:05:27,3.279,3.278,3.232,3.272,3.238,23.0,25.6,26.4,3.279,24.1,24.1,3.288,3.288,3.285,3.235,3.238,3.287,3.286,3.284,3.284,3.283,34.5,-31.140117645263672,82.21,0.8923225402832031
2025-04-24 10:05:28,3.279,3.278,3.232,3.272,3.238,23.0,25.6,26.4,3.279,24.1,24.1,3.288,3.288,3.285,3.235,3.238,3.287,3.286,3.284,3.234,3.283,34.5,-31.140117645263672,82.21,0.8923225402832031
2025-04-24 10:05:30,3.279,3.278,3.232,3.272,3.238,23.0,25.6,26.4,3.279,24.1,24.1,3.288,3.288,3.285,3.235,3.238,3.287,3.236,3.284,3.234,3.283,34.5,-31.140117645263672,82.21,0.8923225402832031
2025-04-24 10:05:31,3.279,3.278,3.232,3.272,3.238,23.0,25.6,26.4,3.279,24.1,24.1,3.288,3.288,3.285,3.235,3.238,3.287,3.236,3.284,3.234,3.233,34.5,-31.140117645263672,82.21,0.8923225402832031
2025-04-24 10:05:32,3.279,3.278,3.232,3.272,3.238,23.0,25.6,26.4,3.279,24.1,24.1,3.288,3.288,3.285,3.235,3.238,3.287,3.236,3.234,3.234,3.233,34.5,-31.140117645263672,82.21,0.8923225402832031
2025-04-24 10:05:33,3.279,3.278,3.232,3.272,3.238,23.0,25.6,26.4,3.279,24.1,24.1,3.288,3.238,3.235,3.235,3.238,3.237,3.236,3.234,3.234,3.233,34.5,-31.140117645263672,82.21,0.8923225402832031
2025-04-24 10:05:37,3.279,3.278,3.232,3.272,3.238,23.0,25.6,26.4,3.279,24.1,24.1,3.238,3.238,3.235,3.235,3.238,3.237,3.236,3.234,3.234,3.233,34.5,-31.140117645263672,82.21,0.8923225402832031
2025-04-24 10:06:14,3.279,3.278,3.232,3.222,3.238,23.0,25.6,26.4,3.279,24.1,24.1,3.238,3.238,3.235,3.235,3.238,3.237,3.236,3.234,3.234,3.233,34.5,-31.140117645263672,82.21,0.8923225402832031
2025-04-24 10:06:16,3.279,3.278,3.232,3.222,3.238,23.0,26.6,26.4,3.279,24.1,24.1,3.238,3.238,3.235,3.235,3.238,3.237,3.236,3.234,3.234,3.233,34.5,-31.140117645263672,82.21,0.8923225402832031
2025-04-24 10:06:32,3.279,3.278,3.232,3.222,3.238,23.0,26.6,26.4,3.229,24.1,24.1,3.238,3.238,3.235,3.235,3.238,3.237,3.236,3.234,3.234,3.233,34.5,-31.140117645263672,82.21,0.8923225402832031
2025-04-24 10:06:35,3.279,3.229,3.232,3.222,3.238,23.0,26.6,26.4,3.229,24.1,24.1,3.238,3.238,3.235,3.235,3.238,3.237,3.236,3.234,3.234,3.233,34.5,-31.140117645263672,82.21,0.8923225402832031
2025-04-24 10:06:54,3.229,3.229,3.232,3.222,3.238,23.0,26.6,26.4,3.229,24.1,24.1,3.238,3.238,3.235,3.235,3.238,3.237,3.236,3.234,3.234,3.233,34.5,-31.140117645263672,82.21,0.8923225402832031
2025-04-24 10:07:52,3.229,3.229,3.232,3.222,3.238,24.0,26.6,26.4,3.229,24.1,24.1,3.238,3.238,3.235,3.235,3.238,3.237,3.236,3.234,3.234,3.233,34.5,-31.140117645263672,82.21,0.8923225402832031
2025-04-24 10:13:44,3.229,3.229,3.232,3.222,3.238,24.0,26.6,26.4,3.229,25.1,24.1,3.238,3.238,3.235,3.235,3.238,3.237,3.236,3.234,3.234,3.233,34.5,-31.140117645263672,82.21,0.8923225402832031
2025-04-24 10:14:08,3.229,3.229,3.232,3.222,3.238,24.0,26.6,26.4,3.229,25.1,25.1,3.238,3.238,3.235,3.235,3.238,3.237,3.236,3.234,3.234,3.233,34.5,-31.140117645263672,82.21,0.8923225402832031
2025-04-24 10:15:20,3.229,3.229,3.232,3.222,3.238,24.0,26.6,27.4,3.229,25.1,25.1,3.238,3.238,3.235,3.235,3.238,3.237,3.236,3.234,3.234,3.233,34.5,-31.140117645263672,82.21,0.8923225402832031
2025-04-24 10:16:48,3.229,3.229,3.232,3.222,3.238,24.0,26.6,27.4,3.229,25.1,25.1,3.238,3.238,3.235,3.235,3.238,3.237,3.236,3.234,3.234,3.233,34.5,-0.1742054969072342,82.21,0.8923225402832031
2025-04-24 10:16:59,3.229,3.229,3.232,3.272,3.238,24.0,26.6,27.4,3.229,25.1,25.1,3.238,3.238,3.235,3.235,3.238,3.237,3.236,3.234,3.234,3.233,34.5,-0.1742054969072342,82.21,0.8923225402832031
2025-04-24 10:17:03,3.229,3.229,3.232,3.272,3.238,24.0,26.6,27.4,3.279,25.1,25.1,3.238,3.238,3.235,3.235,3.238,3.237,3.236,3.234,3.234,3.233,34.5,-0.1742054969072342,82.21,0.8923225402832031
2025-04-24 10:17:04,3.279,3.229,3.232,3.272,3.238,24.0,26.6,27.4,3.279,25.1,25.1,3.238,3.238,3.235,3.235,3.238,3.237,3.236,3.234,3.234,3.233,34.5,-0.1742054969072342,82.21,0.8923225402832031
2025-04-24 10:17:08,3.279,3.279,3.232,3.272,3.238,24.0,26.6,27.4,3.279,25.1,25.1,3.238,3.238,3.235,3.235,3.238,3.237,3.236,3.234,3.234,3.233,34.5,-0.1742054969072342,82.21,0.8923225402832031
2025-04-24 10:17:17,3.279,3.279,3.232,3.272,3.238,24.0,26.6,27.4,3.279,25.1,25.1,3.238,3.238,3.235,3.235,3.238,3.237,3.236,3.234,3.234,3.233,34.5,-38.61936950683594,82.21,0.8923225402832031
2025-04-24 10:17:18,3.209,3.279,3.232,3.272,3.238,24.0,26.6,27.4,3.279,25.1,25.1,3.238,3.238,3.235,3.235,3.238,3.237,3.236,3.234,3.234,3.233,34.5,-60.15412139892578,82.21,0.8923225402832031
2025-04-24 10:17:19,3.209,3.202,3.232,3.189,3.238,24.0,26.6,27.4,3.201,25.1,25.1,3.238,3.238,3.235,3.235,3.238,3.237,3.236,3.234,3.234,3.233,34.5,-60.15412139892578,82.21,0.8923225402832031
2025-04-24 10:17:48,3.209,3.202,3.232,3.189,3.238,24.0,26.6,27.4,3.201,25.1,25.1,3.238,3.238,3.235,3.235,3.238,3.237,3.236,3.234,3.234,3.233,34.5,-0.1470648050308227,82.21,0.8923225402832031
2025-04-24 10:17:53,3.209,3.202,3.232,3.189,3.238,24.0,26.6,27.4,3.262,25.1,25.1,3.238,3.238,3.235,3.235,3.238,3.237,3.236,3.234,3.234,3.233,34.5,-0.1470648050308227,82.21,0.8923225402832031
2025-04-24 10:17:55,3.209,3.202,3.232,3.189,3.238,24.0,26.6,27.4,3.262,25.1,25.1,3.238,3.238,3.235,3.235,3.238,3.237,3.236,3.264,3.234,3.233,34.5,-0.1470648050308227,82.21,0.8923225402832031
2025-04-24 10:18:00,3.27,3.202,3.232,3.189,3.238,24.0,26.6,27.4,3.262,25.1,25.1,3.238,3.238,3.235,3.235,3.238,3.237,3.236,3.264,3.234,3.233,34.5,-0.1470648050308227,82.21,0.8923225402832031
2025-04-24 10:18:04,3.27,3.272,3.232,3.189,3.238,24.0,26.6,27.4,3.262,25.1,25.1,3.238,3.238,3.235,3.235,3.238,3.237,3.236,3.264,3.234,3.233,34.5,-0.1470648050308227,82.21,0.8923225402832031
2025-04-24 10:18:05,3.27,3.272,3.232,3.271,3.238,24.0,26.6,27.4,3.262,25.1,25.1,3.238,3.238,3.235,3.235,3.238,3.237,3.236,3.264,3.234,3.271,34.5,-0.1470648050308227,82.21,0.8923225402832031
2025-04-24 10:18:11,3.27,3.272,3.232,3.271,3.238,24.0,26.6,27.4,3.262,25.1,25.1,3.238,3.279,3.235,3.235,3.238,3.237,3.236,3.264,3.234,3.271,34.5,-0.1470648050308227,82.21,0.8923225402832031
2025-04-24 10:18:17,3.27,3.272,3.232,3.271,3.238,24.0,26.6,27.4,3.262,25.1,25.1,3.238,3.279,3.235,3.235,3.238,3.237,3.236,3.264,3.234,3.271,34.5,30.87555313110352,82.21,0.8923225402832031
2025-04-24 10:18:18,3.27,3.272,3.316,3.322,3.32,24.0,26.6,27.4,3.32,25.1,25.1,3.324,3.279,3.323,3.317,3.322,3.321,3.318,3.322,3.322,3.271,34.5,30.87555313110352,82.21,0.8923225402832031
2025-04-24 10:18:19,3.323,3.272,3.316,3.322,3.32,24.0,26.6,27.4,3.32,25.1,25.1,3.324,3.279,3.323,3.317,3.322,3.321,3.318,3.322,3.322,3.324,34.5,30.87555313110352,84.36,0.8923225402832031
2025-04-24 10:18:20,3.323,3.323,3.316,3.322,3.32,24.0,26.6,27.4,3.32,25.1,25.1,3.324,3.279,3.323,3.317,3.322,3.321,3.318,3.322,3.322,3.324,34.5,30.87555313110352,85.93,0.8923225402832031
2025-04-24 10:18:21,3.323,3.323,3.316,3.322,3.32,24.0,26.6,27.4,3.32,25.1,25.1,3.324,3.329,3.323,3.317,3.322,3.321,3.318,3.322,3.322,3.324,34.5,30.87555313110352,87.33,0.8923225402832031
2025-04-24 10:18:22,3.323,3.323,3.316,3.322,3.32,24.0,26.6,27.4,3.32,25.1,25.1,3.324,3.329,3.323,3.317,3.322,3.321,3.318,3.322,3.322,3.324,34.5,30.87555313110352,88.6,0.8923225402832031
2025-04-24 10:18:23,3.323,3.323,3.316,3.322,3.32,24.0,26.6,27.4,3.32,25.1,25.1,3.324,3.329,3.323,3.317,3.322,3.321,3.318,3.322,3.322,3.324,34.5,30.87555313110352,89.74,0.8923225402832031
2025-04-24 10:18:24,3.323,3.323,3.316,3.322,3.32,24.0,26.6,27.4,3.32,25.1,25.1,3.324,3.329,3.323,3.317,3.322,3.321,3.318,3.322,3.322,3.324,34.5,30.87555313110352,90.76,0.8923225402832031
2025-04-24 10:18:26,3.323,3.323,3.316,3.322,3.32,24.0,26.6,27.4,3.32,25.1,25.1,3.324,3.329,3.323,3.317,3.322,3.321,3.318,3.322,3.322,3.324,34.5,30.87555313110352,92.52,0.8923225402832031
2025-04-24 10:18:28,3.323,3.323,3.316,3.322,3.32,24.0,26.6,27.4,3.32,25.1,25.1,3.324,3.329,3.323,3.317,3.322,3.321,3.318,3.322,3.322,3.324,34.5,30.87555313110352,93.94,0.8923225402832031
2025-04-24 10:18:30,3.323,3.323,3.316,3.322,3.32,24.0,26.6,27.4,3.32,25.1,25.1,3.324,3.329,3.323,3.317,3.322,3.321,3.318,3.322,3.322,3.324,34.5,30.87555313110352,95.09,0.8923225402832031
2025-04-24 10:18:33,3.323,3.323,3.316,3.322,3.32,24.0,26.6,27.4,3.32,25.1,25.1,3.324,3.329,3.323,3.317,3.322,3.321,3.318,3.322,3.322,3.324,34.5,30.87555313110352,96.42,0.8923225402832031
2025-04-24 10:18:37,3.323,3.323,3.316,3.322,3.32,24.0,26.6,27.4,3.32,25.1,25.1,3.324,3.329,3.323,3.317,3.322,3.321,3.318,3.322,3.322,3.324,34.5,30.87555313110352,97.65,0.8923225402832031
2025-04-24 10:18:43,3.323,3.323,3.316,3.322,3.32,24.0,26.6,27.4,3.32,25.1,25.1,3.324,3.329,3.323,3.317,3.322,3.321,3.318,3.322,3.322,3.324,34.5,30.87555313110352,98.75,0.8923225402832031
2025-04-24 10:18:47,3.323,3.323,3.316,3.322,3.32,24.0,26.6,27.4,3.32,25.1,25.1,3.324,3.329,3.323,3.317,3.322,3.321,3.318,3.322,3.322,3.324,34.5,0.0,98.75,0.8923225402832031
2025-04-24 10:18:48,3.323,3.323,3.316,3.322,3.32,25.0,27.6,27.4,3.32,25.1,25.1,3.324,3.329,3.323,3.317,3.322,3.321,3.318,3.322,3.322,3.324,34.5,0.0,98.75,0.8923225402832031
2025-04-24 10:19:17,3.323,3.323,3.316,3.322,3.32,25.0,27.6,27.4,3.32,25.1,25.1,3.324,3.329,3.323,3.317,3.322,3.321,3.318,3.322,3.322,3.324,34.5,-31.142358779907227,98.75,0.8923225402832031
2025-04-24 10:19:18,3.258,3.258,3.25,3.252,3.256,25.0,27.6,27.4,3.262,25.1,25.1,3.261,3.258,3.256,3.254,3.255,3.257,3.256,3.254,3.254,3.253,34.5,-31.142358779907227,98.75,0.8923225402832031
2025-04-24 10:23:06,3.258,3.258,3.25,3.252,3.256,25.0,27.6,27.4,3.262,25.1,25.1,3.261,3.258,3.256,3.254,3.255,3.257,3.256,3.254,3.254,3.253,34.5,-31.142358779907227,98.75,0.998017191886902
2025-04-24 10:25:28,3.258,3.258,3.25,3.252,3.256,25.0,27.6,27.4,3.262,26.1,25.1,3.261,3.258,3.256,3.254,3.255,3.257,3.256,3.254,3.254,3.253,34.5,-31.142358779907227,98.75,0.998017191886902
2025-04-24 10:26:24,3.258,3.258,3.25,3.252,3.256,25.0,27.6,27.4,3.262,26.1,26.1,3.261,3.258,3.256,3.254,3.255,3.257,3.256,3.254,3.254,3.253,34.5,-31.142358779907227,98.75,0.998017191886902
2025-04-24 10:30:16,3.258,3.258,3.25,3.252,3.256,25.0,27.6,28.4,3.262,26.1,26.1,3.261,3.258,3.256,3.254,3.255,3.257,3.256,3.254,3.254,3.253,34.5,-31.142358779907227,98.75,0.998017191886902
2025-04-24 10:31:17,3.258,3.258,3.25,3.252,3.256,25.0,27.6,28.4,3.262,26.1,26.1,3.261,3.258,3.256,3.254,3.255,3.257,3.256,3.254,3.254,3.253,34.5,-0.1547749191522598,98.75,0.998017191886902
2025-04-24 10:31:47,3.258,3.258,3.25,3.252,3.256,25.0,27.6,28.4,3.262,26.1,26.1,3.261,3.258,3.256,3.254,3.255,3.257,3.256,3.254,3.254,3.253,34.5,30.87910270690918,98.75,0.998017191886902
2025-04-24 10:31:48,3.316,3.313,3.313,3.318,3.319,25.0,27.6,28.4,3.318,26.1,26.1,3.32,3.319,3.32,3.315,3.32,3.318,3.316,3.32,3.319,3.316,34.5,30.87910270690918,98.75,0.998017191886902
2025-04-24 10:32:02,3.316,3.313,3.313,3.318,3.319,25.0,27.6,28.4,3.318,26.1,26.1,3.32,3.319,3.32,3.315,3.32,3.318,3.316,3.32,3.319,3.316,34.5,30.87910270690918,99.76,0.998017191886902
2025-04-24 10:32:17,3.316,3.313,3.313,3.318,3.319,25.0,27.6,28.4,3.318,26.1,26.1,3.32,3.319,3.32,3.315,3.32,3.318,3.316,3.32,3.319,3.316,34.5,-0.1257601976394653,99.76,0.998017191886902
2025-04-24 10:32:47,3.316,3.313,3.313,3.318,3.319,25.0,27.6,28.4,3.318,26.1,26.1,3.32,3.319,3.32,3.315,3.32,3.318,3.316,3.32,3.319,3.316,34.5,-59.14028930664063,99.76,0.998017191886902
2025-04-24 10:32:48,3.22,3.221,3.212,3.213,3.216,25.0,27.6,28.4,3.219,26.1,26.1,3.221,3.218,3.214,3.215,3.215,3.219,3.218,3.213,3.213,3.213,34.5,-59.14028930664063,99.76,0.998017191886902
2025-04-24 10:32:49,3.22,3.221,3.212,3.213,3.216,25.0,27.6,28.4,3.219,26.1,26.1,3.221,3.218,3.214,3.215,3.215,3.219,3.218,3.213,3.213,3.213,34.5,-60.16838836669922,99.76,0.998017191886902
2025-04-24 10:33:04,3.22,3.221,3.212,3.213,3.216,26.0,27.6,28.4,3.219,26.1,26.1,3.221,3.218,3.214,3.215,3.215,3.219,3.218,3.213,3.213,3.213,34.5,-60.16838836669922,99.76,0.998017191886902
2025-04-24 10:33:14,3.22,3.221,3.212,3.163,3.216,26.0,27.6,28.4,3.219,26.1,26.1,3.221,3.218,3.214,3.215,3.215,3.219,3.218,3.213,3.213,3.213,34.5,-60.16838836669922,99.76,0.998017191886902
2025-04-24 10:33:17,3.22,3.221,3.212,3.163,3.216,26.0,27.6,28.4,3.219,26.1,26.1,3.221,3.218,3.214,3.215,3.215,3.219,3.218,3.213,3.213,3.213,34.5,-0.1955413669347763,99.76,0.998017191886902
2025-04-24 10:33:18,3.22,3.221,3.212,3.241,3.216,26.0,27.6,28.4,3.219,26.1,26.1,3.221,3.218,3.214,3.215,3.215,3.219,3.218,3.213,3.213,3.213,34.5,-0.1955413669347763,99.76,0.998017191886902
2025-04-24 10:33:47,3.22,3.221,3.212,3.241,3.216,26.0,27.6,28.4,3.219,26.1,26.1,3.221,3.218,3.214,3.215,3.215,3.219,3.218,3.213,3.213,3.213,34.5,30.869972229003903,99.76,0.998017191886902
2025-04-24 10:33:48,3.319,3.315,3.316,3.321,3.32,26.0,27.6,28.4,3.32,26.1,26.1,3.323,3.321,3.321,3.316,3.322,3.319,3.318,3.321,3.32,3.318,34.5,30.869972229003903,99.76,0.998017191886902
2025-04-24 10:34:17,3.319,3.315,3.316,3.321,3.32,26.0,27.6,28.4,3.32,26.1,26.1,3.323,3.321,3.321,3.316,3.322,3.319,3.318,3.321,3.32,3.318,34.5,-0.1344693005084991,99.76,0.998017191886902
2025-04-24 10:34:47,3.319,3.315,3.316,3.321,3.32,26.0,27.6,28.4,3.32,26.1,26.1,3.323,3.321,3.321,3.316,3.322,3.319,3.318,3.321,3.32,3.318,34.5,-31.120792388916016,99.76,0.998017191886902
2025-04-24 10:34:48,3.257,3.256,3.251,3.254,3.255,26.0,27.6,28.4,3.259,26.1,26.1,3.259,3.258,3.256,3.253,3.256,3.256,3.255,3.254,3.253,3.251,34.5,-31.120792388916016,99.76,0.998017191886902
2025-04-24 10:35:52,3.257,3.256,3.251,3.254,3.255,26.0,28.6,28.4,3.259,26.1,26.1,3.259,3.258,3.256,3.253,3.256,3.256,3.255,3.254,3.253,3.251,34.5,-31.120792388916016,99.76,0.998017191886902
2025-04-24 10:36:22,3.257,3.256,3.251,3.254,3.255,26.0,28.6,28.4,3.259,26.1,26.1,3.259,3.258,3.256,3.253,3.256,3.256,3.255,3.254,3.253,3.251,34.5,-31.120792388916016,98.74,0.998017191886902
2025-04-24 10:40:16,3.257,3.256,3.251,3.254,3.255,26.0,28.6,28.4,3.259,27.1,26.1,3.259,3.258,3.256,3.253,3.256,3.256,3.255,3.254,3.253,3.251,34.5,-31.120792388916016,98.74,0.998017191886902
2025-04-24 10:41:28,3.257,3.256,3.251,3.254,3.255,26.0,28.6,28.4,3.259,27.1,27.1,3.259,3.258,3.256,3.253,3.256,3.256,3.255,3.254,3.253,3.251,34.5,-31.120792388916016,98.74,0.998017191886902
2025-04-24 10:44:45,3.257,3.256,3.251,3.204,3.255,26.0,28.6,28.4,3.259,27.1,27.1,3.259,3.258,3.256,3.253,3.256,3.256,3.255,3.254,3.253,3.251,34.5,-31.120792388916016,98.74,0.998017191886902
2025-04-24 10:46:38,3.257,3.256,3.251,3.204,3.255,26.0,28.6,28.4,3.259,27.1,27.1,3.259,3.258,3.256,3.253,3.206,3.256,3.255,3.254,3.253,3.251,34.5,-31.120792388916016,98.74,0.998017191886902
2025-04-24 10:47:17,3.257,3.256,3.251,3.204,3.255,26.0,28.6,28.4,3.259,27.1,27.1,3.259,3.258,3.256,3.253,3.206,3.256,3.255,3.254,3.253,3.251,34.5,-0.1625151336193084,98.74,0.998017191886902
2025-04-24 10:47:22,3.257,3.256,3.251,3.254,3.255,26.0,28.6,28.4,3.259,27.1,27.1,3.259,3.258,3.256,3.253,3.257,3.256,3.255,3.254,3.253,3.251,34.5,-0.1625151336193084,98.74,0.998017191886902
2025-04-24 10:47:47,3.257,3.256,3.251,3.254,3.255,26.0,28.6,28.4,3.259,27.1,27.1,3.259,3.258,3.256,3.253,3.257,3.256,3.255,3.254,3.253,3.304,34.5,30.875394821166992,98.74,0.998017191886902
2025-04-24 10:47:48,3.31,3.308,3.307,3.311,3.311,26.0,28.6,28.4,3.312,27.1,27.1,3.314,3.313,3.313,3.308,3.313,3.311,3.31,3.313,3.313,3.304,34.5,30.875394821166992,98.74,0.998017191886902
2025-04-24 10:48:06,3.31,3.308,3.307,3.311,3.311,26.0,28.6,28.4,3.312,27.1,27.1,3.314,3.313,3.313,3.308,3.313,3.311,3.31,3.313,3.313,3.304,34.5,30.875394821166992,99.74,0.998017191886902
2025-04-24 10:48:17,3.31,3.308,3.307,3.311,3.311,26.0,28.6,28.4,3.312,27.1,27.1,3.314,3.313,3.313,3.308,3.313,3.311,3.31,3.313,3.313,3.304,34.5,-0.1385232657194137,99.74,0.998017191886902
2025-04-24 10:48:47,3.31,3.308,3.307,3.311,3.311,26.0,28.6,28.4,3.312,27.1,27.1,3.314,3.313,3.313,3.308,3.313,3.311,3.31,3.313,3.313,3.304,34.5,-60.02437973022461,99.74,0.998017191886902
2025-04-24 10:48:48,3.208,3.209,3.2,3.2,3.204,26.0,28.6,28.4,3.21,27.1,27.1,3.212,3.209,3.204,3.204,3.202,3.207,3.207,3.202,3.204,3.202,34.5,-60.02437973022461,99.74,0.998017191886902
2025-04-24 10:49:17,3.208,3.209,3.2,3.2,3.204,26.0,28.6,28.4,3.21,27.1,27.1,3.212,3.209,3.204,3.204,3.202,3.207,3.207,3.202,3.204,3.202,34.5,-0.2077658623456955,99.74,0.998017191886902
2025-04-24 10:49:28,3.208,3.209,3.2,3.2,3.204,26.0,28.6,29.4,3.21,27.1,27.1,3.212,3.209,3.204,3.204,3.202,3.207,3.207,3.202,3.204,3.202,34.5,-0.2077658623456955,99.74,0.998017191886902
2025-04-24 10:49:47,3.208,3.209,3.2,3.2,3.204,26.0,28.6,29.4,3.21,27.1,27.1,3.212,3.209,3.204,3.204,3.202,3.207,3.207,3.202,3.204,3.202,34.5,30.85724830627441,99.74,0.998017191886902
2025-04-24 10:49:48,3.313,3.31,3.308,3.314,3.314,26.0,28.6,29.4,3.314,27.1,27.1,3.317,3.315,3.316,3.31,3.315,3.314,3.312,3.315,3.315,3.313,34.5,30.85724830627441,99.74,0.998017191886902
2025-04-24 10:50:17,3.313,3.31,3.308,3.314,3.314,26.0,28.6,29.4,3.314,27.1,27.1,3.317,3.315,3.316,3.31,3.315,3.314,3.312,3.315,3.315,3.313,34.5,-0.1506362557411193,99.74,0.998017191886902
2025-04-24 10:50:47,3.313,3.31,3.308,3.314,3.314,26.0,28.6,29.4,3.314,27.1,27.1,3.317,3.315,3.316,3.31,3.315,3.314,3.312,3.315,3.315,3.313,34.5,-31.126924514770508,99.74,0.998017191886902
2025-04-24 10:50:48,3.252,3.252,3.245,3.248,3.249,26.0,28.6,29.4,3.254,27.1,27.1,3.255,3.253,3.25,3.248,3.251,3.252,3.252,3.25,3.248,3.247,34.5,-31.126924514770508,99.74,0.998017191886902
2025-04-24 10:51:44,3.252,3.252,3.245,3.248,3.249,27.0,28.6,29.4,3.254,27.1,27.1,3.255,3.253,3.25,3.248,3.251,3.252,3.252,3.25,3.248,3.247,34.5,-31.126924514770508,99.74,0.998017191886902
2025-04-24 10:52:12,3.252,3.252,3.245,3.248,3.249,27.0,28.6,29.4,3.254,27.1,27.1,3.255,3.253,3.25,3.248,3.251,3.252,3.252,3.25,3.248,3.247,34.5,-31.126924514770508,98.74,0.998017191886902
2025-04-24 10:52:46,3.252,3.252,3.245,3.248,3.249,27.0,28.6,29.4,3.254,27.1,27.1,3.255,3.253,3.25,3.248,3.251,3.252,3.252,3.25,3.248,3.247,34.5,-31.126924514770508,98.74,1.101675271987915
2025-04-24 10:56:15,3.252,3.252,3.245,3.199,3.249,27.0,28.6,29.4,3.254,27.1,27.1,3.255,3.253,3.25,3.248,3.251,3.252,3.252,3.25,3.248,3.247,34.5,-31.126924514770508,98.74,1.101675271987915
2025-04-24 10:56:48,3.252,3.252,3.245,3.199,3.249,27.0,28.6,29.4,3.254,27.1,27.1,3.255,3.253,3.25,3.248,3.202,3.252,3.252,3.25,3.248,3.247,34.5,-31.126924514770508,98.74,1.101675271987915
2025-04-24 10:57:04,3.252,3.252,3.245,3.199,3.249,27.0,29.6,29.4,3.254,27.1,27.1,3.255,3.253,3.25,3.248,3.202,3.252,3.252,3.25,3.248,3.247,34.5,-31.126924514770508,98.74,1.101675271987915
2025-04-24 10:57:29,3.252,3.252,3.245,3.199,3.249,27.0,29.6,29.4,3.254,27.1,27.1,3.255,3.253,3.25,3.248,3.202,3.252,3.252,3.2,3.248,3.247,34.5,-31.126924514770508,98.74,1.101675271987915
2025-04-24 10:57:44,3.252,3.252,3.245,3.199,3.249,27.0,29.6,29.4,3.254,28.1,27.1,3.255,3.253,3.25,3.248,3.202,3.252,3.252,3.2,3.248,3.247,34.5,-31.126924514770508,98.74,1.101675271987915
2025-04-24 10:58:40,3.203,3.252,3.245,3.199,3.249,27.0,29.6,29.4,3.254,28.1,27.1,3.255,3.253,3.25,3.248,3.202,3.252,3.252,3.2,3.248,3.247,34.5,-31.126924514770508,98.74,1.101675271987915
2025-04-24 10:58:48,3.203,3.252,3.245,3.199,3.249,27.0,29.6,29.4,3.254,28.1,27.1,3.255,3.253,3.25,3.248,3.202,3.252,3.252,3.2,3.199,3.247,34.5,-31.126924514770508,98.74,1.101675271987915
2025-04-24 10:58:51,3.203,3.252,3.245,3.199,3.199,27.0,29.6,29.4,3.254,28.1,27.1,3.255,3.253,3.25,3.248,3.202,3.252,3.252,3.2,3.199,3.247,34.5,-31.126924514770508,98.74,1.101675271987915
2025-04-24 10:58:56,3.203,3.203,3.245,3.199,3.199,27.0,29.6,29.4,3.254,28.1,28.1,3.255,3.253,3.25,3.248,3.202,3.252,3.252,3.2,3.199,3.247,34.5,-31.126924514770508,98.74,1.101675271987915
2025-04-24 10:59:00,3.203,3.203,3.245,3.199,3.199,27.0,29.6,29.4,3.204,28.1,28.1,3.255,3.253,3.25,3.248,3.202,3.252,3.252,3.2,3.199,3.247,34.5,-31.126924514770508,98.74,1.101675271987915
2025-04-24 10:59:16,3.203,3.203,3.245,3.199,3.199,27.0,29.6,29.4,3.204,28.1,28.1,3.255,3.253,3.25,3.248,3.202,3.252,3.252,3.2,3.199,3.247,35.5,-31.126924514770508,98.74,1.101675271987915
2025-04-24 10:59:26,3.203,3.203,3.195,3.199,3.199,27.0,29.6,29.4,3.204,28.1,28.1,3.255,3.253,3.25,3.248,3.202,3.252,3.252,3.2,3.199,3.247,35.5,-31.126924514770508,98.74,1.101675271987915
2025-04-24 10:59:50,3.203,3.203,3.195,3.199,3.199,27.0,29.6,29.4,3.204,28.1,28.1,3.206,3.253,3.25,3.248,3.202,3.252,3.252,3.2,3.199,3.247,35.5,-31.126924514770508,98.74,1.101675271987915
2025-04-24 10:59:56,3.203,3.203,3.195,3.199,3.199,27.0,29.6,29.4,3.204,28.1,28.1,3.206,3.253,3.25,3.248,3.202,3.252,3.203,3.2,3.199,3.197,35.5,-31.126924514770508,98.74,1.101675271987915
2025-04-24 11:00:31,3.203,3.203,3.195,3.199,3.199,27.0,29.6,29.4,3.204,28.1,28.1,3.206,3.253,3.2,3.248,3.202,3.252,3.203,3.2,3.199,3.197,35.5,-31.126924514770508,98.74,1.101675271987915
2025-04-24 11:00:44,3.203,3.203,3.195,3.199,3.199,27.0,29.6,29.4,3.204,28.1,28.1,3.206,3.253,3.2,3.248,3.202,3.202,3.203,3.2,3.199,3.197,35.5,-31.126924514770508,98.74,1.101675271987915
2025-04-24 11:00:59,3.203,3.203,3.195,3.199,3.199,27.0,29.6,29.4,3.204,28.1,28.1,3.206,3.253,3.2,3.198,3.202,3.202,3.203,3.2,3.199,3.197,35.5,-31.126924514770508,98.74,1.101675271987915
2025-04-24 11:01:25,3.203,3.203,3.195,3.199,3.199,27.0,29.6,29.4,3.204,28.1,28.1,3.206,3.203,3.2,3.198,3.202,3.202,3.203,3.2,3.199,3.197,35.5,-31.126924514770508,98.74,1.101675271987915
2025-04-24 11:03:17,3.203,3.203,3.195,3.199,3.199,27.0,29.6,29.4,3.204,28.1,28.1,3.206,3.203,3.2,3.198,3.202,3.202,3.203,3.2,3.199,3.197,35.5,-0.1617402881383896,98.74,1.101675271987915
2025-04-24 11:03:23,3.203,3.203,3.195,3.199,3.199,27.0,29.6,29.4,3.204,28.1,28.1,3.206,3.203,3.2,3.198,3.202,3.202,3.203,3.2,3.199,3.247,35.5,-0.1617402881383896,98.74,1.101675271987915
2025-04-24 11:03:24,3.203,3.203,3.195,3.199,3.199,27.0,29.6,29.4,3.204,28.1,28.1,3.206,3.203,3.25,3.198,3.202,3.202,3.203,3.2,3.199,3.247,35.5,-0.1617402881383896,98.74,1.101675271987915
2025-04-24 11:03:25,3.203,3.203,3.195,3.199,3.199,27.0,29.6,29.4,3.204,28.1,28.1,3.206,3.253,3.25,3.198,3.202,3.202,3.203,3.2,3.249,3.247,35.5,-0.1617402881383896,98.74,1.101675271987915
2025-04-24 11:03:26,3.203,3.203,3.245,3.199,3.249,27.0,29.6,29.4,3.204,28.1,28.1,3.206,3.253,3.25,3.248,3.202,3.252,3.203,3.2,3.249,3.247,35.5,-0.1617402881383896,98.74,1.101675271987915
2025-04-24 11:03:27,3.203,3.203,3.245,3.248,3.249,27.0,29.6,29.4,3.204,28.1,28.1,3.206,3.253,3.25,3.248,3.202,3.252,3.203,3.25,3.249,3.247,35.5,-0.1617402881383896,98.74,1.101675271987915
2025-04-24 11:03:28,3.203,3.203,3.245,3.248,3.249,27.0,29.6,29.4,3.204,28.1,28.1,3.256,3.253,3.25,3.248,3.202,3.252,3.203,3.25,3.249,3.247,35.5,-0.1617402881383896,98.74,1.101675271987915
2025-04-24 11:03:29,3.203,3.203,3.245,3.248,3.249,27.0,29.6,29.4,3.254,28.1,28.1,3.256,3.253,3.25,3.248,3.252,3.252,3.253,3.25,3.249,3.247,35.5,-0.1617402881383896,98.74,1.101675271987915
2025-04-24 11:03:31,3.253,3.253,3.245,3.248,3.249,27.0,29.6,29.4,3.254,28.1,28.1,3.256,3.253,3.25,3.248,3.252,3.252,3.253,3.25,3.249,3.247,35.5,-0.1617402881383896,98.74,1.101675271987915
2025-04-24 11:03:47,3.253,3.253,3.245,3.248,3.249,27.0,29.6,29.4,3.254,28.1,28.1,3.256,3.253,3.25,3.248,3.252,3.252,3.253,3.25,3.249,3.247,35.5,30.871665954589844,98.74,1.101675271987915
2025-04-24 11:03:48,3.253,3.253,3.295,3.299,3.299,27.0,29.6,29.4,3.254,28.1,28.1,3.256,3.253,3.302,3.298,3.252,3.302,3.253,3.25,3.302,3.299,35.5,30.871665954589844,98.74,1.101675271987915
2025-04-24 11:03:49,3.304,3.253,3.295,3.299,3.299,27.0,29.6,29.4,3.305,28.1,28.1,3.309,3.308,3.302,3.298,3.308,3.302,3.305,3.307,3.302,3.299,35.5,30.871665954589844,98.74,1.101675271987915
2025-04-24 11:03:50,3.304,3.305,3.295,3.299,3.299,27.0,29.6,29.4,3.305,28.1,28.1,3.309,3.308,3.302,3.298,3.308,3.302,3.305,3.307,3.302,3.299,35.5,30.871665954589844,98.74,1.101675271987915
2025-04-24 11:04:08,3.304,3.305,3.295,3.299,3.299,27.0,29.6,29.4,3.305,28.1,28.1,3.309,3.308,3.302,3.298,3.308,3.302,3.305,3.307,3.302,3.299,35.5,30.871665954589844,99.75,1.101675271987915
2025-04-24 11:04:17,3.304,3.305,3.295,3.299,3.299,27.0,29.6,29.4,3.305,28.1,28.1,3.309,3.308,3.302,3.298,3.308,3.302,3.305,3.307,3.302,3.299,35.5,-0.1270773559808731,99.75,1.101675271987915
2025-04-24 11:04:47,3.212,3.219,3.209,3.299,3.215,27.0,29.6,29.4,3.216,28.1,28.1,3.229,3.216,3.21,3.217,3.211,3.213,3.215,3.307,3.302,3.211,35.5,-60.06549835205078,99.75,1.101675271987915
2025-04-24 11:04:48,3.212,3.219,3.209,3.194,3.215,27.0,29.6,29.4,3.216,28.1,28.1,3.229,3.216,3.21,3.217,3.211,3.213,3.215,3.194,3.195,3.211,35.5,-60.06549835205078,99.75,1.101675271987915
2025-04-24 11:04:56,3.212,3.219,3.209,3.194,3.215,27.0,29.6,29.4,3.216,28.1,28.1,3.177,3.216,3.21,3.217,3.211,3.213,3.215,3.194,3.195,3.211,35.5,-60.06549835205078,99.75,1.101675271987915
2025-04-24 11:04:58,3.212,3.219,3.209,3.194,3.215,27.0,29.6,29.4,3.216,28.1,28.1,3.177,3.216,3.21,3.167,3.211,3.213,3.215,3.194,3.195,3.211,35.5,-60.06549835205078,99.75,1.101675271987915
2025-04-24 11:04:59,3.212,3.219,3.209,3.194,3.165,27.0,29.6,29.4,3.216,28.1,28.1,3.177,3.216,3.21,3.167,3.211,3.213,3.215,3.194,3.195,3.211,35.5,-60.06549835205078,99.75,1.101675271987915
2025-04-24 11:05:00,3.212,3.219,3.209,3.194,3.165,27.0,29.6,29.4,3.216,28.1,28.1,3.177,3.216,3.21,3.167,3.161,3.213,3.215,3.194,3.195,3.161,35.5,-60.06549835205078,99.75,1.101675271987915
2025-04-24 11:05:01,3.212,3.168,3.158,3.194,3.165,27.0,29.6,29.4,3.216,28.1,28.1,3.177,3.216,3.21,3.167,3.161,3.213,3.215,3.194,3.195,3.161,35.5,-60.06549835205078,99.75,1.101675271987915
2025-04-24 11:05:03,3.162,3.168,3.158,3.194,3.165,27.0,29.6,29.4,3.166,28.1,28.1,3.177,3.216,3.21,3.167,3.161,3.213,3.165,3.194,3.195,3.161,35.5,-60.06549835205078,99.75,1.101675271987915
2025-04-24 11:05:05,3.162,3.168,3.158,3.194,3.165,27.0,29.6,29.4,3.166,28.1,28.1,3.177,3.166,3.16,3.167,3.161,3.163,3.165,3.194,3.195,3.161,35.5,-60.06549835205078,99.75,1.101675271987915
2025-04-24 11:05:13,3.162,3.168,3.158,3.144,3.165,27.0,29.6,29.4,3.166,28.1,28.1,3.177,3.166,3.16,3.167,3.161,3.163,3.165,3.194,3.195,3.161,35.5,-60.06549835205078,99.75,1.101675271987915
2025-04-24 11:05:17,3.219,3.168,3.158,3.144,3.165,27.0,29.6,29.4,3.166,28.1,28.1,3.177,3.225,3.16,3.167,3.161,3.163,3.165,3.194,3.213,3.161,35.5,-0.1587155014276504,99.75,1.101675271987915
2025-04-24 11:05:18,3.219,3.229,3.158,3.226,3.165,27.0,29.6,29.4,3.232,28.1,28.1,3.177,3.225,3.231,3.167,3.23,3.163,3.165,3.194,3.213,3.161,35.5,-0.1587155014276504,99.75,1.101675271987915
2025-04-24 11:05:19,3.219,3.229,3.229,3.226,3.165,27.0,29.6,29.4,3.232,28.1,28.1,3.177,3.225,3.231,3.167,3.23,3.236,3.165,3.194,3.213,3.233,35.5,-0.1587155014276504,99.75,1.101675271987915
2025-04-24 11:05:20,3.219,3.229,3.229,3.226,3.165,27.0,29.6,29.4,3.232,28.1,28.1,3.177,3.225,3.231,3.234,3.23,3.236,3.238,3.194,3.213,3.233,35.5,-0.1587155014276504,99.75,1.101675271987915
2025-04-24 11:05:22,3.219,3.229,3.229,3.226,3.165,27.0,29.6,29.4,3.232,28.1,28.1,3.247,3.225,3.231,3.234,3.23,3.236,3.238,3.194,3.213,3.233,35.5,-0.1587155014276504,99.75,1.101675271987915
2025-04-24 11:05:23,3.219,3.229,3.229,3.226,3.243,27.0,29.6,29.4,3.232,28.1,28.1,3.247,3.225,3.231,3.234,3.23,3.236,3.238,3.194,3.213,3.233,35.5,-0.1587155014276504,99.75,1.101675271987915
2025-04-24 11:05:27,3.219,3.229,3.229,3.226,3.243,27.0,29.6,29.4,3.232,28.1,28.1,3.247,3.225,3.231,3.234,3.23,3.236,3.238,3.25,3.213,3.233,35.5,-0.1587155014276504,99.75,1.101675271987915
2025-04-24 11:05:47,3.292,3.292,3.229,3.226,3.243,27.0,29.6,29.4,3.232,28.1,28.1,3.299,3.299,3.299,3.284,3.298,3.299,3.294,3.25,3.263,3.294,35.5,30.861106872558597,99.75,1.101675271987915
2025-04-24 11:05:48,3.292,3.292,3.299,3.304,3.304,27.0,29.6,29.4,3.304,28.1,28.1,3.299,3.299,3.299,3.284,3.298,3.299,3.294,3.304,3.263,3.294,35.5,30.861106872558597,99.75,1.101675271987915
2025-04-24 11:05:51,3.292,3.292,3.299,3.304,3.304,27.0,29.6,29.4,3.304,28.1,28.1,3.299,3.299,3.299,3.284,3.298,3.299,3.294,3.304,3.315,3.294,35.5,30.861106872558597,99.75,1.101675271987915
2025-04-24 11:06:17,3.292,3.292,3.299,3.304,3.304,27.0,29.6,29.4,3.304,28.1,28.1,3.299,3.299,3.299,3.284,3.298,3.299,3.294,3.304,3.315,3.294,35.5,-0.1273375004529953,99.75,1.101675271987915
2025-04-24 11:06:47,3.292,3.292,3.242,3.246,3.247,27.0,29.6,29.4,3.25,28.1,28.1,3.299,3.299,3.248,3.284,3.248,3.299,3.294,3.25,3.315,3.244,35.5,-31.115154266357425,99.75,1.101675271987915
2025-04-24 11:06:48,3.241,3.241,3.242,3.246,3.247,27.0,29.6,29.4,3.25,28.1,28.1,3.245,3.244,3.248,3.284,3.248,3.242,3.243,3.25,3.239,3.244,35.5,-31.115154266357425,99.75,1.101675271987915
2025-04-24 11:06:50,3.241,3.241,3.242,3.246,3.247,27.0,29.6,29.4,3.25,28.1,28.1,3.245,3.244,3.248,3.234,3.248,3.242,3.243,3.25,3.239,3.244,35.5,-31.115154266357425,99.75,1.101675271987915
2025-04-24 11:08:10,3.241,3.241,3.242,3.246,3.247,27.0,29.6,29.4,3.25,28.1,28.1,3.245,3.244,3.248,3.234,3.248,3.242,3.243,3.2,3.239,3.244,35.5,-31.115154266357425,99.75,1.101675271987915
2025-04-24 11:08:16,3.241,3.241,3.242,3.196,3.247,27.0,29.6,29.4,3.25,28.1,28.1,3.245,3.244,3.248,3.234,3.248,3.242,3.243,3.2,3.239,3.244,35.5,-31.115154266357425,99.75,1.101675271987915
2025-04-24 11:08:22,3.241,3.241,3.242,3.196,3.247,27.0,29.6,29.4,3.25,28.1,28.1,3.245,3.244,3.248,3.234,3.248,3.242,3.243,3.2,3.239,3.244,35.5,-31.115154266357425,98.74,1.101675271987915
2025-04-24 11:08:31,3.241,3.241,3.242,3.196,3.247,27.0,29.6,29.4,3.25,28.1,28.1,3.245,3.244,3.248,3.234,3.198,3.242,3.243,3.2,3.239,3.244,35.5,-31.115154266357425,98.74,1.101675271987915
2025-04-24 11:08:48,3.241,3.241,3.242,3.196,3.197,27.0,29.6,29.4,3.25,28.1,28.1,3.245,3.244,3.248,3.234,3.198,3.242,3.243,3.2,3.239,3.244,35.5,-31.115154266357425,98.74,1.101675271987915
2025-04-24 11:09:14,3.241,3.241,3.192,3.196,3.197,27.0,29.6,29.4,3.25,28.1,28.1,3.245,3.244,3.248,3.234,3.198,3.242,3.243,3.2,3.239,3.244,35.5,-31.115154266357425,98.74,1.101675271987915
2025-04-24 11:09:21,3.241,3.241,3.192,3.196,3.197,27.0,29.6,29.4,3.25,28.1,28.1,3.245,3.244,3.248,3.234,3.198,3.242,3.243,3.2,3.239,3.195,35.5,-31.115154266357425,98.74,1.101675271987915
2025-04-24 11:09:23,3.241,3.241,3.192,3.196,3.197,27.0,29.6,29.4,3.25,28.1,28.1,3.245,3.244,3.198,3.234,3.198,3.242,3.243,3.2,3.239,3.195,35.5,-31.115154266357425,98.74,1.101675271987915
2025-04-24 11:09:29,3.241,3.241,3.192,3.196,3.197,27.0,29.6,29.4,3.2,28.1,28.1,3.245,3.244,3.198,3.234,3.198,3.242,3.243,3.2,3.239,3.195,35.5,-31.115154266357425,98.74,1.101675271987915
2025-04-24 11:10:24,3.241,3.241,3.192,3.196,3.197,28.0,29.6,29.4,3.2,28.1,28.1,3.245,3.244,3.198,3.234,3.198,3.242,3.243,3.2,3.239,3.195,35.5,-31.115154266357425,98.74,1.101675271987915
2025-04-24 11:11:17,3.241,3.241,3.192,3.196,3.197,28.0,29.6,29.4,3.2,28.1,28.1,3.245,3.244,3.198,3.234,3.198,3.242,3.243,3.2,3.189,3.195,35.5,-31.115154266357425,98.74,1.101675271987915
2025-04-24 11:11:20,3.241,3.241,3.192,3.196,3.197,28.0,29.6,30.4,3.2,28.1,28.1,3.245,3.244,3.198,3.234,3.198,3.242,3.243,3.2,3.189,3.195,35.5,-31.115154266357425,98.74,1.101675271987915
2025-04-24 11:11:41,3.192,3.241,3.192,3.196,3.197,28.0,29.6,30.4,3.2,28.1,28.1,3.245,3.244,3.198,3.234,3.198,3.242,3.243,3.2,3.189,3.195,35.5,-31.115154266357425,98.74,1.101675271987915
2025-04-24 11:12:30,3.192,3.241,3.192,3.196,3.197,28.0,29.6,30.4,3.2,28.1,28.1,3.245,3.244,3.198,3.234,3.198,3.242,3.194,3.2,3.189,3.195,35.5,-31.115154266357425,98.74,1.101675271987915
2025-04-24 11:12:40,3.192,3.241,3.192,3.196,3.197,28.0,29.6,30.4,3.2,28.1,28.1,3.196,3.244,3.198,3.234,3.198,3.242,3.194,3.2,3.189,3.195,35.5,-31.115154266357425,98.74,1.101675271987915
2025-04-24 11:13:12,3.192,3.241,3.192,3.196,3.197,28.0,29.6,30.4,3.2,29.1,28.1,3.196,3.244,3.198,3.234,3.198,3.242,3.194,3.2,3.189,3.195,35.5,-31.115154266357425,98.74,1.101675271987915
2025-04-24 11:13:35,3.192,3.241,3.192,3.196,3.197,28.0,29.6,30.4,3.2,29.1,28.1,3.196,3.244,3.198,3.234,3.198,3.193,3.194,3.2,3.189,3.195,35.5,-31.115154266357425,98.74,1.101675271987915
2025-04-24 11:13:40,3.192,3.191,3.192,3.196,3.197,28.0,29.6,30.4,3.2,29.1,28.1,3.196,3.244,3.198,3.234,3.198,3.193,3.194,3.2,3.189,3.195,35.5,-31.115154266357425,98.74,1.101675271987915
2025-04-24 11:14:08,3.192,3.191,3.192,3.196,3.197,28.0,29.6,30.4,3.2,29.1,29.1,3.196,3.244,3.198,3.234,3.198,3.193,3.194,3.2,3.189,3.195,35.5,-31.115154266357425,98.74,1.101675271987915
2025-04-24 11:14:11,3.192,3.191,3.192,3.196,3.197,28.0,29.6,30.4,3.2,29.1,29.1,3.196,3.194,3.198,3.234,3.198,3.193,3.194,3.2,3.189,3.195,35.5,-31.115154266357425,98.74,1.101675271987915
2025-04-24 11:14:40,3.192,3.191,3.192,3.196,3.197,28.0,30.6,30.4,3.2,29.1,29.1,3.196,3.194,3.198,3.234,3.198,3.193,3.194,3.2,3.189,3.195,35.5,-31.115154266357425,98.74,1.101675271987915
2025-04-24 11:15:26,3.192,3.191,3.192,3.196,3.197,28.0,30.6,30.4,3.2,29.1,29.1,3.196,3.194,3.198,3.184,3.198,3.193,3.194,3.2,3.189,3.195,35.5,-31.115154266357425,98.74,1.101675271987915
2025-04-24 11:19:16,3.192,3.191,3.192,3.196,3.197,28.0,30.6,30.4,3.2,29.1,29.1,3.196,3.194,3.198,3.184,3.198,3.193,3.194,3.2,3.189,3.195,35.5,-31.115154266357425,98.74,1.2039518356323242
2025-04-24 11:19:17,3.192,3.191,3.192,3.196,3.197,28.0,30.6,30.4,3.2,29.1,29.1,3.196,3.194,3.198,3.184,3.198,3.193,3.194,3.2,3.189,3.195,35.5,-0.2110510170459747,98.74,1.2039518356323242
2025-04-24 11:19:30,3.192,3.191,3.192,3.196,3.197,28.0,30.6,30.4,3.2,29.1,29.1,3.196,3.194,3.198,3.234,3.198,3.193,3.194,3.2,3.189,3.195,35.5,-0.2110510170459747,98.74,1.2039518356323242
2025-04-24 11:19:33,3.192,3.191,3.192,3.196,3.197,28.0,30.6,30.4,3.2,29.1,29.1,3.196,3.244,3.198,3.234,3.198,3.193,3.194,3.2,3.239,3.195,35.5,-0.2110510170459747,98.74,1.2039518356323242
2025-04-24 11:19:36,3.192,3.191,3.192,3.196,3.197,28.0,30.6,30.4,3.2,29.1,29.1,3.196,3.244,3.198,3.234,3.198,3.243,3.194,3.2,3.239,3.195,35.5,-0.2110510170459747,98.74,1.2039518356323242
2025-04-24 11:19:37,3.192,3.241,3.192,3.196,3.197,28.0,30.6,30.4,3.2,29.1,29.1,3.196,3.244,3.198,3.234,3.198,3.243,3.194,3.2,3.239,3.195,35.5,-0.2110510170459747,98.74,1.2039518356323242
2025-04-24 11:19:41,3.192,3.241,3.192,3.196,3.197,28.0,30.6,30.4,3.2,29.1,29.1,3.246,3.244,3.198,3.234,3.198,3.243,3.244,3.2,3.239,3.195,35.5,-0.2110510170459747,98.74,1.2039518356323242
2025-04-24 11:19:45,3.242,3.241,3.192,3.196,3.197,28.0,30.6,30.4,3.2,29.1,29.1,3.246,3.244,3.198,3.234,3.198,3.243,3.244,3.2,3.239,3.195,35.5,-0.2110510170459747,98.74,1.2039518356323242
2025-04-24 11:19:47,3.242,3.241,3.273,3.277,3.28,28.0,30.6,30.4,3.279,29.1,29.1,3.246,3.244,3.279,3.234,3.279,3.243,3.244,3.275,3.239,3.278,35.5,30.82331275939941,98.74,1.2039518356323242
2025-04-24 11:19:48,3.242,3.241,3.273,3.277,3.28,28.0,30.6,30.4,3.279,29.1,29.1,3.246,3.244,3.279,3.284,3.279,3.243,3.244,3.275,3.239,3.278,35.5,30.82331275939941,98.74,1.2039518356323242
2025-04-24 11:19:49,3.242,3.241,3.273,3.277,3.28,28.0,30.6,30.4,3.279,29.1,29.1,3.246,3.244,3.279,3.284,3.279,3.243,3.244,3.275,3.291,3.278,35.5,30.82331275939941,98.74,1.2039518356323242
2025-04-24 11:19:50,3.242,3.241,3.273,3.277,3.28,28.0,30.6,30.4,3.279,29.1,29.1,3.246,3.295,3.279,3.284,3.279,3.293,3.244,3.275,3.291,3.278,35.5,30.82331275939941,98.74,1.2039518356323242
2025-04-24 11:19:51,3.242,3.29,3.273,3.277,3.28,28.0,30.6,30.4,3.279,29.1,29.1,3.296,3.295,3.279,3.284,3.279,3.293,3.244,3.275,3.291,3.278,35.5,30.82331275939941,98.74,1.2039518356323242
2025-04-24 11:19:52,3.292,3.29,3.273,3.277,3.28,28.0,30.6,30.4,3.279,29.1,29.1,3.296,3.295,3.279,3.284,3.279,3.293,3.296,3.275,3.291,3.278,35.5,30.82331275939941,98.74,1.2039518356323242
2025-04-24 11:20:08,3.292,3.29,3.273,3.277,3.28,28.0,30.6,30.4,3.279,29.1,29.1,3.296,3.295,3.279,3.284,3.279,3.293,3.296,3.275,3.291,3.278,35.5,30.82331275939941,99.75,1.2039518356323242
2025-04-24 11:20:17,3.292,3.29,3.273,3.277,3.28,28.0,30.6,30.4,3.279,29.1,29.1,3.296,3.295,3.279,3.284,3.279,3.293,3.296,3.275,3.291,3.278,35.5,-0.1697214692831039,99.75,1.2039518356323242
2025-04-24 11:20:47,3.292,3.29,3.273,3.277,3.28,28.0,30.6,30.4,3.212,29.1,29.1,3.296,3.216,3.205,3.284,3.279,3.206,3.296,3.275,3.291,3.278,35.5,-60.1317024230957,99.75,1.2039518356323242
2025-04-24 11:20:48,3.188,3.191,3.186,3.184,3.187,28.0,30.6,30.4,3.212,29.1,29.1,3.193,3.216,3.205,3.187,3.186,3.206,3.194,3.187,3.188,3.184,35.5,-60.1317024230957,99.75,1.2039518356323242
2025-04-24 11:20:55,3.188,3.191,3.186,3.184,3.187,28.0,30.6,30.4,3.212,29.1,29.1,3.193,3.165,3.205,3.187,3.186,3.206,3.194,3.187,3.188,3.184,35.5,-60.1317024230957,99.75,1.2039518356323242
2025-04-24 11:20:56,3.188,3.191,3.186,3.184,3.187,28.0,30.6,30.4,3.16,29.1,29.1,3.193,3.165,3.205,3.187,3.186,3.206,3.194,3.187,3.188,3.184,35.5,-60.1317024230957,99.75,1.2039518356323242
2025-04-24 11:20:57,3.188,3.191,3.186,3.184,3.187,28.0,30.6,30.4,3.16,29.1,29.1,3.193,3.165,3.155,3.187,3.186,3.206,3.194,3.187,3.188,3.184,35.5,-60.1317024230957,99.75,1.2039518356323242
2025-04-24 11:20:59,3.188,3.191,3.186,3.184,3.187,28.0,30.6,30.4,3.16,29.1,29.1,3.193,3.165,3.155,3.187,3.186,3.155,3.194,3.187,3.188,3.184,35.5,-60.1317024230957,99.75,1.2039518356323242
2025-04-24 11:21:03,3.188,3.191,3.186,3.184,3.187,28.0,30.6,30.4,3.16,29.1,29.1,3.193,3.165,3.155,3.187,3.186,3.155,3.194,3.187,3.138,3.184,35.5,-60.1317024230957,99.75,1.2039518356323242
2025-04-24 11:21:04,3.188,3.191,3.186,3.133,3.187,28.0,30.6,30.4,3.16,29.1,29.1,3.193,3.165,3.155,3.187,3.186,3.155,3.194,3.187,3.138,3.184,35.5,-60.1317024230957,99.75,1.2039518356323242
2025-04-24 11:21:05,3.188,3.191,3.136,3.133,3.187,28.0,30.6,30.4,3.16,29.1,29.1,3.193,3.165,3.155,3.187,3.136,3.155,3.194,3.137,3.138,3.184,35.5,-60.1317024230957,99.75,1.2039518356323242
2025-04-24 11:21:06,3.138,3.191,3.136,3.133,3.187,28.0,30.6,30.4,3.16,29.1,29.1,3.193,3.165,3.155,3.187,3.136,3.155,3.194,3.137,3.138,3.184,35.5,-60.1317024230957,99.75,1.2039518356323242
2025-04-24 11:21:07,3.138,3.191,3.136,3.133,3.137,28.0,30.6,30.4,3.16,29.1,29.1,3.193,3.165,3.155,3.187,3.136,3.155,3.144,3.137,3.138,3.184,35.5,-60.1317024230957,99.75,1.2039518356323242
2025-04-24 11:21:08,3.138,3.191,3.136,3.133,3.137,28.0,30.6,30.4,3.16,29.1,29.1,3.193,3.165,3.155,3.137,3.136,3.155,3.144,3.137,3.138,3.134,35.5,-60.1317024230957,99.75,1.2039518356323242
2025-04-24 11:21:09,3.138,3.191,3.136,3.133,3.137,28.0,30.6,30.4,3.16,29.1,29.1,3.143,3.165,3.155,3.137,3.136,3.155,3.144,3.137,3.138,3.134,35.5,-60.1317024230957,99.75,1.2039518356323242
2025-04-24 11:21:10,3.138,3.141,3.136,3.133,3.137,28.0,30.6,30.4,3.16,29.1,29.1,3.143,3.165,3.155,3.137,3.136,3.155,3.144,3.137,3.138,3.134,35.5,-60.1317024230957,99.75,1.2039518356323242
2025-04-24 11:21:17,3.138,3.141,3.136,3.133,3.137,28.0,30.6,30.4,3.16,29.1,29.1,3.143,3.165,3.155,3.137,3.136,3.155,3.144,3.137,3.138,3.134,35.5,-0.1709218472242355,99.75,1.2039518356323242
2025-04-24 11:21:18,3.138,3.209,3.136,3.204,3.209,28.0,30.6,30.4,3.16,29.1,29.1,3.143,3.165,3.155,3.208,3.136,3.155,3.211,3.206,3.138,3.207,35.5,-0.1709218472242355,99.75,1.2039518356323242
2025-04-24 11:21:19,3.215,3.209,3.212,3.204,3.209,28.0,30.6,30.4,3.219,29.1,29.1,3.221,3.165,3.155,3.208,3.216,3.222,3.211,3.206,3.217,3.207,35.5,-0.1709218472242355,99.75,1.2039518356323242
2025-04-24 11:21:21,3.215,3.209,3.212,3.204,3.209,28.0,30.6,30.4,3.219,29.1,29.1,3.221,3.23,3.155,3.208,3.216,3.222,3.211,3.206,3.217,3.207,35.5,-0.1709218472242355,99.75,1.2039518356323242
2025-04-24 11:21:24,3.215,3.209,3.212,3.204,3.209,28.0,30.6,30.4,3.219,29.1,29.1,3.221,3.23,3.231,3.208,3.216,3.222,3.211,3.206,3.217,3.207,35.5,-0.1709218472242355,99.75,1.2039518356323242
2025-04-24 11:21:47,3.215,3.209,3.212,3.204,3.209,28.0,30.6,30.4,3.277,29.1,29.1,3.275,3.23,3.231,3.277,3.216,3.282,3.211,3.206,3.217,3.207,35.5,30.86234664916992,99.75,1.2039518356323242
2025-04-24 11:21:48,3.282,3.282,3.28,3.284,3.286,28.0,30.6,30.4,3.277,29.1,29.1,3.275,3.291,3.289,3.277,3.286,3.282,3.285,3.286,3.286,3.286,35.5,30.86234664916992,99.75,1.2039518356323242
2025-04-24 11:22:17,3.282,3.282,3.28,3.284,3.286,28.0,30.6,30.4,3.277,29.1,29.1,3.275,3.291,3.289,3.277,3.286,3.282,3.285,3.286,3.286,3.286,35.5,-0.1380445212125778,99.75,1.2039518356323242
2025-04-24 11:22:47,3.232,3.282,3.227,3.229,3.235,28.0,30.6,30.4,3.277,29.1,29.1,3.275,3.236,3.235,3.277,3.233,3.282,3.233,3.231,3.233,3.231,35.5,-31.111122131347656,99.75,1.2039518356323242
2025-04-24 11:22:48,3.232,3.228,3.227,3.229,3.235,28.0,30.6,30.4,3.277,29.1,29.1,3.275,3.236,3.235,3.226,3.233,3.23,3.233,3.231,3.233,3.231,35.5,-31.111122131347656,99.75,1.2039518356323242
2025-04-24 11:22:49,3.232,3.228,3.227,3.229,3.235,28.0,30.6,30.4,3.227,29.1,29.1,3.275,3.236,3.235,3.226,3.233,3.23,3.233,3.231,3.233,3.231,35.5,-31.111122131347656,99.75,1.2039518356323242
2025-04-24 11:22:51,3.232,3.228,3.227,3.229,3.235,28.0,30.6,30.4,3.227,29.1,29.1,3.224,3.236,3.235,3.226,3.233,3.23,3.233,3.231,3.233,3.231,35.5,-31.111122131347656,99.75,1.2039518356323242
2025-04-24 11:23:44,3.232,3.228,3.227,3.229,3.235,29.0,30.6,30.4,3.227,29.1,29.1,3.224,3.236,3.235,3.226,3.233,3.23,3.233,3.231,3.233,3.231,35.5,-31.111122131347656,99.75,1.2039518356323242
2025-04-24 11:23:58,3.232,3.228,3.227,3.229,3.235,29.0,30.6,30.4,3.227,29.1,29.1,3.224,3.236,3.235,3.226,3.183,3.23,3.233,3.231,3.183,3.231,35.5,-31.111122131347656,99.75,1.2039518356323242
2025-04-24 11:24:01,3.232,3.228,3.227,3.229,3.185,29.0,30.6,30.4,3.227,29.1,29.1,3.224,3.236,3.235,3.226,3.183,3.23,3.233,3.231,3.183,3.231,35.5,-31.111122131347656,99.75,1.2039518356323242
2025-04-24 11:24:02,3.182,3.228,3.227,3.229,3.185,29.0,30.6,30.4,3.227,29.1,29.1,3.224,3.236,3.235,3.226,3.183,3.23,3.233,3.231,3.183,3.231,35.5,-31.111122131347656,99.75,1.2039518356323242
2025-04-24 11:24:07,3.182,3.228,3.227,3.179,3.185,29.0,30.6,30.4,3.227,29.1,29.1,3.224,3.236,3.235,3.226,3.183,3.23,3.233,3.231,3.183,3.231,35.5,-31.111122131347656,99.75,1.2039518356323242
2025-04-24 11:24:09,3.182,3.228,3.227,3.179,3.185,29.0,30.6,30.4,3.227,29.1,29.1,3.224,3.236,3.235,3.226,3.183,3.23,3.233,3.181,3.183,3.231,35.5,-31.111122131347656,99.75,1.2039518356323242
2025-04-24 11:24:12,3.182,3.228,3.227,3.179,3.185,29.0,30.6,30.4,3.227,29.1,29.1,3.224,3.236,3.235,3.226,3.183,3.23,3.233,3.181,3.183,3.231,35.5,-31.111122131347656,98.75,1.2039518356323242
2025-04-24 11:24:15,3.182,3.228,3.227,3.179,3.185,29.0,30.6,30.4,3.227,29.1,29.1,3.224,3.236,3.235,3.226,3.183,3.23,3.233,3.181,3.183,3.181,35.5,-31.111122131347656,98.75,1.2039518356323242
2025-04-24 11:24:20,3.182,3.228,3.227,3.179,3.185,29.0,30.6,30.4,3.227,29.1,29.1,3.224,3.236,3.185,3.226,3.183,3.23,3.233,3.181,3.183,3.181,35.5,-31.111122131347656,98.75,1.2039518356323242
2025-04-24 11:24:21,3.182,3.228,3.177,3.179,3.185,29.0,30.6,30.4,3.227,29.1,29.1,3.224,3.236,3.185,3.226,3.183,3.23,3.233,3.181,3.183,3.181,35.5,-31.111122131347656,98.75,1.2039518356323242
2025-04-24 11:24:52,3.182,3.228,3.177,3.179,3.185,29.0,30.6,30.4,3.227,29.1,29.1,3.224,3.236,3.185,3.226,3.183,3.23,3.183,3.181,3.183,3.181,35.5,-31.111122131347656,98.75,1.2039518356323242
2025-04-24 11:25:04,3.182,3.228,3.177,3.179,3.185,29.0,30.6,30.4,3.227,30.1,29.1,3.224,3.236,3.185,3.226,3.183,3.23,3.183,3.181,3.183,3.181,35.5,-31.111122131347656,98.75,1.2039518356323242
2025-04-24 11:25:09,3.182,3.228,3.177,3.179,3.185,29.0,30.6,30.4,3.227,30.1,29.1,3.224,3.186,3.185,3.226,3.183,3.23,3.183,3.181,3.183,3.181,35.5,-31.111122131347656,98.75,1.2039518356323242
2025-04-24 11:25:14,3.182,3.228,3.177,3.179,3.185,29.0,30.6,30.4,3.227,30.1,29.1,3.224,3.186,3.185,3.226,3.183,3.23,3.183,3.181,3.183,3.181,35.5,-31.111122131347656,97.75,1.2039518356323242
2025-04-24 11:25:17,3.182,3.228,3.177,3.179,3.185,29.0,30.6,30.4,3.227,30.1,29.1,3.224,3.186,3.185,3.176,3.183,3.23,3.183,3.181,3.183,3.181,35.5,-31.111122131347656,97.75,1.2039518356323242
2025-04-24 11:25:44,3.182,3.228,3.177,3.179,3.185,29.0,30.6,30.4,3.227,30.1,29.1,3.224,3.186,3.185,3.176,3.183,3.18,3.183,3.181,3.183,3.181,35.5,-31.111122131347656,97.75,1.2039518356323242
2025-04-24 11:25:51,3.182,3.178,3.177,3.179,3.185,29.0,30.6,30.4,3.227,30.1,29.1,3.224,3.186,3.185,3.176,3.183,3.18,3.183,3.181,3.183,3.181,35.5,-31.111122131347656,97.75,1.2039518356323242
2025-04-24 11:26:00,3.182,3.178,3.177,3.179,3.185,29.0,30.6,31.4,3.227,30.1,29.1,3.224,3.186,3.185,3.176,3.183,3.18,3.183,3.181,3.183,3.181,35.5,-31.111122131347656,97.75,1.2039518356323242
2025-04-24 11:26:16,3.182,3.178,3.177,3.179,3.185,29.0,30.6,31.4,3.227,30.1,30.1,3.224,3.186,3.185,3.176,3.183,3.18,3.183,3.181,3.183,3.181,35.5,-31.111122131347656,97.75,1.2039518356323242
2025-04-24 11:26:24,3.182,3.178,3.177,3.179,3.185,29.0,30.6,31.4,3.177,30.1,30.1,3.224,3.186,3.185,3.176,3.183,3.18,3.183,3.181,3.183,3.181,35.5,-31.111122131347656,97.75,1.2039518356323242
2025-04-24 11:27:34,3.182,3.178,3.177,3.179,3.185,29.0,30.6,31.4,3.177,30.1,30.1,3.174,3.186,3.185,3.176,3.183,3.18,3.183,3.181,3.183,3.181,35.5,-31.111122131347656,97.75,1.2039518356323242
2025-04-24 11:27:56,3.182,3.178,3.177,3.179,3.185,29.0,30.6,31.4,3.177,30.1,30.1,3.174,3.186,3.185,3.176,3.183,3.18,3.183,3.181,3.183,3.181,36.5,-31.111122131347656,97.75,1.2039518356323242
2025-04-24 11:28:24,3.182,3.178,3.177,3.179,3.185,29.0,31.6,31.4,3.177,30.1,30.1,3.174,3.186,3.185,3.176,3.183,3.18,3.183,3.181,3.183,3.181,36.5,-31.111122131347656,97.75,1.2039518356323242
2025-04-24 11:33:04,3.182,3.178,3.177,3.179,3.185,30.0,31.6,31.4,3.177,30.1,30.1,3.174,3.186,3.185,3.176,3.183,3.18,3.183,3.181,3.183,3.181,36.5,-31.111122131347656,97.75,1.2039518356323242
2025-04-24 11:33:28,3.182,3.178,3.177,3.179,3.185,30.0,31.6,31.4,3.177,31.1,30.1,3.174,3.186,3.185,3.176,3.183,3.18,3.183,3.181,3.183,3.181,36.5,-31.111122131347656,97.75,1.2039518356323242
2025-04-24 11:34:40,3.182,3.178,3.177,3.179,3.185,30.0,31.6,31.4,3.177,31.1,31.1,3.174,3.186,3.185,3.176,3.183,3.18,3.183,3.181,3.183,3.181,36.5,-31.111122131347656,97.75,1.2039518356323242
2025-04-24 11:35:17,3.182,3.178,3.177,3.179,3.185,30.0,31.6,31.4,3.177,31.1,31.1,3.174,3.186,3.185,3.176,3.183,3.18,3.183,3.181,3.183,3.181,36.5,-0.2138339579105377,97.75,1.2039518356323242
2025-04-24 11:35:47,3.182,3.178,3.24,3.245,3.25,30.0,31.6,31.4,3.243,31.1,31.1,3.246,3.254,3.247,3.242,3.241,3.25,3.236,3.243,3.247,3.247,36.5,30.834583282470703,97.75,1.2039518356323242
2025-04-24 11:35:48,3.248,3.251,3.24,3.245,3.25,30.0,31.6,31.4,3.243,31.1,31.1,3.246,3.254,3.247,3.242,3.241,3.25,3.236,3.243,3.247,3.247,36.5,30.834583282470703,97.75,1.2039518356323242
2025-04-24 11:35:55,3.248,3.251,3.24,3.245,3.25,30.0,31.6,31.4,3.243,31.1,31.1,3.246,3.254,3.247,3.242,3.241,3.25,3.236,3.243,3.247,3.247,36.5,30.834583282470703,98.76,1.2039518356323242
2025-04-24 11:36:11,3.248,3.251,3.24,3.245,3.25,30.0,31.6,31.4,3.243,31.1,31.1,3.246,3.254,3.247,3.242,3.241,3.25,3.236,3.243,3.247,3.247,36.5,30.834583282470703,99.77,1.2039518356323242
2025-04-24 11:36:15,3.248,3.251,3.24,3.245,3.25,30.0,31.6,31.4,3.243,31.1,31.1,3.246,3.254,3.247,3.242,3.241,3.25,3.286,3.243,3.247,3.247,36.5,30.834583282470703,99.77,1.2039518356323242
2025-04-24 11:36:17,3.248,3.251,3.24,3.245,3.25,30.0,31.6,31.4,3.243,31.1,31.1,3.246,3.254,3.247,3.242,3.241,3.25,3.286,3.243,3.247,3.247,36.5,-0.1556251645088195,99.77,1.2039518356323242
2025-04-24 11:36:24,3.248,3.251,3.24,3.245,3.25,30.0,31.6,32.4,3.243,31.1,31.1,3.246,3.254,3.247,3.242,3.241,3.25,3.286,3.243,3.247,3.247,36.5,-0.1556251645088195,99.77,1.2039518356323242
2025-04-24 11:36:47,3.168,3.177,3.164,3.169,3.175,30.0,31.6,32.4,3.175,31.1,31.1,3.174,3.183,3.175,3.169,3.167,3.176,3.179,3.17,3.17,3.168,36.5,-60.06862258911133,99.77,1.2039518356323242
2025-04-24 11:36:55,3.168,3.177,3.164,3.119,3.175,30.0,31.6,32.4,3.175,31.1,31.1,3.174,3.183,3.175,3.169,3.167,3.176,3.179,3.17,3.17,3.168,36.5,-60.06862258911133,99.77,1.2039518356323242
2025-04-24 11:36:56,3.168,3.177,3.164,3.119,3.124,30.0,31.6,32.4,3.175,31.1,31.1,3.174,3.183,3.175,3.169,3.167,3.176,3.179,3.119,3.119,3.168,36.5,-60.06862258911133,99.77,1.2039518356323242
2025-04-24 11:36:57,3.118,3.127,3.164,3.119,3.124,30.0,31.6,32.4,3.175,31.1,31.1,3.174,3.183,3.175,3.169,3.117,3.176,3.128,3.119,3.119,3.168,36.5,-60.06862258911133,99.77,1.2039518356323242
2025-04-24 11:36:58,3.118,3.127,3.113,3.119,3.124,30.0,31.6,32.4,3.124,31.1,31.1,3.124,3.131,3.123,3.118,3.117,3.126,3.128,3.119,3.119,3.116,36.5,-60.06862258911133,99.77,1.2039518356323242
2025-04-24 11:37:17,3.118,3.127,3.113,3.119,3.124,30.0,31.6,32.4,3.124,31.1,31.1,3.124,3.131,3.123,3.118,3.117,3.126,3.128,3.119,3.119,3.116,36.5,-0.1502606570720672,99.77,1.2039518356323242
2025-04-24 11:37:18,3.118,3.127,3.113,3.119,3.124,30.0,31.6,32.4,3.124,31.1,31.1,3.124,3.131,3.123,3.118,3.117,3.126,3.128,3.119,3.175,3.116,36.5,-0.1502606570720672,99.77,1.2039518356323242
2025-04-24 11:37:19,3.118,3.127,3.113,3.119,3.124,30.0,31.6,32.4,3.124,31.1,31.1,3.124,3.131,3.123,3.118,3.117,3.126,3.128,3.181,3.175,3.116,36.5,-0.1502606570720672,99.77,1.2039518356323242
2025-04-24 11:37:20,3.118,3.127,3.18,3.183,3.188,30.0,31.6,32.4,3.124,31.1,31.1,3.124,3.131,3.123,3.185,3.117,3.126,3.128,3.181,3.175,3.186,36.5,-0.1502606570720672,99.77,1.2039518356323242
2025-04-24 11:37:21,3.118,3.191,3.18,3.183,3.188,30.0,31.6,32.4,3.192,31.1,31.1,3.193,3.2,3.194,3.185,3.117,3.195,3.193,3.181,3.175,3.186,36.5,-0.1502606570720672,99.77,1.2039518356323242
2025-04-24 11:37:22,3.189,3.191,3.18,3.183,3.188,30.0,31.6,32.4,3.192,31.1,31.1,3.193,3.2,3.194,3.185,3.192,3.195,3.193,3.181,3.175,3.186,36.5,-0.1502606570720672,99.77,1.2039518356323242
2025-04-24 11:37:47,3.242,3.247,3.242,3.247,3.253,30.0,31.6,32.4,3.247,31.1,31.1,3.249,3.254,3.252,3.246,3.251,3.252,3.247,3.245,3.25,3.247,36.5,30.86380195617676,99.77,1.2039518356323242
2025-04-24 11:38:17,3.242,3.247,3.242,3.247,3.253,30.0,31.6,32.4,3.247,31.1,31.1,3.249,3.254,3.252,3.246,3.251,3.252,3.247,3.245,3.25,3.247,36.5,-0.1112252175807952,99.77,1.2039518356323242
2025-04-24 11:38:23,3.242,3.247,3.242,3.247,3.253,30.0,31.6,32.4,3.247,31.1,31.1,3.249,3.254,3.252,3.246,3.251,3.252,3.247,3.245,3.25,3.247,36.5,-0.1112252175807952,98.63,1.2039518356323242
2025-04-24 11:38:32,3.242,3.247,3.242,3.247,3.253,30.0,31.6,32.4,3.247,31.1,31.1,3.249,3.254,3.252,3.246,3.251,3.252,3.247,3.245,3.25,3.247,36.5,-0.1112252175807952,97.58,1.2039518356323242
2025-04-24 11:38:47,3.242,3.247,3.242,3.247,3.253,30.0,31.6,32.4,3.247,31.1,31.1,3.249,3.254,3.252,3.246,3.251,3.252,3.247,3.245,3.25,3.247,36.5,-31.09930419921875,97.58,1.2039518356323242
2025-04-24 11:38:48,3.242,3.247,3.242,3.197,3.253,30.0,31.6,32.4,3.247,31.1,31.1,3.249,3.254,3.202,3.246,3.197,3.252,3.247,3.245,3.25,3.247,36.5,-31.09930419921875,97.58,1.2039518356323242
2025-04-24 11:38:49,3.192,3.247,3.191,3.197,3.198,30.0,31.6,32.4,3.247,31.1,31.1,3.249,3.254,3.202,3.195,3.197,3.201,3.247,3.194,3.196,3.196,36.5,-31.09930419921875,97.58,1.2039518356323242
2025-04-24 11:38:50,3.192,3.197,3.191,3.197,3.198,30.0,31.6,32.4,3.197,31.1,31.1,3.198,3.202,3.202,3.195,3.197,3.201,3.247,3.194,3.196,3.196,36.5,-31.09930419921875,97.58,1.2039518356323242
2025-04-24 11:38:51,3.192,3.197,3.191,3.197,3.198,30.0,31.6,32.4,3.197,31.1,31.1,3.198,3.202,3.202,3.195,3.197,3.201,3.196,3.194,3.196,3.196,36.5,-31.09930419921875,97.58,1.2039518356323242
2025-04-24 11:39:41,3.192,3.197,3.191,3.197,3.198,30.0,31.6,32.4,3.197,31.1,31.1,3.198,3.202,3.202,3.195,3.197,3.201,3.196,3.194,3.196,3.196,36.5,-31.09930419921875,96.56,1.2039518356323242
2025-04-24 11:39:50,3.192,3.197,3.191,3.147,3.198,30.0,31.6,32.4,3.197,31.1,31.1,3.198,3.202,3.202,3.195,3.197,3.201,3.196,3.194,3.196,3.196,36.5,-31.09930419921875,96.56,1.2039518356323242
2025-04-24 11:40:03,3.192,3.197,3.191,3.147,3.198,30.0,31.6,32.4,3.197,31.1,31.1,3.198,3.202,3.202,3.195,3.147,3.201,3.196,3.194,3.196,3.196,36.5,-31.09930419921875,96.56,1.2039518356323242
2025-04-24 11:40:09,3.192,3.197,3.191,3.147,3.198,30.0,31.6,32.4,3.197,31.1,31.1,3.198,3.202,3.202,3.195,3.147,3.201,3.196,3.194,3.146,3.196,36.5,-31.09930419921875,96.56,1.2039518356323242
2025-04-24 11:40:10,3.192,3.197,3.191,3.147,3.198,30.0,31.6,32.4,3.197,31.1,31.1,3.198,3.202,3.152,3.195,3.147,3.201,3.196,3.194,3.146,3.196,36.5,-31.09930419921875,96.56,1.2039518356323242
2025-04-24 11:40:13,3.192,3.197,3.141,3.147,3.198,30.0,31.6,32.4,3.197,31.1,31.1,3.198,3.202,3.152,3.195,3.147,3.201,3.196,3.194,3.146,3.196,36.5,-31.09930419921875,96.56,1.2039518356323242
2025-04-24 11:40:15,3.192,3.197,3.141,3.147,3.198,30.0,31.6,32.4,3.197,31.1,31.1,3.198,3.202,3.152,3.195,3.147,3.201,3.196,3.144,3.146,3.146,36.5,-31.09930419921875,96.56,1.2039518356323242
2025-04-24 11:40:17,3.192,3.197,3.141,3.147,3.148,30.0,31.6,32.4,3.197,31.1,31.1,3.198,3.202,3.152,3.195,3.147,3.201,3.196,3.144,3.146,3.146,36.5,-31.09930419921875,96.56,1.2039518356323242
2025-04-24 11:40:26,3.192,3.197,3.141,3.147,3.148,30.0,31.6,32.4,3.197,31.1,31.1,3.198,3.202,3.152,3.145,3.147,3.201,3.196,3.144,3.146,3.146,36.5,-31.09930419921875,96.56,1.2039518356323242
2025-04-24 11:40:34,3.192,3.197,3.141,3.147,3.148,30.0,31.6,32.4,3.197,31.1,31.1,3.198,3.202,3.152,3.145,3.147,3.151,3.196,3.144,3.146,3.146,36.5,-31.09930419921875,96.56,1.2039518356323242
2025-04-24 11:40:35,3.142,3.197,3.141,3.147,3.148,30.0,31.6,32.4,3.197,31.1,31.1,3.198,3.202,3.152,3.145,3.147,3.151,3.196,3.144,3.146,3.146,36.5,-31.09930419921875,96.56,1.2039518356323242
2025-04-24 11:40:45,3.142,3.197,3.141,3.147,3.148,30.0,31.6,32.4,3.197,31.1,31.1,3.198,3.202,3.152,3.145,3.147,3.151,3.196,3.144,3.146,3.146,36.5,-31.09930419921875,95.56,1.2039518356323242
2025-04-24 11:40:49,3.142,3.197,3.141,3.147,3.148,30.0,31.6,32.4,3.147,31.1,31.1,3.198,3.202,3.152,3.145,3.147,3.151,3.196,3.144,3.146,3.146,36.5,-31.09930419921875,95.56,1.2039518356323242
2025-04-24 11:41:00,3.142,3.147,3.141,3.147,3.148,30.0,31.6,32.4,3.147,31.1,31.1,3.198,3.202,3.152,3.145,3.147,3.151,3.196,3.144,3.146,3.146,36.5,-31.09930419921875,95.56,1.2039518356323242
2025-04-24 11:41:03,3.142,3.147,3.141,3.147,3.148,30.0,31.6,32.4,3.147,31.1,31.1,3.148,3.202,3.152,3.145,3.147,3.151,3.196,3.144,3.146,3.146,36.5,-31.09930419921875,95.56,1.2039518356323242
2025-04-24 11:41:07,3.142,3.147,3.141,3.147,3.148,30.0,31.6,32.4,3.147,31.1,31.1,3.148,3.152,3.152,3.145,3.147,3.151,3.196,3.144,3.146,3.146,36.5,-31.09930419921875,95.56,1.2039518356323242
2025-04-24 11:41:09,3.142,3.147,3.141,3.147,3.148,30.0,31.6,32.4,3.147,31.1,31.1,3.148,3.152,3.152,3.145,3.147,3.151,3.146,3.144,3.146,3.146,36.5,-31.09930419921875,95.56,1.2039518356323242
2025-04-24 11:41:20,3.142,3.147,3.141,3.147,3.148,30.0,32.6,32.4,3.147,31.1,31.1,3.148,3.152,3.152,3.145,3.147,3.151,3.146,3.144,3.146,3.146,36.5,-31.09930419921875,95.56,1.2039518356323242
2025-04-24 11:41:51,3.142,3.147,3.141,3.147,3.148,30.0,32.6,32.4,3.147,31.1,31.1,3.148,3.152,3.152,3.145,3.147,3.151,3.146,3.144,3.146,3.146,36.5,-31.09930419921875,94.56,1.2039518356323242
2025-04-24 11:43:28,3.142,3.147,3.141,3.147,3.148,30.0,32.6,32.4,3.147,32.1,31.1,3.148,3.152,3.152,3.145,3.147,3.151,3.146,3.144,3.146,3.146,36.5,-31.09930419921875,94.56,1.2039518356323242
2025-04-24 11:43:52,3.142,3.147,3.141,3.147,3.148,31.0,32.6,32.4,3.147,32.1,31.1,3.148,3.152,3.152,3.145,3.147,3.151,3.146,3.144,3.146,3.146,36.5,-31.09930419921875,94.56,1.2039518356323242
2025-04-24 11:44:48,3.142,3.147,3.141,3.147,3.148,31.0,32.6,32.4,3.147,32.1,32.1,3.148,3.152,3.152,3.145,3.147,3.151,3.146,3.144,3.146,3.146,36.5,-31.09930419921875,94.56,1.2039518356323242
2025-04-24 11:47:39,3.142,3.147,3.141,3.147,3.148,31.0,32.6,32.4,3.147,32.1,32.1,3.148,3.152,3.152,3.145,3.147,3.151,3.146,3.144,3.146,3.146,36.5,-31.09930419921875,94.56,1.3048151731491089
2025-04-24 11:48:25,3.142,3.147,3.141,3.147,3.148,31.0,32.6,33.4,3.147,32.1,32.1,3.148,3.152,3.152,3.145,3.147,3.151,3.146,3.144,3.146,3.146,36.5,-31.09930419921875,94.56,1.3048151731491089
2025-04-24 11:48:55,3.142,3.147,3.141,3.097,3.148,31.0,32.6,33.4,3.147,32.1,32.1,3.148,3.152,3.152,3.145,3.147,3.151,3.146,3.144,3.146,3.146,36.5,-31.09930419921875,94.56,1.3048151731491089
2025-04-24 11:49:15,3.142,3.147,3.141,3.097,3.148,31.0,32.6,33.4,3.147,32.1,32.1,3.148,3.152,3.152,3.145,3.147,3.151,3.146,3.144,3.096,3.146,36.5,-31.09930419921875,94.56,1.3048151731491089
2025-04-24 11:49:26,3.092,3.147,3.141,3.097,3.148,31.0,32.6,33.4,3.147,32.1,32.1,3.148,3.152,3.152,3.145,3.147,3.151,3.146,3.144,3.096,3.146,36.5,-31.09930419921875,94.56,1.3048151731491089
2025-04-24 11:49:31,3.092,3.147,3.141,3.097,3.148,31.0,32.6,33.4,3.147,32.1,32.1,3.148,3.152,3.152,3.145,3.097,3.151,3.146,3.144,3.096,3.146,36.5,-31.09930419921875,94.56,1.3048151731491089
2025-04-24 11:49:48,3.092,3.147,3.141,3.097,3.148,31.0,32.6,33.4,3.147,32.1,32.1,3.148,3.152,3.152,3.145,3.097,3.151,3.146,3.094,3.096,3.146,36.5,-31.09930419921875,94.56,1.3048151731491089
2025-04-24 11:49:53,3.092,3.147,3.091,3.097,3.148,31.0,32.6,33.4,3.147,32.1,32.1,3.148,3.152,3.152,3.145,3.097,3.151,3.146,3.094,3.096,3.146,36.5,-31.09930419921875,94.56,1.3048151731491089
2025-04-24 11:50:06,3.092,3.147,3.091,3.097,3.148,31.0,32.6,33.4,3.147,32.1,32.1,3.148,3.152,3.152,3.145,3.097,3.151,3.146,3.094,3.096,3.096,36.5,-31.09930419921875,94.56,1.3048151731491089
2025-04-24 11:50:17,3.092,3.147,3.091,3.097,3.099,31.0,32.6,33.4,3.147,32.1,32.1,3.148,3.152,3.152,3.145,3.097,3.151,3.146,3.094,3.096,3.096,36.5,-31.09930419921875,94.56,1.3048151731491089
2025-04-24 11:50:33,3.092,3.147,3.091,3.097,3.099,31.0,33.6,33.4,3.147,32.1,32.1,3.148,3.152,3.152,3.145,3.097,3.151,3.146,3.094,3.096,3.096,36.5,-31.09930419921875,94.56,1.3048151731491089
2025-04-24 11:50:41,3.092,3.147,3.091,3.097,3.099,31.0,33.6,33.4,3.147,33.1,32.1,3.148,3.152,3.152,3.095,3.097,3.151,3.146,3.094,3.096,3.096,36.5,-31.09930419921875,94.56,1.3048151731491089
2025-04-24 11:50:51,3.092,3.147,3.091,3.097,3.099,31.0,33.6,33.4,3.147,33.1,32.1,3.148,3.152,3.102,3.095,3.097,3.151,3.146,3.094,3.096,3.096,36.5,-31.09930419921875,94.56,1.3048151731491089
2025-04-24 11:50:58,3.092,3.147,3.091,3.097,3.099,31.0,33.6,33.4,3.147,33.1,32.1,3.098,3.152,3.102,3.095,3.097,3.151,3.146,3.094,3.096,3.096,36.5,-31.09930419921875,94.56,1.3048151731491089
2025-04-24 11:51:05,3.092,3.147,3.091,3.097,3.099,32.0,33.6,33.4,3.147,33.1,32.1,3.098,3.152,3.102,3.095,3.097,3.151,3.146,3.094,3.096,3.096,36.5,-31.09930419921875,94.56,1.3048151731491089
2025-04-24 11:51:12,3.092,3.147,3.091,3.097,3.099,32.0,33.6,33.4,3.097,33.1,32.1,3.098,3.152,3.102,3.095,3.097,3.151,3.146,3.094,3.096,3.096,36.5,-31.09930419921875,94.56,1.3048151731491089
2025-04-24 11:51:18,3.092,3.147,3.091,3.097,3.099,32.0,33.6,33.4,3.097,33.1,32.1,3.098,3.152,3.102,3.095,3.097,3.151,3.146,3.094,3.096,3.096,36.5,-0.1729210764169693,94.56,1.3048151731491089
2025-04-24 11:51:21,3.092,3.147,3.091,3.097,3.15,32.0,33.6,33.4,3.15,33.1,32.1,3.15,3.152,3.154,3.145,3.097,3.151,3.146,3.094,3.096,3.146,36.5,-0.1729210764169693,94.56,1.3048151731491089
2025-04-24 11:51:22,3.092,3.147,3.091,3.097,3.15,32.0,33.6,33.4,3.15,33.1,32.1,3.15,3.152,3.154,3.145,3.097,3.151,3.146,3.094,3.146,3.146,36.5,-0.1729210764169693,94.56,1.3048151731491089
2025-04-24 11:51:23,3.092,3.147,3.141,3.097,3.15,32.0,33.6,33.4,3.15,33.1,32.1,3.15,3.152,3.154,3.145,3.097,3.151,3.146,3.094,3.146,3.146,36.5,-0.1729210764169693,94.56,1.3048151731491089
2025-04-24 11:51:24,3.092,3.147,3.141,3.097,3.15,32.0,33.6,33.4,3.15,33.1,32.1,3.15,3.152,3.154,3.145,3.097,3.151,3.146,3.145,3.146,3.146,36.5,-0.1729210764169693,94.56,1.3048151731491089
2025-04-24 11:51:25,3.092,3.147,3.141,3.149,3.15,32.0,33.6,33.4,3.15,33.1,32.1,3.15,3.152,3.154,3.145,3.147,3.151,3.146,3.145,3.146,3.146,36.5,-0.1729210764169693,94.56,1.3048151731491089
2025-04-24 11:51:31,3.143,3.147,3.141,3.149,3.15,32.0,33.6,33.4,3.15,33.1,32.1,3.15,3.152,3.154,3.145,3.147,3.151,3.146,3.145,3.146,3.146,36.5,-0.1729210764169693,94.56,1.3048151731491089
2025-04-24 11:51:37,3.143,3.147,3.141,3.149,3.15,32.0,33.6,33.4,3.15,33.1,33.1,3.15,3.152,3.154,3.145,3.147,3.151,3.146,3.145,3.146,3.146,36.5,-0.1729210764169693,94.56,1.3048151731491089
2025-04-24 11:51:48,3.143,3.218,3.202,3.208,3.217,32.0,33.6,33.4,3.213,33.1,33.1,3.213,3.224,3.218,3.21,3.204,3.221,3.215,3.206,3.215,3.215,36.5,30.85535430908203,94.56,1.3048151731491089
2025-04-24 11:51:49,3.195,3.218,3.202,3.208,3.217,32.0,33.6,33.4,3.213,33.1,33.1,3.213,3.224,3.218,3.21,3.204,3.221,3.215,3.206,3.215,3.215,36.5,30.85535430908203,94.56,1.3048151731491089
2025-04-24 11:51:53,3.195,3.218,3.202,3.208,3.217,32.0,33.6,33.4,3.213,33.1,33.1,3.213,3.224,3.218,3.21,3.204,3.221,3.215,3.206,3.215,3.215,36.5,30.85535430908203,95.59,1.3048151731491089
2025-04-24 11:51:59,3.195,3.218,3.202,3.208,3.217,32.0,33.6,33.4,3.213,33.1,33.1,3.213,3.224,3.218,3.21,3.204,3.221,3.215,3.206,3.215,3.215,36.5,30.85535430908203,96.7,1.3048151731491089
2025-04-24 11:52:14,3.195,3.218,3.202,3.208,3.217,32.0,33.6,33.4,3.213,33.1,33.1,3.213,3.224,3.218,3.21,3.204,3.221,3.215,3.206,3.215,3.215,36.5,30.85535430908203,97.71,1.3048151731491089
2025-04-24 11:52:16,3.195,3.218,3.202,3.258,3.217,32.0,33.6,33.4,3.213,33.1,33.1,3.213,3.224,3.218,3.21,3.204,3.221,3.215,3.206,3.215,3.215,36.5,30.85535430908203,97.71,1.3048151731491089
2025-04-24 11:52:17,3.195,3.218,3.202,3.258,3.217,32.0,33.6,33.4,3.213,33.1,33.1,3.213,3.224,3.218,3.21,3.254,3.221,3.215,3.206,3.215,3.215,36.5,30.85535430908203,97.71,1.3048151731491089
2025-04-24 11:52:18,3.195,3.218,3.202,3.258,3.217,32.0,33.6,33.4,3.213,33.1,33.1,3.213,3.224,3.218,3.21,3.254,3.221,3.215,3.206,3.215,3.215,36.5,-0.1444461196660995,97.71,1.3048151731491089
2025-04-24 11:52:48,3.195,3.155,3.202,3.142,3.157,32.0,33.6,33.4,3.213,33.1,33.1,3.213,3.155,3.151,3.146,3.142,3.15,3.155,3.206,3.15,3.145,36.5,-60.08837127685547,97.71,1.3048151731491089
2025-04-24 11:52:49,3.122,3.155,3.128,3.142,3.157,32.0,33.6,33.4,3.138,33.1,33.1,3.137,3.155,3.151,3.146,3.142,3.15,3.155,3.129,3.15,3.145,36.5,-60.08837127685547,97.71,1.3048151731491089
2025-04-24 11:52:53,3.122,3.155,3.128,3.142,3.106,32.0,33.6,33.4,3.138,33.1,33.1,3.137,3.155,3.151,3.146,3.142,3.15,3.155,3.129,3.15,3.145,36.5,-60.08837127685547,97.71,1.3048151731491089
2025-04-24 11:52:54,3.122,3.155,3.128,3.086,3.106,32.0,33.6,33.4,3.138,33.1,33.1,3.137,3.155,3.151,3.146,3.092,3.15,3.155,3.129,3.095,3.145,36.5,-60.08837127685547,97.71,1.3048151731491089
2025-04-24 11:52:55,3.122,3.104,3.128,3.086,3.106,32.0,33.6,33.4,3.138,33.1,33.1,3.137,3.105,3.099,3.096,3.092,3.15,3.102,3.129,3.095,3.093,36.5,-60.08837127685547,97.71,1.3048151731491089
2025-04-24 11:52:56,3.122,3.104,3.128,3.086,3.106,32.0,33.6,33.4,3.138,33.1,33.1,3.137,3.105,3.099,3.096,3.092,3.1,3.102,3.129,3.095,3.093,36.5,-60.08837127685547,97.71,1.3048151731491089
2025-04-24 11:52:57,3.071,3.104,3.128,3.086,3.106,32.0,33.6,33.4,3.138,33.1,33.1,3.137,3.105,3.099,3.096,3.092,3.1,3.102,3.129,3.095,3.093,36.5,-60.08837127685547,97.71,1.3048151731491089
2025-04-24 11:52:58,3.071,3.104,3.074,3.086,3.106,32.0,33.6,33.4,3.138,33.1,33.1,3.137,3.105,3.099,3.096,3.092,3.1,3.102,3.077,3.095,3.093,36.5,-60.08837127685547,97.71,1.3048151731491089
2025-04-24 11:52:59,3.071,3.104,3.074,3.086,3.106,32.0,33.6,33.4,3.085,33.1,33.1,3.083,3.105,3.099,3.096,3.092,3.1,3.102,3.077,3.095,3.093,36.5,-60.08837127685547,97.71,1.3048151731491089
2025-04-24 11:53:06,3.071,3.104,3.074,3.086,3.106,32.0,33.6,33.4,3.085,33.1,33.1,3.083,3.105,3.099,3.096,3.092,3.1,3.102,3.077,3.045,3.093,36.5,-60.08837127685547,97.71,1.3048151731491089
2025-04-24 11:53:08,3.071,3.104,3.074,3.036,3.055,32.0,33.6,33.4,3.085,33.1,33.1,3.083,3.105,3.099,3.096,3.042,3.1,3.102,3.077,3.045,3.093,36.5,-60.08837127685547,97.71,1.3048151731491089
2025-04-24 11:53:10,3.071,3.104,3.074,3.036,3.055,32.0,33.6,33.4,3.085,33.1,33.1,3.083,3.105,3.099,3.045,3.042,3.1,3.102,3.077,3.045,3.093,36.5,-60.08837127685547,97.71,1.3048151731491089
2025-04-24 11:53:12,3.071,3.104,3.074,3.036,3.055,32.0,33.6,33.4,3.085,33.1,33.1,3.083,3.105,3.048,3.045,3.042,3.1,3.102,3.077,3.045,3.04,36.5,-60.08837127685547,97.71,1.3048151731491089
2025-04-24 11:53:13,3.071,3.054,3.074,3.036,3.055,32.0,33.6,33.4,3.085,33.1,33.1,3.083,3.105,3.048,3.045,3.042,3.1,3.102,3.077,3.045,3.04,36.5,-60.08837127685547,97.71,1.3048151731491089
2025-04-24 11:53:14,3.071,3.054,3.074,3.036,3.055,32.0,33.6,33.4,3.085,33.1,33.1,3.083,3.105,3.048,3.045,3.042,3.1,3.102,3.026,3.045,3.04,36.5,-60.08837127685547,97.71,1.3048151731491089
2025-04-24 11:53:15,3.02,3.054,3.023,3.036,3.055,32.0,33.6,33.4,3.085,33.1,33.1,3.083,3.105,3.048,3.045,3.042,3.1,3.102,3.026,3.045,3.04,36.5,-60.08837127685547,97.71,1.3048151731491089
2025-04-24 11:53:16,3.02,3.054,3.023,3.036,3.055,32.0,33.6,33.4,3.085,33.1,33.1,3.083,3.053,3.048,3.045,3.042,3.1,3.05,3.026,3.045,3.04,36.5,-60.08837127685547,97.71,1.3048151731491089
2025-04-24 11:53:18,3.089,3.121,3.091,3.036,3.106,32.0,33.6,33.4,3.085,33.1,33.1,3.083,3.129,3.121,3.107,3.097,3.1,3.119,3.094,3.045,3.106,36.5,-0.1562536805868148,97.71,1.3048151731491089
2025-04-24 11:53:19,3.089,3.121,3.091,3.11,3.106,32.0,33.6,33.4,3.085,33.1,33.1,3.083,3.129,3.121,3.107,3.097,3.1,3.119,3.094,3.045,3.106,36.5,-0.1562536805868148,97.71,1.3048151731491089
2025-04-24 11:53:20,3.089,3.121,3.091,3.11,3.106,32.0,33.6,33.4,3.085,33.1,33.1,3.083,3.129,3.121,3.107,3.097,3.1,3.119,3.094,3.127,3.106,36.5,-0.1562536805868148,97.71,1.3048151731491089
2025-04-24 11:53:21,3.089,3.121,3.091,3.11,3.106,32.0,33.6,33.4,3.143,33.1,33.1,3.083,3.129,3.121,3.107,3.097,3.1,3.119,3.094,3.127,3.106,36.5,-0.1562536805868148,97.71,1.3048151731491089
2025-04-24 11:53:22,3.089,3.121,3.091,3.11,3.106,32.0,33.6,33.4,3.143,33.1,33.1,3.146,3.129,3.121,3.107,3.097,3.153,3.119,3.094,3.127,3.106,36.5,-0.1562536805868148,97.71,1.3048151731491089
2025-04-24 11:53:24,3.089,3.121,3.091,3.11,3.156,32.0,33.6,33.4,3.143,33.1,33.1,3.146,3.129,3.121,3.107,3.097,3.153,3.119,3.094,3.127,3.106,36.5,-0.1562536805868148,97.71,1.3048151731491089
2025-04-24 11:53:25,3.089,3.121,3.141,3.11,3.156,32.0,33.6,33.4,3.143,33.1,33.1,3.146,3.129,3.121,3.107,3.097,3.153,3.119,3.144,3.127,3.106,36.5,-0.1562536805868148,97.71,1.3048151731491089
2025-04-24 11:53:26,3.089,3.121,3.141,3.11,3.156,32.0,33.6,33.4,3.143,33.1,33.1,3.146,3.129,3.121,3.107,3.147,3.153,3.119,3.144,3.127,3.157,36.5,-0.1562536805868148,97.71,1.3048151731491089
2025-04-24 11:53:28,3.089,3.121,3.141,3.11,3.156,32.0,33.6,33.4,3.143,33.1,33.1,3.146,3.129,3.121,3.157,3.147,3.153,3.119,3.144,3.127,3.157,36.5,-0.1562536805868148,97.71,1.3048151731491089
2025-04-24 11:53:29,3.14,3.121,3.141,3.11,3.156,32.0,33.6,33.4,3.143,33.1,33.1,3.146,3.129,3.121,3.157,3.147,3.153,3.119,3.144,3.127,3.157,36.5,-0.1562536805868148,97.71,1.3048151731491089
2025-04-24 11:53:31,3.14,3.121,3.141,3.11,3.156,32.0,33.6,33.4,3.143,33.1,33.1,3.146,3.129,3.121,3.157,3.147,3.153,3.169,3.144,3.127,3.157,36.5,-0.1562536805868148,97.71,1.3048151731491089
2025-04-24 11:53:32,3.14,3.171,3.141,3.11,3.156,32.0,33.6,33.4,3.143,33.1,33.1,3.146,3.129,3.172,3.157,3.147,3.153,3.169,3.144,3.127,3.157,36.5,-0.1562536805868148,97.71,1.3048151731491089
2025-04-24 11:53:33,3.14,3.171,3.141,3.16,3.156,32.0,33.6,33.4,3.143,33.1,33.1,3.146,3.129,3.172,3.157,3.147,3.153,3.169,3.144,3.127,3.157,37.5,-0.1562536805868148,97.71,1.3048151731491089
2025-04-24 11:53:34,3.14,3.171,3.141,3.16,3.156,32.0,33.6,33.4,3.143,33.1,33.1,3.146,3.179,3.172,3.157,3.147,3.153,3.169,3.144,3.127,3.157,37.5,-0.1562536805868148,97.71,1.3048151731491089
2025-04-24 11:53:43,3.14,3.171,3.141,3.16,3.156,32.0,33.6,33.4,3.143,33.1,33.1,3.146,3.179,3.172,3.157,3.147,3.153,3.169,3.144,3.177,3.157,37.5,-0.1562536805868148,97.71,1.3048151731491089
2025-04-24 11:53:48,3.193,3.171,3.203,3.16,3.219,32.0,33.6,33.4,3.211,33.1,33.1,3.212,3.179,3.172,3.208,3.205,3.219,3.169,3.204,3.177,3.215,37.5,30.856687545776367,97.71,1.3048151731491089
2025-04-24 11:53:49,3.193,3.221,3.203,3.214,3.219,32.0,33.6,33.4,3.211,33.1,33.1,3.212,3.179,3.222,3.208,3.205,3.219,3.22,3.204,3.177,3.215,37.5,30.856687545776367,97.71,1.3048151731491089
2025-04-24 11:53:50,3.193,3.221,3.203,3.214,3.219,32.0,33.6,33.4,3.211,33.1,33.1,3.212,3.23,3.222,3.208,3.205,3.219,3.22,3.204,3.227,3.215,37.5,30.856687545776367,97.71,1.3048151731491089
2025-04-24 11:54:16,3.193,3.221,3.203,3.214,3.219,32.0,33.6,33.4,3.211,33.1,33.1,3.212,3.23,3.222,3.208,3.205,3.219,3.22,3.254,3.227,3.215,37.5,30.856687545776367,97.71,1.3048151731491089
2025-04-24 11:54:17,3.243,3.221,3.203,3.214,3.219,32.0,33.6,33.4,3.211,33.1,33.1,3.212,3.23,3.222,3.208,3.255,3.219,3.22,3.254,3.227,3.215,37.5,30.856687545776367,97.71,1.3048151731491089
2025-04-24 11:54:18,3.243,3.221,3.203,3.214,3.219,32.0,33.6,33.4,3.211,33.1,33.1,3.212,3.23,3.222,3.208,3.255,3.219,3.22,3.254,3.227,3.215,37.5,-0.1327888369560241,97.71,1.3048151731491089
2025-04-24 11:54:21,3.243,3.221,3.203,3.214,3.219,32.0,33.6,33.4,3.211,33.1,33.1,3.212,3.23,3.222,3.208,3.255,3.219,3.22,3.254,3.227,3.215,37.5,-0.1327888369560241,96.5,1.3048151731491089
2025-04-24 11:54:24,3.243,3.221,3.203,3.214,3.219,32.0,33.6,33.4,3.211,33.1,33.1,3.212,3.23,3.222,3.208,3.255,3.219,3.22,3.254,3.227,3.215,37.5,-0.1327888369560241,95.26,1.3048151731491089
2025-04-24 11:54:28,3.243,3.221,3.203,3.214,3.219,32.0,33.6,33.4,3.211,33.1,33.1,3.212,3.23,3.222,3.208,3.255,3.219,3.22,3.254,3.227,3.215,37.5,-0.1327888369560241,94.04,1.3048151731491089
2025-04-24 11:54:34,3.243,3.221,3.203,3.214,3.219,32.0,33.6,33.4,3.211,33.1,33.1,3.212,3.23,3.222,3.208,3.255,3.219,3.22,3.254,3.227,3.215,37.5,-0.1327888369560241,92.95,1.3048151731491089
2025-04-24 11:54:47,3.243,3.221,3.203,3.214,3.219,32.0,33.6,33.4,3.211,33.1,33.1,3.212,3.23,3.222,3.208,3.255,3.219,3.22,3.254,3.227,3.215,37.5,-2.503513813018799,92.95,1.3048151731491089
2025-04-24 11:54:48,3.17,3.221,3.203,3.214,3.219,32.0,33.6,33.4,3.211,33.1,33.1,3.212,3.23,3.222,3.208,3.177,3.219,3.22,3.179,3.227,3.215,37.5,-31.10344886779785,92.95,1.3048151731491089
2025-04-24 11:54:50,3.17,3.221,3.203,3.214,3.219,32.0,33.6,33.4,3.211,33.1,33.1,3.212,3.177,3.222,3.208,3.177,3.219,3.22,3.179,3.173,3.215,37.5,-31.10344886779785,91.94,1.3048151731491089
2025-04-24 11:54:51,3.17,3.221,3.203,3.163,3.219,32.0,33.6,33.4,3.211,33.1,33.1,3.212,3.177,3.172,3.208,3.177,3.219,3.22,3.179,3.173,3.215,37.5,-31.10344886779785,91.94,1.3048151731491089
2025-04-24 11:54:52,3.17,3.169,3.203,3.163,3.169,32.0,33.6,33.4,3.211,33.1,33.1,3.212,3.177,3.172,3.208,3.177,3.169,3.168,3.179,3.173,3.215,37.5,-31.10344886779785,91.94,1.3048151731491089
2025-04-24 11:54:53,3.17,3.169,3.203,3.163,3.169,32.0,33.6,33.4,3.211,33.1,33.1,3.212,3.177,3.172,3.208,3.177,3.169,3.168,3.179,3.173,3.163,37.5,-31.10344886779785,91.94,1.3048151731491089
2025-04-24 11:54:54,3.17,3.169,3.153,3.163,3.169,32.0,33.6,33.4,3.211,33.1,33.1,3.212,3.177,3.172,3.208,3.177,3.169,3.168,3.179,3.173,3.163,37.5,-31.10344886779785,91.94,1.3048151731491089
2025-04-24 11:54:55,3.17,3.169,3.153,3.163,3.169,32.0,33.6,33.4,3.211,33.1,33.1,3.212,3.177,3.172,3.158,3.177,3.169,3.168,3.179,3.173,3.163,37.5,-31.10344886779785,91.94,1.3048151731491089
2025-04-24 11:54:56,3.17,3.169,3.153,3.163,3.169,32.0,33.6,33.4,3.16,33.1,33.1,3.16,3.177,3.172,3.158,3.177,3.169,3.168,3.179,3.173,3.163,37.5,-31.10344886779785,91.94,1.3048151731491089
2025-04-24 11:55:11,3.17,3.169,3.153,3.163,3.169,32.0,33.6,33.4,3.16,33.1,33.1,3.16,3.177,3.172,3.158,3.127,3.169,3.168,3.129,3.173,3.163,37.5,-31.10344886779785,91.94,1.3048151731491089
2025-04-24 11:55:13,3.12,3.169,3.153,3.163,3.169,32.0,33.6,33.4,3.16,33.1,33.1,3.16,3.177,3.172,3.158,3.127,3.169,3.168,3.129,3.173,3.163,37.5,-31.10344886779785,91.94,1.3048151731491089
2025-04-24 11:55:18,3.12,3.169,3.153,3.163,3.169,32.0,33.6,33.4,3.16,33.1,33.1,3.16,3.177,3.172,3.158,3.127,3.169,3.168,3.129,3.123,3.163,37.5,-31.10344886779785,91.94,1.3048151731491089
2025-04-24 11:55:22,3.12,3.169,3.153,3.113,3.169,32.0,33.6,33.4,3.16,33.1,33.1,3.16,3.177,3.172,3.158,3.127,3.169,3.168,3.129,3.123,3.163,37.5,-31.10344886779785,91.94,1.3048151731491089
2025-04-24 11:55:29,3.12,3.169,3.153,3.113,3.169,32.0,33.6,33.4,3.16,33.1,33.1,3.16,3.177,3.122,3.158,3.127,3.169,3.168,3.129,3.123,3.163,37.5,-31.10344886779785,91.94,1.3048151731491089
2025-04-24 11:55:30,3.12,3.169,3.153,3.113,3.119,32.0,33.6,33.4,3.16,33.1,33.1,3.16,3.177,3.122,3.158,3.127,3.169,3.168,3.129,3.123,3.163,37.5,-31.10344886779785,91.94,1.3048151731491089
2025-04-24 11:55:31,3.12,3.169,3.153,3.113,3.119,32.0,33.6,33.4,3.16,33.1,33.1,3.16,3.127,3.122,3.158,3.127,3.169,3.168,3.129,3.123,3.163,37.5,-31.10344886779785,91.94,1.3048151731491089
2025-04-24 11:55:32,3.12,3.169,3.153,3.113,3.119,32.0,33.6,33.4,3.16,33.1,33.1,3.16,3.127,3.122,3.158,3.127,3.169,3.168,3.129,3.123,3.113,37.5,-31.10344886779785,91.94,1.3048151731491089
2025-04-24 11:55:33,3.12,3.169,3.103,3.113,3.119,32.0,33.6,33.4,3.16,33.1,33.1,3.16,3.127,3.122,3.158,3.127,3.169,3.168,3.129,3.123,3.113,37.5,-31.10344886779785,91.94,1.3048151731491089
2025-04-24 11:55:36,3.12,3.169,3.103,3.113,3.119,32.0,33.6,33.4,3.16,33.1,33.1,3.16,3.127,3.122,3.158,3.127,3.169,3.118,3.129,3.123,3.113,37.5,-31.10344886779785,91.94,1.3048151731491089
2025-04-24 11:55:39,3.12,3.119,3.103,3.113,3.119,32.0,33.6,33.4,3.16,33.1,33.1,3.16,3.127,3.122,3.158,3.127,3.119,3.118,3.129,3.123,3.113,37.5,-31.10344886779785,91.94,1.3048151731491089
2025-04-24 11:55:40,3.12,3.119,3.103,3.113,3.119,32.0,33.6,33.4,3.16,33.1,33.1,3.16,3.127,3.122,3.108,3.127,3.119,3.118,3.129,3.123,3.113,37.5,-31.10344886779785,91.94,1.3048151731491089
2025-04-24 11:55:46,3.12,3.119,3.103,3.113,3.119,32.0,33.6,33.4,3.16,33.1,33.1,3.11,3.127,3.122,3.108,3.127,3.119,3.118,3.129,3.123,3.113,37.5,-31.10344886779785,91.94,1.3048151731491089
2025-04-24 11:55:47,3.12,3.119,3.103,3.113,3.119,32.0,33.6,33.4,3.11,33.1,33.1,3.11,3.127,3.122,3.108,3.127,3.119,3.118,3.129,3.123,3.113,37.5,-31.10344886779785,91.94,1.3048151731491089
2025-04-24 11:55:52,3.12,3.119,3.103,3.113,3.119,32.0,33.6,33.4,3.11,33.1,33.1,3.11,3.127,3.122,3.108,3.127,3.119,3.118,3.129,3.123,3.113,37.5,-31.10344886779785,90.94,1.3048151731491089
2025-04-24 11:56:16,3.12,3.119,3.103,3.113,3.119,32.0,33.6,33.4,3.11,33.1,33.1,3.11,3.127,3.122,3.108,3.076,3.119,3.118,3.129,3.123,3.113,37.5,-31.10344886779785,90.94,1.3048151731491089
2025-04-24 11:56:17,3.12,3.119,3.103,3.113,3.119,32.0,33.6,33.4,3.11,33.1,33.1,3.11,3.127,3.122,3.108,3.076,3.119,3.118,3.079,3.123,3.113,37.5,-31.10344886779785,90.94,1.3048151731491089
2025-04-24 11:56:42,3.07,3.119,3.103,3.113,3.119,32.0,33.6,33.4,3.11,33.1,33.1,3.11,3.127,3.122,3.108,3.076,3.119,3.118,3.079,3.123,3.113,37.5,-31.10344886779785,90.94,1.3048151731491089
2025-04-24 11:56:50,3.07,3.119,3.103,3.113,3.119,32.0,33.6,33.4,3.11,33.1,33.1,3.11,3.127,3.122,3.108,3.076,3.119,3.118,3.079,3.123,3.113,37.5,-31.10344886779785,89.92,1.3048151731491089
2025-04-24 11:56:55,3.07,3.119,3.103,3.063,3.119,32.0,33.6,33.4,3.11,33.1,33.1,3.11,3.127,3.122,3.108,3.076,3.119,3.118,3.079,3.072,3.113,37.5,-31.10344886779785,89.92,1.3048151731491089
2025-04-24 11:57:04,3.07,3.119,3.053,3.063,3.119,32.0,33.6,33.4,3.11,33.1,33.1,3.11,3.127,3.122,3.108,3.076,3.119,3.118,3.079,3.072,3.113,37.5,-31.10344886779785,89.92,1.3048151731491089
2025-04-24 11:57:17,3.07,3.119,3.053,3.063,3.068,32.0,33.6,33.4,3.11,33.1,33.1,3.11,3.127,3.122,3.108,3.076,3.119,3.118,3.079,3.072,3.113,37.5,-31.10344886779785,89.92,1.3048151731491089
2025-04-24 11:57:18,3.07,3.119,3.053,3.063,3.068,32.0,33.6,33.4,3.11,33.1,33.1,3.11,3.127,3.122,3.108,3.076,3.119,3.118,3.079,3.072,3.063,37.5,-31.10344886779785,89.92,1.3048151731491089
2025-04-24 11:57:29,3.07,3.119,3.053,3.063,3.068,32.0,33.6,33.4,3.11,33.1,33.1,3.11,3.127,3.072,3.108,3.076,3.119,3.118,3.079,3.072,3.063,37.5,-31.10344886779785,89.92,1.3048151731491089
2025-04-24 11:57:31,3.07,3.119,3.053,3.063,3.068,32.0,33.6,33.4,3.11,33.1,33.1,3.06,3.127,3.072,3.108,3.076,3.119,3.118,3.079,3.072,3.063,37.5,-31.10344886779785,89.92,1.3048151731491089
2025-04-24 11:57:38,3.07,3.119,3.053,3.063,3.068,32.0,33.6,33.4,3.11,33.1,33.1,3.06,3.127,3.072,3.058,3.076,3.119,3.118,3.079,3.072,3.063,37.5,-31.10344886779785,89.92,1.3048151731491089
2025-04-24 11:57:41,3.07,3.119,3.053,3.063,3.068,32.0,33.6,33.4,3.11,33.1,33.1,3.06,3.127,3.072,3.058,3.076,3.119,3.068,3.079,3.072,3.063,37.5,-31.10344886779785,89.92,1.3048151731491089
2025-04-24 11:57:43,3.07,3.119,3.053,3.063,3.068,32.0,33.6,33.4,3.11,33.1,33.1,3.06,3.127,3.072,3.058,3.076,3.119,3.068,3.079,3.072,3.063,37.5,-31.10344886779785,88.92,1.3048151731491089
2025-04-24 11:57:47,3.07,3.119,3.053,3.063,3.068,32.0,33.6,33.4,3.061,33.1,33.1,3.06,3.127,3.072,3.058,3.076,3.119,3.068,3.079,3.072,3.063,37.5,-31.10344886779785,88.92,1.3048151731491089
2025-04-24 11:57:50,3.07,3.119,3.053,3.063,3.068,32.0,33.6,33.4,3.061,33.1,33.1,3.06,3.127,3.072,3.058,3.076,3.069,3.068,3.079,3.072,3.063,37.5,-31.10344886779785,88.92,1.3048151731491089
2025-04-24 11:57:56,3.07,3.069,3.053,3.063,3.068,32.0,33.6,33.4,3.061,33.1,33.1,3.06,3.127,3.072,3.058,3.076,3.069,3.068,3.079,3.072,3.063,37.5,-31.10344886779785,88.92,1.3048151731491089
2025-04-24 11:58:08,3.07,3.069,3.053,3.063,3.068,32.0,33.6,33.4,3.061,33.1,33.1,3.06,3.077,3.072,3.058,3.076,3.069,3.068,3.079,3.072,3.063,37.5,-31.10344886779785,88.92,1.3048151731491089
2025-04-24 11:58:27,3.07,3.069,3.053,3.063,3.068,32.0,33.6,33.4,3.061,33.1,33.1,3.06,3.077,3.072,3.058,3.076,3.069,3.068,3.029,3.072,3.063,37.5,-31.10344886779785,88.92,1.3048151731491089
2025-04-24 11:58:28,3.02,3.069,3.053,3.063,3.068,32.0,33.6,33.4,3.061,33.1,33.1,3.06,3.077,3.072,3.058,3.076,3.069,3.068,3.029,3.072,3.063,37.5,-31.10344886779785,88.92,1.3048151731491089
2025-04-24 11:58:37,3.02,3.069,3.053,3.063,3.068,32.0,33.6,33.4,3.061,33.1,33.1,3.06,3.077,3.072,3.058,3.076,3.069,3.068,3.029,3.072,3.063,37.5,-31.10344886779785,87.92,1.3048151731491089
2025-04-24 11:58:42,3.02,3.069,3.053,3.063,3.068,32.0,33.6,33.4,3.061,33.1,33.1,3.06,3.077,3.072,3.058,3.076,3.069,3.068,3.029,3.022,3.063,37.5,-31.10344886779785,87.92,1.3048151731491089
2025-04-24 11:58:44,3.02,3.069,3.053,3.063,3.068,32.0,33.6,33.4,3.061,33.1,33.1,3.06,3.077,3.072,3.058,3.026,3.069,3.068,3.029,3.022,3.063,37.5,-31.10344886779785,87.92,1.3048151731491089
2025-04-24 11:58:49,3.02,3.069,3.053,3.063,3.068,32.0,33.6,33.4,3.061,34.1,33.1,3.06,3.077,3.072,3.058,3.026,3.069,3.068,3.029,3.022,3.063,37.5,-31.10344886779785,87.92,1.3048151731491089
2025-04-24 11:58:57,3.02,3.069,3.053,3.063,3.068,32.0,33.6,34.4,3.061,34.1,33.1,3.06,3.077,3.072,3.058,3.026,3.069,3.068,3.029,3.022,3.063,37.5,-31.10344886779785,87.92,1.3048151731491089
2025-04-24 11:59:00,3.02,3.069,3.053,3.013,3.068,32.0,33.6,34.4,3.061,34.1,33.1,3.06,3.077,3.072,3.058,3.026,3.069,3.068,3.029,3.022,3.063,37.5,-31.10344886779785,87.92,1.3048151731491089
2025-04-24 11:59:12,3.02,3.069,3.003,3.013,3.068,32.0,33.6,34.4,3.061,34.1,33.1,3.06,3.077,3.072,3.058,3.026,3.069,3.068,3.029,3.022,3.063,37.5,-31.10344886779785,87.92,1.3048151731491089
2025-04-24 11:59:21,3.02,3.069,3.003,3.013,3.068,33.0,33.6,34.4,3.061,34.1,34.1,3.06,3.077,3.072,3.058,3.026,3.069,3.068,3.029,3.022,3.063,37.5,-31.10344886779785,87.92,1.3048151731491089
2025-04-24 11:59:34,3.02,3.069,3.003,3.013,3.068,33.0,33.6,34.4,3.061,34.1,34.1,3.06,3.077,3.072,3.058,3.026,3.069,3.068,3.029,3.022,3.063,37.5,-31.10344886779785,86.9,1.3048151731491089
2025-04-24 11:59:35,3.02,3.069,3.003,3.013,3.068,33.0,33.6,34.4,3.061,34.1,34.1,3.06,3.077,3.072,3.058,3.026,3.069,3.068,3.029,3.022,3.013,37.5,-31.10344886779785,86.9,1.3048151731491089
2025-04-24 11:59:38,3.02,3.069,3.003,3.013,3.068,33.0,34.6,34.4,3.061,34.1,34.1,3.06,3.077,3.022,3.058,3.026,3.069,3.068,3.029,3.022,3.013,37.5,-31.10344886779785,86.9,1.3048151731491089
2025-04-24 11:59:41,3.02,3.069,3.003,3.013,3.018,33.0,34.6,34.4,3.061,34.1,34.1,3.06,3.077,3.022,3.058,3.026,3.069,3.068,3.029,3.022,3.013,37.5,-31.10344886779785,86.9,1.3048151731491089
2025-04-24 11:59:59,3.02,3.069,3.003,3.013,3.018,33.0,34.6,34.4,3.061,34.1,34.1,3.06,3.077,3.022,3.058,3.026,3.069,3.018,3.029,3.022,3.013,37.5,-31.10344886779785,86.9,1.3048151731491089
2025-04-24 12:00:00,3.02,3.069,3.003,3.013,3.018,33.0,34.6,34.4,3.061,34.1,34.1,3.06,3.077,3.022,3.008,3.026,3.069,3.018,3.029,3.022,3.013,37.5,-31.10344886779785,86.9,1.3048151731491089
2025-04-24 12:00:07,3.02,3.069,3.003,3.013,3.018,33.0,34.6,34.4,3.011,34.1,34.1,3.06,3.077,3.022,3.008,3.026,3.069,3.018,3.029,3.022,3.013,37.5,-31.10344886779785,86.9,1.3048151731491089
2025-04-24 12:00:11,3.02,3.069,3.003,3.013,3.018,33.0,34.6,34.4,3.011,34.1,34.1,3.01,3.077,3.022,3.008,3.026,3.069,3.018,3.029,3.022,3.013,37.5,-31.10344886779785,86.9,1.3048151731491089
2025-04-24 12:00:15,3.02,3.069,3.003,3.013,3.018,33.0,34.6,34.4,3.011,34.1,34.1,3.01,3.025,3.022,3.008,3.026,3.069,3.018,3.029,3.022,3.013,37.5,-31.10344886779785,86.9,1.3048151731491089
2025-04-24 12:00:16,3.02,3.069,3.003,3.013,3.018,33.0,34.6,34.4,3.011,34.1,34.1,3.01,3.025,3.022,3.008,3.026,3.019,3.018,3.029,3.022,3.013,37.5,-31.10344886779785,86.9,1.3048151731491089
2025-04-24 12:00:26,3.02,3.069,3.003,3.013,3.018,33.0,34.6,34.4,3.011,34.1,34.1,3.01,3.025,3.022,3.008,3.026,3.019,3.018,2.979,3.022,3.013,37.5,-31.10344886779785,86.9,1.3048151731491089
2025-04-24 12:00:30,3.02,3.069,3.003,3.013,3.018,33.0,34.6,34.4,3.011,34.1,34.1,3.01,3.025,3.022,3.008,3.026,3.019,3.018,2.979,2.972,3.013,37.5,-31.10344886779785,86.9,1.3048151731491089
2025-04-24 12:00:31,3.02,3.069,3.003,3.013,3.018,33.0,34.6,34.4,3.011,34.1,34.1,3.01,3.025,3.022,3.008,3.026,3.019,3.018,2.979,2.972,3.013,37.5,-31.10344886779785,85.9,1.3048151731491089
2025-04-24 12:00:33,3.02,3.019,3.003,3.013,3.018,33.0,34.6,34.4,3.011,34.1,34.1,3.01,3.025,3.022,3.008,3.026,3.019,3.018,2.979,2.972,3.013,37.5,-31.10344886779785,85.9,1.3048151731491089
2025-04-24 12:00:34,2.97,3.019,3.003,3.013,3.018,33.0,34.6,34.4,3.011,34.1,34.1,3.01,3.025,3.022,3.008,3.026,3.019,3.018,2.979,2.972,3.013,37.5,-31.10344886779785,85.9,1.3048151731491089
2025-04-24 12:00:45,2.97,3.019,3.003,3.013,3.018,33.0,34.6,34.4,3.011,34.1,34.1,3.01,3.025,3.022,3.008,2.976,3.019,3.018,2.979,2.972,3.013,37.5,-31.10344886779785,85.9,1.3048151731491089
2025-04-24 12:00:47,2.97,3.019,2.953,3.013,3.018,33.0,34.6,34.4,3.011,34.1,34.1,3.01,3.025,3.022,3.008,2.976,3.019,3.018,2.979,2.972,3.013,37.5,-31.10344886779785,85.9,1.3048151731491089
2025-04-24 12:00:51,2.97,3.019,2.953,2.963,3.018,33.0,34.6,34.4,3.011,34.1,34.1,3.01,3.025,3.022,3.008,2.976,3.019,3.018,2.979,2.972,3.013,37.5,-31.10344886779785,85.9,1.3048151731491089
2025-04-24 12:01:15,2.97,3.019,2.953,2.963,3.018,33.0,34.6,34.4,3.011,34.1,34.1,3.01,3.025,3.022,3.008,2.976,3.019,3.018,2.979,2.972,2.963,37.5,-31.10344886779785,85.9,1.3048151731491089
2025-04-24 12:01:20,2.97,3.019,2.953,2.963,2.968,33.0,34.6,34.4,3.011,34.1,34.1,3.01,3.025,3.022,3.008,2.976,3.019,3.018,2.979,2.972,2.963,37.5,-31.10344886779785,85.9,1.3048151731491089
2025-04-24 12:01:28,2.97,3.019,2.953,2.963,2.968,33.0,34.6,34.4,3.011,34.1,34.1,3.01,3.025,3.022,3.008,2.976,3.019,3.018,2.979,2.972,2.963,37.5,-31.10344886779785,84.9,1.3048151731491089
2025-04-24 12:01:33,2.97,3.019,2.953,2.963,2.968,33.0,34.6,34.4,3.011,34.1,34.1,3.01,3.025,3.022,3.008,2.976,3.019,2.968,2.979,2.972,2.963,37.5,-31.10344886779785,84.9,1.3048151731491089
2025-04-24 12:01:37,2.97,3.019,2.953,2.963,2.968,33.0,34.6,34.4,3.011,34.1,34.1,3.01,3.025,2.972,3.008,2.976,3.019,2.968,2.979,2.972,2.963,37.5,-31.10344886779785,84.9,1.3048151731491089
2025-04-24 12:01:42,2.97,3.019,2.953,2.963,2.968,33.0,34.6,34.4,3.011,34.1,34.1,3.01,3.025,2.972,2.958,2.976,3.019,2.968,2.979,2.972,2.963,37.5,-31.10344886779785,84.9,1.3048151731491089
2025-04-24 12:01:49,2.97,3.019,2.953,2.963,2.968,33.0,34.6,34.4,3.011,34.1,34.1,3.01,3.025,2.972,2.958,2.976,3.019,2.968,2.979,2.922,2.963,37.5,-31.10344886779785,84.9,1.3048151731491089
2025-04-24 12:01:52,2.97,3.019,2.953,2.963,2.968,33.0,34.6,34.4,2.961,34.1,34.1,3.01,3.025,2.972,2.958,2.976,3.019,2.968,2.979,2.922,2.963,37.5,-31.10344886779785,84.9,1.3048151731491089
2025-04-24 12:01:55,2.97,3.019,2.953,2.963,2.968,33.0,34.6,34.4,2.961,34.1,34.1,2.96,3.025,2.972,2.958,2.976,3.019,2.968,2.979,2.922,2.963,37.5,-31.10344886779785,84.9,1.3048151731491089
2025-04-24 12:02:00,2.97,3.019,2.953,2.963,2.968,33.0,34.6,34.4,2.961,34.1,34.1,2.96,3.025,2.972,2.958,2.976,3.019,2.968,2.929,2.922,2.963,37.5,-31.10344886779785,84.9,1.3048151731491089
2025-04-24 12:02:01,2.97,3.019,2.953,2.963,2.968,33.0,34.6,34.4,2.961,34.1,34.1,2.96,3.025,2.972,2.958,2.976,2.969,2.968,2.929,2.922,2.963,37.5,-31.10344886779785,84.9,1.3048151731491089
2025-04-24 12:02:04,2.97,3.019,2.903,2.963,2.968,33.0,34.6,34.4,2.961,34.1,34.1,2.96,3.025,2.972,2.958,2.976,2.969,2.968,2.929,2.922,2.963,37.5,-31.10344886779785,84.9,1.3048151731491089
2025-04-24 12:02:05,2.97,3.019,2.903,2.963,2.968,33.0,34.6,34.4,2.961,34.1,34.1,2.96,2.975,2.972,2.958,2.976,2.969,2.968,2.929,2.922,2.963,37.5,-31.10344886779785,84.9,1.3048151731491089
2025-04-24 12:02:09,2.97,3.019,2.903,2.913,2.968,33.0,34.6,34.4,2.961,34.1,34.1,2.96,2.975,2.972,2.958,2.926,2.969,2.968,2.929,2.922,2.963,37.5,-31.10344886779785,84.9,1.3048151731491089
2025-04-24 12:02:16,2.92,3.019,2.903,2.913,2.968,33.0,34.6,34.4,2.961,34.1,34.1,2.96,2.975,2.972,2.958,2.926,2.969,2.968,2.929,2.922,2.963,37.5,-31.10344886779785,84.9,1.3048151731491089
2025-04-24 12:02:19,2.92,3.019,2.903,2.913,2.968,33.0,34.6,34.4,2.961,34.1,34.1,2.96,2.975,2.972,2.958,2.926,2.969,2.968,2.929,2.922,2.963,37.5,-31.10344886779785,83.9,1.3048151731491089
2025-04-24 12:02:24,2.92,3.019,2.903,2.913,2.968,33.0,34.6,34.4,2.961,34.1,34.1,2.96,2.975,2.972,2.958,2.926,2.969,2.968,2.929,2.922,2.913,37.5,-31.10344886779785,83.9,1.3048151731491089
2025-04-24 12:02:30,2.92,2.969,2.903,2.913,2.968,33.0,34.6,34.4,2.961,34.1,34.1,2.96,2.975,2.972,2.958,2.926,2.969,2.968,2.929,2.922,2.913,37.5,-31.10344886779785,83.9,1.3048151731491089
2025-04-24 12:02:34,2.92,2.969,2.903,2.913,2.917,33.0,34.6,34.4,2.961,34.1,34.1,2.96,2.975,2.972,2.958,2.926,2.969,2.968,2.929,2.922,2.913,37.5,-31.10344886779785,83.9,1.3048151731491089
2025-04-24 12:02:39,2.92,2.969,2.903,2.913,2.917,33.0,34.6,34.4,2.961,34.1,34.1,2.96,2.975,2.972,2.958,2.926,2.969,2.918,2.929,2.922,2.913,37.5,-31.10344886779785,83.9,1.3048151731491089
2025-04-24 12:02:41,2.92,2.969,2.903,2.913,2.917,34.0,34.6,34.4,2.961,35.1,35.1,2.96,2.975,2.972,2.958,2.926,2.969,2.918,2.929,2.872,2.913,37.5,-31.10344886779785,83.9,1.3048151731491089
2025-04-24 12:02:44,2.92,2.969,2.903,2.913,2.917,34.0,34.6,34.4,2.961,35.1,35.1,2.96,2.975,2.922,2.958,2.926,2.969,2.918,2.929,2.872,2.913,37.5,-31.10344886779785,83.9,1.3048151731491089
2025-04-24 12:02:56,2.92,2.969,2.853,2.913,2.917,34.0,34.6,34.4,2.961,35.1,35.1,2.96,2.975,2.922,2.908,2.926,2.969,2.918,2.929,2.872,2.913,37.5,-31.10344886779785,83.9,1.3048151731491089
2025-04-24 12:02:59,2.92,2.969,2.853,2.863,2.917,34.0,34.6,34.4,2.961,35.1,35.1,2.96,2.975,2.922,2.908,2.926,2.969,2.918,2.929,2.872,2.913,37.5,-31.10344886779785,83.9,1.3048151731491089
2025-04-24 12:03:03,2.92,2.969,2.853,2.863,2.917,34.0,34.6,34.4,2.961,35.1,35.1,2.96,2.975,2.922,2.908,2.926,2.969,2.918,2.878,2.872,2.913,37.5,-31.10344886779785,83.9,1.3048151731491089
2025-04-24 12:03:04,2.92,2.969,2.853,2.863,2.917,34.0,34.6,34.4,2.961,35.1,35.1,2.96,2.925,2.922,2.908,2.926,2.969,2.918,2.878,2.872,2.913,37.5,-31.10344886779785,83.9,1.3048151731491089
2025-04-24 12:03:05,2.92,2.969,2.853,2.863,2.917,34.0,34.6,34.4,2.911,35.1,35.1,2.96,2.925,2.922,2.908,2.926,2.969,2.918,2.878,2.872,2.913,37.5,-31.10344886779785,83.9,1.3048151731491089
2025-04-24 12:03:06,2.92,2.969,2.853,2.863,2.917,34.0,34.6,34.4,2.911,35.1,35.1,2.96,2.925,2.922,2.908,2.875,2.969,2.918,2.878,2.872,2.913,37.5,-31.10344886779785,83.9,1.3048151731491089
2025-04-24 12:03:09,2.92,2.969,2.853,2.863,2.917,34.0,34.6,34.4,2.911,35.1,35.1,2.909,2.925,2.922,2.908,2.875,2.969,2.918,2.878,2.872,2.913,37.5,-31.10344886779785,83.9,1.3048151731491089
2025-04-24 12:03:11,2.92,2.969,2.853,2.863,2.917,34.0,34.6,34.4,2.911,35.1,35.1,2.909,2.925,2.922,2.908,2.875,2.919,2.918,2.878,2.872,2.913,37.5,-31.10344886779785,82.78,1.3048151731491089
2025-04-24 12:03:15,2.92,2.969,2.853,2.863,2.917,34.0,34.6,34.4,2.911,35.1,35.1,2.909,2.925,2.922,2.908,2.875,2.919,2.918,2.878,2.872,2.863,37.5,-31.10344886779785,82.78,1.3048151731491089
2025-04-24 12:03:18,2.92,2.969,2.853,2.863,2.917,34.0,34.6,34.4,2.911,35.1,35.1,2.909,2.925,2.922,2.908,2.875,2.919,2.918,2.878,2.872,2.863,37.5,-31.10344886779785,81.67,1.3048151731491089
2025-04-24 12:03:19,2.92,2.969,2.853,2.863,2.917,34.0,34.6,34.4,2.911,35.1,35.1,2.909,2.925,2.922,2.908,2.875,2.919,2.918,2.878,2.822,2.863,37.5,-31.10344886779785,81.67,1.3048151731491089
2025-04-24 12:03:22,2.92,2.969,2.853,2.863,2.917,34.0,34.6,34.4,2.911,35.1,35.1,2.909,2.925,2.922,2.908,2.875,2.919,2.918,2.878,2.822,2.863,37.5,-31.10344886779785,80.61,1.3048151731491089
2025-04-24 12:03:23,2.87,2.969,2.853,2.863,2.917,34.0,34.6,34.4,2.911,35.1,35.1,2.909,2.925,2.922,2.908,2.875,2.919,2.918,2.878,2.822,2.863,37.5,-31.10344886779785,80.61,1.3048151731491089
2025-04-24 12:03:25,2.87,2.969,2.853,2.863,2.866,34.0,34.6,34.4,2.911,35.1,35.1,2.909,2.925,2.922,2.908,2.875,2.919,2.918,2.878,2.822,2.863,37.5,-31.10344886779785,79.58,1.3048151731491089
2025-04-24 12:03:27,2.87,2.969,2.853,2.863,2.866,34.0,34.6,34.4,2.911,35.1,35.1,2.909,2.925,2.922,2.908,2.875,2.919,2.868,2.878,2.822,2.863,37.5,-31.10344886779785,79.58,1.3048151731491089
2025-04-24 12:03:29,2.87,2.969,2.853,2.863,2.866,34.0,34.6,34.4,2.911,35.1,35.1,2.909,2.925,2.922,2.908,2.875,2.919,2.868,2.878,2.822,2.863,37.5,-31.10344886779785,78.41,1.3048151731491089
2025-04-24 12:03:32,2.87,2.969,2.853,2.863,2.866,34.0,34.6,34.4,2.911,35.1,35.1,2.909,2.925,2.872,2.908,2.875,2.919,2.868,2.878,2.822,2.863,37.5,-31.10344886779785,77.13,1.3048151731491089
2025-04-24 12:03:35,2.87,2.969,2.853,2.863,2.866,34.0,34.6,34.4,2.911,35.1,35.1,2.909,2.925,2.872,2.908,2.875,2.919,2.868,2.878,2.822,2.863,37.5,-31.10344886779785,76.04,1.3048151731491089
2025-04-24 12:03:36,2.87,2.969,2.802,2.863,2.866,34.0,34.6,34.4,2.911,35.1,35.1,2.909,2.925,2.872,2.908,2.875,2.919,2.868,2.878,2.822,2.863,37.5,-31.10344886779785,76.04,1.3048151731491089
2025-04-24 12:03:38,2.87,2.969,2.802,2.863,2.866,34.0,34.6,34.4,2.911,35.1,35.1,2.909,2.925,2.872,2.908,2.875,2.919,2.868,2.878,2.822,2.863,37.5,-31.10344886779785,74.68,1.3048151731491089
2025-04-24 12:03:39,2.87,2.969,2.802,2.813,2.866,34.0,34.6,34.4,2.911,35.1,35.1,2.909,2.925,2.872,2.908,2.875,2.919,2.868,2.878,2.822,2.863,37.5,-31.10344886779785,74.68,1.3048151731491089
2025-04-24 12:03:41,2.87,2.969,2.802,2.813,2.866,34.0,34.6,34.4,2.911,35.1,35.1,2.909,2.925,2.872,2.908,2.875,2.919,2.868,2.878,2.822,2.863,37.5,-31.10344886779785,73.42,1.3048151731491089
2025-04-24 12:03:44,2.87,2.969,2.802,2.813,2.866,34.0,34.6,34.4,2.911,35.1,35.1,2.909,2.925,2.872,2.908,2.875,2.919,2.868,2.878,2.822,2.863,37.5,-31.10344886779785,72.18,1.3048151731491089
2025-04-24 12:03:46,2.87,2.969,2.802,2.813,2.866,34.0,34.6,34.4,2.911,35.1,35.1,2.909,2.925,2.872,2.908,2.875,2.919,2.868,2.828,2.822,2.863,37.5,-31.10344886779785,72.18,1.3048151731491089
2025-04-24 12:03:47,2.87,2.969,2.802,2.813,2.866,34.0,34.6,34.4,2.911,35.1,35.1,2.909,2.875,2.872,2.858,2.875,2.919,2.868,2.828,2.822,2.863,37.5,-31.10344886779785,70.85,1.3048151731491089
2025-04-24 12:03:48,2.87,2.969,2.802,2.813,2.866,34.0,34.6,34.4,2.911,35.1,35.1,2.909,2.875,2.872,2.858,2.875,2.919,2.868,2.828,2.772,2.863,37.5,-31.10344886779785,70.85,1.3048151731491089
2025-04-24 12:03:50,2.87,2.918,2.802,2.813,2.866,34.0,34.6,34.4,2.911,35.1,35.1,2.909,2.875,2.872,2.858,2.825,2.919,2.868,2.828,2.772,2.863,37.5,-31.10344886779785,69.39,1.3048151731491089
2025-04-24 12:03:52,2.87,2.918,2.802,2.813,2.866,34.0,34.6,34.4,2.911,35.1,35.1,2.909,2.875,2.872,2.858,2.825,2.919,2.868,2.828,2.772,2.812,37.5,-31.10344886779785,68.24,1.3048151731491089
2025-04-24 12:03:53,2.87,2.918,2.802,2.813,2.866,34.0,35.6,35.4,2.911,35.1,35.1,2.909,2.875,2.872,2.858,2.825,2.919,2.868,2.828,2.772,2.812,37.5,-31.10344886779785,68.24,1.3048151731491089
2025-04-24 12:03:54,2.87,2.918,2.802,2.813,2.866,34.0,35.6,35.4,2.911,35.1,35.1,2.909,2.875,2.872,2.858,2.825,2.919,2.868,2.828,2.772,2.812,37.5,-31.10344886779785,67.18,1.3048151731491089
2025-04-24 12:03:56,2.87,2.918,2.802,2.813,2.866,34.0,35.6,35.4,2.911,35.1,35.1,2.909,2.875,2.872,2.858,2.825,2.869,2.868,2.828,2.772,2.812,37.5,-31.10344886779785,66.01,1.3048151731491089
2025-04-24 12:03:58,2.87,2.918,2.802,2.813,2.866,34.0,35.6,35.4,2.911,35.1,35.1,2.909,2.875,2.872,2.858,2.825,2.869,2.868,2.828,2.772,2.812,37.5,-31.10344886779785,64.92,1.3048151731491089
2025-04-24 12:04:00,2.87,2.918,2.802,2.813,2.866,34.0,35.6,35.4,2.911,35.1,35.1,2.909,2.875,2.872,2.858,2.825,2.869,2.868,2.828,2.772,2.812,37.5,-31.10344886779785,63.72,1.3048151731491089
2025-04-24 12:04:01,2.87,2.918,2.802,2.813,2.866,34.0,35.6,35.4,2.861,35.1,35.1,2.909,2.875,2.872,2.858,2.825,2.869,2.868,2.828,2.772,2.812,37.5,-31.10344886779785,63.72,1.3048151731491089
2025-04-24 12:04:02,2.87,2.918,2.802,2.813,2.866,34.0,35.6,35.4,2.861,35.1,35.1,2.909,2.875,2.872,2.858,2.825,2.869,2.868,2.828,2.772,2.812,37.5,-31.10344886779785,62.61,1.3048151731491089
2025-04-24 12:04:03,2.87,2.918,2.802,2.813,2.816,34.0,35.6,35.4,2.861,35.1,35.1,2.859,2.875,2.872,2.858,2.825,2.869,2.868,2.828,2.772,2.812,37.5,-31.10344886779785,62.61,1.3048151731491089
2025-04-24 12:04:04,2.87,2.918,2.802,2.813,2.816,34.0,35.6,35.4,2.861,35.1,35.1,2.859,2.875,2.872,2.858,2.825,2.869,2.868,2.828,2.772,2.812,37.5,-31.10344886779785,61.4,1.3048151731491089
2025-04-24 12:04:05,2.87,2.918,2.751,2.813,2.816,34.0,35.6,35.4,2.861,35.1,35.1,2.859,2.875,2.872,2.858,2.825,2.869,2.868,2.828,2.772,2.812,37.5,-31.10344886779785,61.4,1.3048151731491089
2025-04-24 12:04:06,2.87,2.918,2.751,2.813,2.816,34.0,35.6,35.4,2.861,35.1,35.1,2.859,2.875,2.872,2.858,2.825,2.869,2.868,2.828,2.772,2.812,37.5,-31.10344886779785,60.15,1.3048151731491089
2025-04-24 12:04:07,2.87,2.918,2.751,2.813,2.816,34.0,35.6,35.4,2.861,35.1,35.1,2.859,2.875,2.872,2.858,2.825,2.869,2.818,2.828,2.772,2.812,37.5,-31.10344886779785,60.15,1.3048151731491089
2025-04-24 12:04:08,2.87,2.918,2.751,2.813,2.816,34.0,35.6,35.4,2.861,35.1,35.1,2.859,2.875,2.821,2.858,2.825,2.869,2.818,2.828,2.772,2.812,37.5,-31.10344886779785,58.74,1.3048151731491089
2025-04-24 12:04:10,2.819,2.918,2.751,2.762,2.816,34.0,35.6,35.4,2.861,35.1,35.1,2.859,2.875,2.821,2.858,2.825,2.869,2.818,2.828,2.772,2.812,37.5,-31.10344886779785,57.32,1.3048151731491089
2025-04-24 12:04:11,2.819,2.918,2.751,2.762,2.816,34.0,35.6,35.4,2.861,35.1,35.1,2.859,2.875,2.821,2.858,2.825,2.869,2.818,2.828,2.722,2.812,37.5,-31.10344886779785,57.32,1.3048151731491089
2025-04-24 12:04:12,2.819,2.918,2.751,2.762,2.816,34.0,35.6,35.4,2.861,35.1,35.1,2.859,2.875,2.821,2.858,2.825,2.869,2.818,2.828,2.722,2.812,37.5,-31.10344886779785,55.97,1.3048151731491089
2025-04-24 12:04:14,2.819,2.918,2.751,2.762,2.816,34.0,35.6,35.4,2.861,35.1,35.1,2.859,2.875,2.821,2.858,2.825,2.869,2.818,2.828,2.722,2.812,37.5,-31.10344886779785,54.59,1.3048151731491089
2025-04-24 12:04:16,2.819,2.918,2.751,2.762,2.816,34.0,35.6,35.4,2.861,35.1,35.1,2.859,2.875,2.821,2.858,2.825,2.869,2.818,2.828,2.722,2.812,37.5,-31.10344886779785,53.4,1.3048151731491089
2025-04-24 12:04:18,2.819,2.918,2.751,2.762,2.816,34.0,35.6,35.4,2.861,35.1,35.1,2.859,2.875,2.821,2.858,2.825,2.869,2.818,2.828,2.722,2.812,37.5,-31.10344886779785,52.25,1.3048151731491089
2025-04-24 12:04:20,2.819,2.918,2.751,2.762,2.816,34.0,35.6,35.4,2.861,35.1,35.1,2.859,2.822,2.821,2.858,2.825,2.869,2.818,2.778,2.722,2.812,37.5,-31.10344886779785,51.11,1.3048151731491089
2025-04-24 12:04:22,2.819,2.918,2.751,2.762,2.816,34.0,35.6,35.4,2.861,35.1,35.1,2.859,2.822,2.821,2.808,2.825,2.869,2.818,2.778,2.722,2.812,37.5,-31.10344886779785,49.98,1.3048151731491089
2025-04-24 12:04:23,2.819,2.918,2.751,2.762,2.816,34.0,35.6,35.4,2.861,35.1,35.1,2.859,2.822,2.821,2.808,2.825,2.869,2.818,2.778,2.722,2.761,37.5,-31.10344886779785,49.98,1.3048151731491089
2025-04-24 12:04:24,2.819,2.918,2.751,2.762,2.816,34.0,35.6,35.4,2.861,35.1,35.1,2.859,2.822,2.821,2.808,2.825,2.869,2.818,2.778,2.722,2.761,37.5,-31.10344886779785,48.87,1.3048151731491089
2025-04-24 12:04:26,2.819,2.918,2.751,2.762,2.816,34.0,35.6,35.4,2.861,35.1,35.1,2.859,2.822,2.821,2.808,2.774,2.869,2.818,2.778,2.722,2.761,37.5,-31.10344886779785,47.65,1.3048151731491089
2025-04-24 12:04:27,2.819,2.918,2.701,2.762,2.816,34.0,35.6,35.4,2.861,35.1,35.1,2.859,2.822,2.821,2.808,2.774,2.869,2.818,2.778,2.722,2.761,37.5,-31.10344886779785,47.65,1.3048151731491089
2025-04-24 12:04:29,2.819,2.918,2.701,2.762,2.816,34.0,35.6,35.4,2.861,35.1,35.1,2.859,2.822,2.821,2.808,2.774,2.869,2.818,2.778,2.722,2.761,37.5,-31.10344886779785,46.19,1.3048151731491089
2025-04-24 12:04:30,2.819,2.918,2.701,2.762,2.816,34.0,35.6,35.4,2.861,35.1,35.1,2.859,2.822,2.821,2.808,2.774,2.819,2.818,2.778,2.722,2.761,37.5,-31.10344886779785,46.19,1.3048151731491089
2025-04-24 12:04:31,2.819,2.918,2.701,2.762,2.816,34.0,35.6,35.4,2.861,35.1,35.1,2.859,2.822,2.821,2.808,2.774,2.819,2.818,2.778,2.671,2.761,37.5,-31.10344886779785,44.96,1.3048151731491089
2025-04-24 12:04:32,2.819,2.918,2.701,2.762,2.765,34.0,35.6,35.4,2.861,35.1,35.1,2.859,2.822,2.821,2.808,2.774,2.819,2.818,2.778,2.671,2.761,37.5,-31.10344886779785,44.96,1.3048151731491089
2025-04-24 12:04:33,2.819,2.918,2.701,2.712,2.765,34.0,35.6,35.4,2.861,35.1,35.1,2.859,2.822,2.821,2.808,2.774,2.819,2.818,2.778,2.671,2.761,37.5,-31.10344886779785,43.88,1.3048151731491089
2025-04-24 12:04:36,2.819,2.918,2.701,2.712,2.765,34.0,35.6,35.4,2.861,35.1,35.1,2.859,2.822,2.821,2.808,2.774,2.819,2.818,2.778,2.671,2.761,37.5,-31.10344886779785,42.72,1.3048151731491089
2025-04-24 12:04:37,2.819,2.918,2.701,2.712,2.765,34.0,35.6,35.4,2.861,35.1,35.1,2.859,2.822,2.771,2.808,2.774,2.819,2.818,2.778,2.671,2.761,37.5,-31.10344886779785,42.72,1.3048151731491089
2025-04-24 12:04:38,2.819,2.918,2.701,2.712,2.765,34.0,35.6,35.4,2.861,35.1,35.1,2.859,2.822,2.771,2.808,2.774,2.819,2.767,2.778,2.671,2.761,37.5,-31.10344886779785,42.72,1.3048151731491089
2025-04-24 12:04:39,2.819,2.918,2.701,2.712,2.765,34.0,35.6,35.4,2.861,35.1,35.1,2.859,2.822,2.771,2.808,2.774,2.819,2.767,2.778,2.671,2.761,37.5,-31.10344886779785,41.36,1.3048151731491089
2025-04-24 12:04:40,2.819,2.867,2.701,2.712,2.765,34.0,35.6,35.4,2.861,35.1,35.1,2.859,2.822,2.771,2.808,2.774,2.819,2.767,2.778,2.671,2.761,37.5,-31.10344886779785,41.36,1.3048151731491089
2025-04-24 12:04:42,2.819,2.867,2.701,2.712,2.765,34.0,35.6,35.4,2.861,35.1,35.1,2.859,2.822,2.771,2.808,2.774,2.819,2.767,2.778,2.671,2.761,37.5,-31.10344886779785,40.19,1.3048151731491089
2025-04-24 12:04:43,2.819,2.867,2.701,2.712,2.765,34.0,35.6,35.4,2.81,35.1,35.1,2.859,2.822,2.771,2.808,2.774,2.819,2.767,2.778,2.671,2.761,37.5,-31.10344886779785,40.19,1.3048151731491089
2025-04-24 12:04:44,2.768,2.867,2.701,2.712,2.765,34.0,35.6,35.4,2.81,35.1,35.1,2.859,2.822,2.771,2.808,2.774,2.819,2.767,2.778,2.671,2.761,37.5,-31.10344886779785,38.98,1.3048151731491089
2025-04-24 12:04:45,2.768,2.867,2.651,2.712,2.765,34.0,35.6,35.4,2.81,35.1,35.1,2.859,2.772,2.771,2.808,2.774,2.819,2.767,2.778,2.671,2.761,37.5,-31.10344886779785,38.98,1.3048151731491089
2025-04-24 12:04:46,2.768,2.867,2.651,2.712,2.765,34.0,35.6,35.4,2.81,35.1,35.1,2.859,2.772,2.771,2.808,2.774,2.819,2.767,2.726,2.671,2.761,37.5,-31.10344886779785,37.43,1.3048151731491089
2025-04-24 12:04:47,2.768,2.867,2.651,2.712,2.765,34.0,35.6,35.4,2.81,35.1,35.1,2.809,2.772,2.771,2.808,2.774,2.819,2.767,2.726,2.671,2.761,37.5,-31.10344886779785,37.43,1.3048151731491089
2025-04-24 12:04:48,2.768,2.867,2.651,2.712,2.765,34.0,35.6,35.4,2.81,35.1,35.1,2.809,2.772,2.771,2.808,2.774,2.819,2.767,2.726,2.671,2.709,37.5,-31.10344886779785,35.69,1.3048151731491089
2025-04-24 12:04:49,2.768,2.867,2.651,2.712,2.765,34.0,35.6,35.4,2.81,35.1,35.1,2.809,2.772,2.771,2.808,2.774,2.819,2.767,2.726,2.62,2.709,37.5,-31.10344886779785,35.69,1.3048151731491089
2025-04-24 12:04:50,2.768,2.867,2.651,2.712,2.765,34.0,35.6,35.4,2.81,35.1,35.1,2.809,2.772,2.771,2.808,2.774,2.819,2.767,2.726,2.62,2.709,37.5,-31.10344886779785,33.75,1.3048151731491089
2025-04-24 12:04:51,2.768,2.867,2.651,2.712,2.765,34.0,35.6,35.4,2.81,35.1,35.1,2.809,2.772,2.771,2.757,2.774,2.819,2.767,2.726,2.62,2.709,37.5,-31.10344886779785,33.75,1.3048151731491089
2025-04-24 12:04:52,2.768,2.867,2.651,2.662,2.765,34.0,35.6,35.4,2.81,35.1,35.1,2.809,2.772,2.771,2.757,2.774,2.819,2.767,2.726,2.62,2.709,37.5,-31.10344886779785,31.79,1.3048151731491089
2025-04-24 12:04:54,2.768,2.867,2.651,2.662,2.765,34.0,35.6,35.4,2.81,35.1,35.1,2.809,2.772,2.771,2.757,2.723,2.819,2.767,2.726,2.62,2.709,37.5,-31.10344886779785,29.99,1.3048151731491089
2025-04-24 12:04:56,2.768,2.867,2.651,2.662,2.715,34.0,35.6,35.4,2.81,35.1,35.1,2.809,2.772,2.771,2.757,2.723,2.769,2.767,2.726,2.62,2.709,37.5,-31.10344886779785,28.17,1.3048151731491089
2025-04-24 12:04:58,2.768,2.867,2.651,2.662,2.715,34.0,35.6,35.4,2.81,35.1,35.1,2.809,2.772,2.771,2.757,2.723,2.769,2.767,2.726,2.62,2.709,37.5,-31.10344886779785,26.4,1.3048151731491089
2025-04-24 12:05:00,2.768,2.867,2.651,2.662,2.715,34.0,35.6,35.4,2.81,35.1,35.1,2.809,2.772,2.72,2.757,2.723,2.769,2.767,2.726,2.62,2.709,37.5,-31.10344886779785,24.74,1.3048151731491089
2025-04-24 12:05:01,2.768,2.867,2.598,2.662,2.715,34.0,35.6,35.4,2.81,35.1,35.1,2.809,2.772,2.72,2.757,2.723,2.769,2.767,2.726,2.62,2.709,37.5,-31.10344886779785,24.74,1.3048151731491089
2025-04-24 12:05:02,2.768,2.867,2.598,2.662,2.715,34.0,35.6,35.4,2.81,35.1,35.1,2.809,2.772,2.72,2.757,2.723,2.769,2.717,2.726,2.62,2.709,37.5,-31.10344886779785,23.1,1.3048151731491089
2025-04-24 12:05:04,2.768,2.867,2.598,2.662,2.715,34.0,35.6,35.4,2.81,35.1,35.1,2.809,2.772,2.72,2.757,2.723,2.769,2.717,2.726,2.57,2.709,37.5,-31.10344886779785,21.51,1.3048151731491089
2025-04-24 12:05:05,2.768,2.867,2.598,2.662,2.715,35.0,35.6,35.4,2.81,35.1,36.1,2.809,2.772,2.72,2.757,2.723,2.769,2.717,2.726,2.57,2.709,37.5,-31.10344886779785,21.51,1.3048151731491089
2025-04-24 12:05:06,2.768,2.867,2.598,2.662,2.715,35.0,35.6,35.4,2.81,35.1,36.1,2.809,2.772,2.72,2.757,2.723,2.769,2.717,2.726,2.57,2.709,37.5,-31.10344886779785,19.92,1.3048151731491089
2025-04-24 12:05:07,2.768,2.867,2.598,2.662,2.715,35.0,35.6,35.4,2.81,35.1,36.1,2.809,2.721,2.72,2.757,2.723,2.769,2.717,2.675,2.57,2.709,37.5,-31.10344886779785,19.92,1.3048151731491089
2025-04-24 12:05:08,2.768,2.867,2.598,2.612,2.715,35.0,35.6,35.4,2.81,35.1,36.1,2.809,2.721,2.72,2.757,2.723,2.769,2.717,2.675,2.57,2.655,37.5,-31.10344886779785,18.36,1.3048151731491089
2025-04-24 12:05:09,2.717,2.867,2.598,2.612,2.715,35.0,35.6,35.4,2.81,35.1,36.1,2.809,2.721,2.72,2.757,2.723,2.769,2.717,2.675,2.57,2.655,37.5,-31.10344886779785,18.36,1.3048151731491089
2025-04-24 12:05:10,2.717,2.867,2.598,2.612,2.715,35.0,35.6,35.4,2.81,35.1,36.1,2.809,2.721,2.72,2.757,2.723,2.769,2.717,2.675,2.57,2.655,37.5,-31.10344886779785,16.77,1.3048151731491089
2025-04-24 12:05:12,2.717,2.867,2.598,2.612,2.715,35.0,35.6,35.4,2.81,35.1,36.1,2.809,2.721,2.72,2.757,2.723,2.769,2.717,2.675,2.57,2.655,37.5,-31.10344886779785,15.3,1.3048151731491089
2025-04-24 12:05:14,2.717,2.867,2.545,2.612,2.715,35.0,35.6,35.4,2.81,35.1,36.1,2.809,2.721,2.72,2.705,2.723,2.769,2.717,2.675,2.57,2.655,37.5,-31.10344886779785,13.97,1.3048151731491089
2025-04-24 12:05:16,2.717,2.817,2.545,2.612,2.662,35.0,35.6,35.4,2.81,35.1,36.1,2.809,2.721,2.72,2.705,2.671,2.769,2.717,2.675,2.57,2.655,37.5,-31.10344886779785,12.76,1.3048151731491089
2025-04-24 12:05:17,2.717,2.817,2.545,2.612,2.662,35.0,35.6,35.4,2.81,35.1,36.1,2.809,2.721,2.72,2.705,2.671,2.769,2.717,2.675,2.57,2.655,37.5,0.0,12.76,1.3048151731491089
2025-04-24 12:05:18,2.717,2.867,2.605,2.612,2.727,35.0,35.6,35.4,2.81,35.1,36.1,2.809,2.721,2.72,2.756,2.731,2.769,2.717,2.675,2.57,2.655,37.5,0.0,11.6,1.3048151731491089
2025-04-24 12:05:19,2.717,2.867,2.605,2.667,2.727,35.0,35.6,35.4,2.81,35.1,36.1,2.809,2.721,2.72,2.756,2.731,2.769,2.717,2.675,2.57,2.712,37.5,0.0,11.6,1.3048151731491089
2025-04-24 12:05:20,2.773,2.867,2.605,2.667,2.727,35.0,35.6,35.4,2.81,35.1,36.1,2.809,2.779,2.72,2.756,2.731,2.769,2.717,2.734,2.628,2.712,37.5,0.0,11.6,1.3048151731491089
2025-04-24 12:05:21,2.773,2.867,2.605,2.667,2.727,35.0,35.6,35.4,2.81,35.1,36.1,2.809,2.779,2.776,2.756,2.731,2.769,2.777,2.734,2.628,2.712,37.5,0.0,11.6,1.3048151731491089
2025-04-24 12:05:22,2.773,2.867,2.664,2.667,2.786,35.0,35.6,35.4,2.81,35.1,36.1,2.809,2.779,2.776,2.756,2.731,2.819,2.777,2.734,2.628,2.712,37.5,0.0,11.6,1.3048151731491089
2025-04-24 12:05:23,2.773,2.867,2.664,2.722,2.786,35.0,35.6,35.4,2.81,35.1,36.1,2.809,2.779,2.776,2.756,2.731,2.819,2.777,2.734,2.628,2.763,37.5,0.0,11.6,1.3048151731491089
2025-04-24 12:05:24,2.773,2.867,2.664,2.722,2.786,35.0,35.6,35.4,2.81,35.1,36.1,2.809,2.779,2.776,2.807,2.784,2.819,2.777,2.734,2.68,2.763,37.5,0.0,11.6,1.3048151731491089
2025-04-24 12:05:25,2.773,2.867,2.664,2.722,2.786,35.0,35.6,35.4,2.81,35.1,36.1,2.859,2.779,2.776,2.807,2.784,2.819,2.777,2.734,2.68,2.763,37.5,0.0,11.6,1.3048151731491089
2025-04-24 12:05:26,2.773,2.867,2.664,2.722,2.786,35.0,35.6,35.4,2.863,35.1,36.1,2.859,2.779,2.776,2.807,2.784,2.819,2.777,2.734,2.68,2.763,37.5,0.0,11.6,1.3048151731491089
2025-04-24 12:05:27,2.773,2.867,2.664,2.722,2.786,35.0,35.6,35.4,2.863,35.1,36.1,2.859,2.833,2.776,2.807,2.784,2.819,2.777,2.734,2.68,2.763,37.5,0.0,11.6,1.3048151731491089
2025-04-24 12:05:28,2.773,2.867,2.664,2.722,2.786,35.0,35.6,35.4,2.863,35.1,36.1,2.859,2.833,2.776,2.807,2.784,2.819,2.777,2.786,2.68,2.763,37.5,0.0,11.6,1.3048151731491089
2025-04-24 12:05:29,2.773,2.867,2.664,2.722,2.838,35.0,35.6,35.4,2.863,36.1,36.1,2.859,2.833,2.776,2.807,2.784,2.819,2.777,2.786,2.731,2.763,37.5,0.0,11.6,1.3048151731491089
2025-04-24 12:05:30,2.773,2.867,2.723,2.772,2.838,35.0,35.6,35.4,2.863,36.1,36.1,2.859,2.833,2.776,2.807,2.784,2.819,2.777,2.786,2.731,2.763,37.5,0.0,11.6,1.3048151731491089
2025-04-24 12:05:31,2.773,2.918,2.723,2.772,2.838,35.0,35.6,35.4,2.863,36.1,36.1,2.859,2.833,2.828,2.807,2.784,2.819,2.777,2.786,2.731,2.814,37.5,0.0,11.6,1.3048151731491089
2025-04-24 12:05:32,2.773,2.918,2.723,2.772,2.838,35.0,35.6,35.4,2.863,36.1,36.1,2.859,2.833,2.828,2.807,2.784,2.819,2.829,2.786,2.731,2.814,37.5,0.0,11.6,1.3048151731491089
2025-04-24 12:05:33,2.823,2.918,2.723,2.772,2.838,35.0,35.6,35.4,2.863,36.1,36.1,2.859,2.833,2.828,2.807,2.784,2.819,2.829,2.786,2.731,2.814,37.5,0.0,11.6,1.3048151731491089
2025-04-24 12:05:37,2.823,2.918,2.723,2.772,2.838,35.0,35.6,35.4,2.863,36.1,36.1,2.859,2.833,2.828,2.807,2.784,2.819,2.829,2.786,2.783,2.814,37.5,0.0,11.6,1.3048151731491089
2025-04-24 12:05:39,2.823,2.918,2.723,2.772,2.838,35.0,35.6,35.4,2.863,36.1,36.1,2.859,2.833,2.828,2.807,2.834,2.871,2.829,2.786,2.783,2.814,37.5,0.0,11.6,1.3048151731491089
2025-04-24 12:05:41,2.823,2.918,2.723,2.772,2.838,35.0,35.6,35.4,2.863,36.1,36.1,2.859,2.833,2.828,2.858,2.834,2.871,2.829,2.786,2.783,2.814,37.5,0.0,11.6,1.3048151731491089
2025-04-24 12:05:44,2.823,2.918,2.723,2.772,2.891,35.0,35.6,35.4,2.863,36.1,36.1,2.859,2.883,2.828,2.858,2.834,2.871,2.829,2.786,2.783,2.814,37.5,0.0,11.6,1.3048151731491089
2025-04-24 12:05:47,2.823,2.918,2.775,2.822,2.891,35.0,35.6,35.4,2.863,36.1,36.1,2.859,2.883,2.828,2.858,2.834,2.871,2.829,2.786,2.783,2.814,37.5,0.0,11.6,1.3048151731491089
2025-04-24 12:05:48,2.823,2.918,2.775,2.822,2.891,35.0,35.6,35.4,2.863,36.1,36.1,2.859,2.883,2.828,2.858,2.834,2.871,2.829,2.786,2.783,2.865,37.5,0.0,11.6,1.3048151731491089
2025-04-24 12:05:49,2.823,2.918,2.775,2.822,2.891,35.0,35.6,35.4,2.863,36.1,36.1,2.909,2.883,2.828,2.858,2.834,2.871,2.829,2.836,2.783,2.865,37.5,0.0,11.6,1.3048151731491089
2025-04-24 12:05:52,2.823,2.918,2.775,2.822,2.891,35.0,35.6,35.4,2.863,36.1,36.1,2.909,2.883,2.828,2.858,2.834,2.871,2.829,2.836,2.833,2.865,37.5,0.0,11.6,1.3048151731491089
2025-04-24 12:05:54,2.823,2.918,2.775,2.822,2.891,35.0,35.6,35.4,2.913,36.1,36.1,2.909,2.883,2.828,2.858,2.834,2.871,2.829,2.836,2.833,2.865,37.5,0.0,11.6,1.3048151731491089
2025-04-24 12:05:57,2.823,2.918,2.775,2.822,2.891,35.0,35.6,35.4,2.913,36.1,36.1,2.909,2.883,2.878,2.858,2.834,2.871,2.829,2.836,2.833,2.865,37.5,0.0,11.6,1.3048151731491089
2025-04-24 12:06:01,2.823,2.918,2.775,2.822,2.891,35.0,35.6,35.4,2.913,36.1,36.1,2.909,2.883,2.878,2.858,2.834,2.871,2.879,2.836,2.833,2.865,37.5,0.0,11.6,1.3048151731491089
2025-04-24 12:06:08,2.873,2.918,2.775,2.822,2.891,35.0,35.6,35.4,2.913,36.1,36.1,2.909,2.883,2.878,2.858,2.834,2.871,2.879,2.836,2.833,2.865,37.5,0.0,11.6,1.3048151731491089
2025-04-24 12:06:18,2.873,2.918,2.775,2.822,2.891,35.0,35.6,35.4,2.913,36.1,36.1,2.909,2.883,2.878,2.858,2.884,2.871,2.879,2.836,2.833,2.865,37.5,0.0,11.6,1.3048151731491089
2025-04-24 12:06:23,2.873,2.918,2.775,2.822,2.942,35.0,35.6,35.4,2.913,36.1,36.1,2.909,2.883,2.878,2.858,2.884,2.871,2.879,2.836,2.883,2.865,37.5,0.0,11.6,1.3048151731491089
2025-04-24 12:06:26,2.873,2.968,2.825,2.822,2.942,35.0,35.6,35.4,2.913,36.1,36.1,2.909,2.883,2.878,2.858,2.884,2.871,2.879,2.836,2.883,2.865,37.5,0.0,11.6,1.3048151731491089
2025-04-24 12:06:27,2.873,2.968,2.825,2.872,2.942,35.0,35.6,35.4,2.913,36.1,36.1,2.909,2.883,2.878,2.858,2.884,2.871,2.879,2.836,2.883,2.865,37.5,0.0,11.6,1.3048151731491089
2025-04-24 12:06:32,2.873,2.968,2.825,2.872,2.942,35.0,35.6,35.4,2.913,36.1,36.1,2.909,2.883,2.878,2.908,2.884,2.871,2.879,2.836,2.883,2.915,37.5,0.0,11.6,1.3048151731491089
2025-04-24 12:06:33,2.873,2.968,2.825,2.872,2.942,35.0,35.6,35.4,2.913,36.1,36.1,2.909,2.883,2.878,2.908,2.884,2.921,2.879,2.836,2.883,2.915,37.5,0.0,11.6,1.3048151731491089
2025-04-24 12:06:38,2.873,2.968,2.825,2.872,2.942,35.0,35.6,35.4,2.913,36.1,36.1,2.909,2.883,2.878,2.908,2.884,2.921,2.879,2.886,2.883,2.915,37.5,0.0,11.6,1.3048151731491089
2025-04-24 12:06:40,2.873,2.968,2.825,2.872,2.942,35.0,35.6,35.4,2.913,36.1,36.1,2.909,2.933,2.878,2.908,2.884,2.921,2.879,2.886,2.883,2.915,37.5,0.0,11.6,1.3048151731491089
2025-04-24 12:06:59,2.873,2.968,2.825,2.872,2.942,35.0,35.6,35.4,2.913,36.1,36.1,2.959,2.933,2.878,2.908,2.884,2.921,2.879,2.886,2.883,2.915,37.5,0.0,11.6,1.3048151731491089
2025-04-24 12:07:06,2.873,2.968,2.825,2.872,2.942,35.0,35.6,35.4,2.962,36.1,36.1,2.959,2.933,2.878,2.908,2.884,2.921,2.879,2.886,2.883,2.915,37.5,0.0,11.6,1.3048151731491089
2025-04-24 12:07:18,2.873,2.968,2.825,2.872,2.942,35.0,35.6,35.4,2.962,36.1,36.1,2.959,2.933,2.928,2.908,2.884,2.921,2.879,2.886,2.883,2.915,37.5,0.0,11.6,1.3048151731491089
2025-04-24 12:07:36,2.923,2.968,2.825,2.872,2.942,35.0,35.6,35.4,2.962,36.1,36.1,2.959,2.933,2.928,2.908,2.884,2.921,2.879,2.886,2.883,2.915,37.5,0.0,11.6,1.3048151731491089
2025-04-24 12:07:38,2.923,2.968,2.825,2.872,2.942,35.0,35.6,35.4,2.962,36.1,36.1,2.959,2.933,2.928,2.908,2.884,2.921,2.929,2.886,2.933,2.915,37.5,0.0,11.6,1.3048151731491089
2025-04-24 12:07:58,2.923,2.968,2.825,2.922,2.942,35.0,35.6,35.4,2.962,36.1,36.1,2.959,2.933,2.928,2.908,2.884,2.921,2.929,2.886,2.933,2.915,37.5,0.0,11.6,1.3048151731491089
2025-04-24 12:08:00,2.923,2.968,2.875,2.922,2.942,35.0,35.6,35.4,2.962,36.1,36.1,2.959,2.933,2.928,2.908,2.884,2.921,2.929,2.886,2.933,2.915,37.5,0.0,11.6,1.3048151731491089
2025-04-24 12:08:02,2.923,2.968,2.875,2.922,2.942,35.0,35.6,35.4,2.962,36.1,36.1,2.959,2.933,2.928,2.908,2.934,2.921,2.929,2.886,2.933,2.915,37.5,0.0,11.6,1.3048151731491089
2025-04-24 12:08:25,2.923,2.968,2.875,2.922,2.992,35.0,35.6,35.4,2.962,36.1,36.1,2.959,2.933,2.928,2.908,2.934,2.921,2.929,2.886,2.933,2.915,37.5,0.0,11.6,1.3048151731491089
2025-04-24 12:08:37,2.923,2.968,2.875,2.922,2.992,35.0,35.6,35.4,2.962,36.1,36.1,2.959,2.933,2.928,2.908,2.934,2.921,2.929,2.886,2.933,2.965,37.5,0.0,11.6,1.3048151731491089
2025-04-24 12:08:50,2.923,2.968,2.875,2.922,2.992,35.0,35.6,35.4,2.962,36.1,36.1,2.959,2.933,2.928,2.908,2.934,2.921,2.929,2.936,2.933,2.965,37.5,0.0,11.6,1.3048151731491089
2025-04-24 12:09:30,2.923,2.968,2.875,2.922,2.992,35.0,35.6,35.4,2.962,36.1,36.1,2.959,2.933,2.928,2.958,2.934,2.921,2.929,2.936,2.933,2.965,37.5,0.0,11.6,1.3048151731491089
2025-04-24 12:11:15,2.923,2.968,2.875,2.922,2.992,35.0,35.6,35.4,2.962,36.1,36.1,2.959,2.933,2.928,2.958,2.934,2.971,2.929,2.936,2.933,2.965,37.5,0.0,11.6,1.3048151731491089
2025-04-24 12:12:27,2.923,2.968,2.875,2.922,2.992,35.0,35.6,35.4,3.012,36.1,36.1,2.959,2.933,2.928,2.958,2.934,2.971,2.929,2.936,2.933,2.965,37.5,0.0,11.6,1.3048151731491089
2025-04-24 12:12:34,2.923,2.968,2.875,2.922,2.992,35.0,35.6,35.4,3.012,36.1,36.1,2.959,2.933,2.928,2.958,2.934,2.971,2.929,2.936,2.983,2.965,37.5,0.0,11.6,1.3048151731491089
2025-04-24 12:12:39,2.923,2.968,2.875,2.922,2.992,35.0,35.6,35.4,3.012,36.1,36.1,3.009,2.933,2.928,2.958,2.934,2.971,2.929,2.936,2.983,2.965,37.5,0.0,11.6,1.3048151731491089
2025-04-24 12:12:45,2.923,2.968,2.875,2.922,2.992,35.0,35.6,35.4,3.012,36.1,36.1,3.009,2.982,2.928,2.958,2.934,2.971,2.929,2.936,2.983,2.965,37.5,0.0,11.6,1.3048151731491089
2025-04-24 12:12:51,2.923,3.018,2.875,2.922,2.992,35.0,35.6,35.4,3.012,36.1,36.1,3.009,2.982,2.928,2.958,2.934,2.971,2.929,2.936,2.983,2.965,37.5,0.0,11.6,1.3048151731491089
2025-04-24 12:14:06,2.923,3.018,2.875,2.922,2.992,35.0,35.6,35.4,3.012,36.1,36.1,3.009,2.982,2.928,2.958,2.934,2.971,2.929,2.936,2.983,2.965,37.5,0.0,10.6,1.3048151731491089
2025-04-24 12:18:51,2.923,3.018,2.925,2.922,2.992,35.0,35.6,35.4,3.012,36.1,36.1,3.009,2.982,2.928,2.958,2.934,2.971,2.929,2.936,2.983,2.965,37.5,0.0,10.6,1.3048151731491089
2025-04-24 12:21:08,2.923,3.018,2.925,2.922,2.992,35.0,35.6,35.4,3.012,36.1,36.1,3.009,2.982,2.978,2.958,2.934,2.971,2.929,2.936,2.983,2.965,37.5,0.0,10.6,1.3048151731491089
2025-04-24 12:21:44,2.923,3.018,2.925,2.972,2.992,35.0,35.6,35.4,3.012,36.1,36.1,3.009,2.982,2.978,2.958,2.934,2.971,2.929,2.936,2.983,2.965,37.5,0.0,10.6,1.3048151731491089
2025-04-24 12:22:29,2.973,3.018,2.925,2.972,2.992,35.0,35.6,35.4,3.012,36.1,36.1,3.009,2.982,2.978,2.958,2.934,2.971,2.929,2.936,2.983,2.965,37.5,0.0,10.6,1.3048151731491089
2025-04-24 12:23:28,2.973,3.018,2.925,2.972,2.992,35.0,35.6,35.4,3.012,36.1,36.1,3.009,2.982,2.978,2.958,2.934,2.971,2.929,2.936,2.983,2.965,37.5,0.0,9.6,1.3048151731491089
2025-04-24 12:29:06,2.973,3.018,2.925,2.972,2.992,35.0,35.6,35.4,3.012,36.1,36.1,3.009,2.982,2.978,2.958,2.934,2.971,2.98,2.936,2.983,2.965,37.5,0.0,9.6,1.3048151731491089
2025-04-24 12:29:08,2.973,3.018,2.925,2.972,2.992,35.0,35.6,35.4,3.012,36.1,36.1,3.009,2.982,2.978,2.958,2.934,2.971,2.98,2.936,2.983,2.965,37.5,0.0,1.2,1.3048151731491089
2025-04-24 12:46:54,2.985,3.039,2.945,2.986,3.04,34.5,34.8,34.9,3.036,35.8,35.8,3.029,3.007,2.993,2.996,2.993,2.996,2.989,2.986,3.009,3.014,37.9,0.0,1.2,1.3666906356811523
2025-04-24 12:46:57,2.985,3.039,2.945,2.986,3.04,33.2,33.3,33.4,3.036,35.8,35.8,3.029,3.007,2.993,2.996,2.993,2.996,2.989,2.986,3.009,3.014,37.9,0.0,1.2,1.3666906356811523
2025-04-24 12:47:01,2.985,3.039,2.945,2.986,3.04,33.2,33.3,33.4,3.036,35.8,35.8,3.029,3.007,2.993,2.996,2.993,2.996,2.989,2.986,3.009,3.014,30.1,3.928756237030029,1.2,1.3666906356811523
2025-04-24 12:47:02,2.985,3.039,2.945,2.986,3.04,33.2,33.3,33.4,3.036,35.8,35.8,3.029,3.007,2.993,2.996,2.993,2.996,2.989,2.986,3.009,3.014,30.1,8.829174041748047,1.2,1.3666906356811523
2025-04-24 12:47:04,2.985,3.039,2.945,2.986,3.04,33.2,33.3,33.4,3.036,35.8,35.8,3.029,3.007,2.993,2.996,2.993,2.996,2.989,2.986,3.009,3.014,30.1,14.17046070098877,1.2,1.3666906356811523
2025-04-24 12:47:05,2.985,3.039,2.945,2.986,3.04,33.2,33.3,33.4,3.036,35.8,34.8,3.029,3.007,2.993,2.996,2.993,2.996,2.989,2.986,3.009,3.014,30.1,14.17046070098877,1.2,1.3666906356811523
2025-04-24 12:47:06,2.985,3.039,2.945,2.986,3.04,33.2,33.3,33.4,3.036,35.8,34.8,3.029,3.007,2.993,2.996,2.993,2.996,2.989,2.986,3.009,3.014,30.1,17.40066909790039,1.2,1.3666906356811523
2025-04-24 12:47:09,2.985,3.039,2.945,2.986,3.04,33.2,33.3,33.4,3.036,35.8,34.8,3.029,3.007,2.993,2.996,2.993,2.996,2.989,2.986,3.009,3.014,30.1,19.293981552124023,1.2,1.3666906356811523
2025-04-24 12:47:13,2.985,3.039,2.945,2.986,3.04,33.2,33.3,33.4,3.036,35.8,34.8,3.029,3.007,2.993,2.996,2.993,2.996,2.989,2.986,3.009,3.014,30.1,20.4541015625,1.2,1.3666906356811523
2025-04-24 12:47:16,2.985,3.039,2.945,2.986,3.04,33.2,33.3,33.4,3.036,35.8,34.8,3.029,3.007,2.993,2.996,2.993,2.996,2.989,3.036,3.009,3.014,30.1,20.4541015625,1.2,1.3666906356811523
2025-04-24 12:47:17,3.035,3.039,2.945,2.986,3.04,33.2,33.3,33.4,3.036,35.8,34.8,3.029,3.007,2.993,2.996,2.993,2.996,2.989,3.036,3.009,3.014,30.1,20.4541015625,1.2,1.3666906356811523
2025-04-24 12:47:18,3.035,3.039,2.996,3.037,3.04,33.2,33.3,33.4,3.036,35.8,34.8,3.029,3.007,2.993,2.996,3.043,2.996,2.989,3.036,3.06,3.014,30.1,20.4541015625,1.2,1.3666906356811523
2025-04-24 12:47:20,3.035,3.039,2.996,3.037,3.04,33.2,33.3,33.4,3.036,35.8,34.8,3.029,3.007,2.993,2.996,3.043,3.047,3.039,3.036,3.06,3.014,30.1,20.4541015625,1.2,1.3666906356811523
2025-04-24 12:47:22,3.035,3.039,2.996,3.037,3.09,33.2,33.3,33.4,3.036,35.8,34.8,3.029,3.007,3.044,2.996,3.043,3.047,3.039,3.036,3.06,3.064,30.1,20.4541015625,1.2,1.3666906356811523
2025-04-24 12:47:23,3.035,3.039,2.996,3.037,3.09,33.2,33.3,33.4,3.036,35.8,34.8,3.029,3.007,3.044,3.046,3.043,3.047,3.039,3.036,3.06,3.064,30.1,20.4541015625,1.2,1.3666906356811523
2025-04-24 12:47:24,3.035,3.039,2.996,3.037,3.09,33.2,33.3,33.4,3.036,35.8,34.8,3.079,3.007,3.044,3.046,3.043,3.047,3.039,3.036,3.06,3.064,30.1,20.4541015625,1.2,1.3666906356811523
2025-04-24 12:47:25,3.035,3.039,2.996,3.037,3.09,33.2,33.3,33.4,3.036,35.8,34.8,3.079,3.057,3.044,3.046,3.043,3.047,3.039,3.036,3.06,3.064,30.1,20.4541015625,1.2,1.3666906356811523
2025-04-24 12:47:27,3.035,3.089,2.996,3.037,3.09,33.2,33.3,33.4,3.086,35.8,34.8,3.079,3.057,3.044,3.046,3.043,3.047,3.039,3.036,3.06,3.064,30.1,20.4541015625,1.2,1.3666906356811523
2025-04-24 12:48:13,3.035,3.089,2.996,3.037,3.09,33.2,33.3,33.4,3.086,35.8,34.8,3.079,3.057,3.044,3.046,3.043,3.047,3.039,3.036,3.06,3.064,31.1,20.4541015625,1.2,1.3666906356811523
2025-04-24 12:48:14,3.086,3.089,3.046,3.037,3.09,33.2,33.3,33.4,3.086,35.8,34.8,3.079,3.057,3.044,3.046,3.043,3.047,3.039,3.036,3.06,3.064,31.1,20.4541015625,1.2,1.3666906356811523
2025-04-24 12:48:16,3.086,3.089,3.046,3.037,3.09,33.2,33.3,33.4,3.086,35.8,34.8,3.079,3.057,3.044,3.046,3.043,3.047,3.039,3.086,3.06,3.064,31.1,20.4541015625,1.2,1.3666906356811523
2025-04-24 12:48:17,3.086,3.089,3.046,3.037,3.09,33.2,33.3,33.4,3.086,35.8,34.8,3.079,3.057,3.044,3.046,3.093,3.047,3.039,3.086,3.06,3.064,31.1,20.4541015625,1.2,1.3666906356811523
2025-04-24 12:48:20,3.086,3.089,3.046,3.037,3.09,33.2,33.3,33.4,3.086,35.8,34.8,3.079,3.057,3.094,3.046,3.093,3.047,3.089,3.086,3.06,3.064,31.1,20.4541015625,1.2,1.3666906356811523
2025-04-24 12:48:21,3.086,3.089,3.046,3.087,3.09,33.2,33.3,33.4,3.086,35.8,34.8,3.079,3.057,3.094,3.096,3.093,3.047,3.089,3.086,3.11,3.064,31.1,20.4541015625,1.2,1.3666906356811523
2025-04-24 12:48:23,3.086,3.089,3.046,3.087,3.09,33.2,33.3,33.4,3.086,35.8,34.8,3.079,3.057,3.094,3.096,3.093,3.097,3.089,3.086,3.11,3.064,31.1,20.4541015625,1.2,1.3666906356811523
2025-04-24 12:48:24,3.086,3.089,3.046,3.087,3.09,33.2,33.3,33.4,3.086,35.8,34.8,3.079,3.057,3.094,3.096,3.093,3.097,3.089,3.086,3.11,3.114,31.1,20.4541015625,1.2,1.3666906356811523
2025-04-24 12:48:28,3.086,3.089,3.046,3.087,3.09,33.2,33.3,33.4,3.086,35.8,34.8,3.079,3.107,3.094,3.096,3.093,3.097,3.089,3.086,3.11,3.114,31.1,20.4541015625,1.2,1.3666906356811523
2025-04-24 12:48:30,3.086,3.089,3.046,3.087,3.09,33.2,33.3,33.4,3.086,35.8,34.8,3.129,3.107,3.094,3.096,3.093,3.097,3.089,3.086,3.11,3.114,31.1,20.4541015625,1.2,1.3666906356811523
2025-04-24 12:48:31,3.086,3.089,3.046,3.087,3.14,33.2,33.3,33.4,3.086,35.8,34.8,3.129,3.107,3.094,3.096,3.093,3.097,3.089,3.086,3.11,3.114,31.1,20.4541015625,1.2,1.3666906356811523
2025-04-24 12:48:39,3.086,3.089,3.046,3.087,3.14,33.2,33.3,33.4,3.136,35.8,34.8,3.129,3.107,3.094,3.096,3.093,3.097,3.089,3.086,3.11,3.114,31.1,20.4541015625,1.2,1.3666906356811523
2025-04-24 12:48:40,3.086,3.139,3.046,3.087,3.14,33.2,33.3,33.4,3.136,35.8,34.8,3.129,3.107,3.094,3.096,3.093,3.097,3.089,3.086,3.11,3.114,31.1,20.4541015625,1.2,1.3666906356811523
2025-04-24 12:48:41,3.086,3.139,3.046,3.087,3.14,33.2,33.3,33.4,3.136,34.8,34.8,3.129,3.107,3.094,3.096,3.093,3.097,3.089,3.086,3.11,3.114,31.1,20.4541015625,1.2,1.3666906356811523
2025-04-24 12:49:16,3.086,3.139,3.096,3.087,3.14,33.2,33.3,33.4,3.136,34.8,34.8,3.129,3.107,3.094,3.096,3.093,3.097,3.089,3.086,3.11,3.114,31.1,20.4541015625,1.2,1.3666906356811523
2025-04-24 12:49:32,3.136,3.139,3.096,3.087,3.14,33.2,33.3,33.4,3.136,34.8,34.8,3.129,3.107,3.094,3.096,3.093,3.097,3.089,3.086,3.11,3.114,31.1,20.4541015625,1.2,1.3666906356811523
2025-04-24 12:49:33,3.136,3.139,3.096,3.087,3.14,33.2,33.3,33.4,3.136,34.8,34.8,3.129,3.107,3.094,3.096,3.093,3.097,3.089,3.086,3.11,3.114,32.1,20.4541015625,1.2,1.3666906356811523
2025-04-24 12:49:35,3.136,3.139,3.096,3.137,3.14,33.2,33.3,33.4,3.136,34.8,34.8,3.129,3.107,3.094,3.096,3.093,3.097,3.089,3.136,3.11,3.114,32.1,20.4541015625,1.2,1.3666906356811523
2025-04-24 12:49:38,3.136,3.139,3.096,3.137,3.14,33.2,33.3,33.4,3.136,34.8,34.8,3.129,3.107,3.094,3.096,3.143,3.097,3.089,3.136,3.11,3.114,32.1,20.4541015625,1.2,1.3666906356811523
2025-04-24 12:49:44,3.136,3.139,3.096,3.137,3.14,33.2,33.3,33.4,3.136,34.8,34.8,3.129,3.107,3.094,3.096,3.143,3.097,3.14,3.136,3.11,3.114,32.1,20.4541015625,1.2,1.3666906356811523
2025-04-24 12:49:45,3.136,3.139,3.096,3.137,3.14,33.2,33.3,33.4,3.136,34.8,34.8,3.129,3.107,3.144,3.096,3.143,3.097,3.14,3.136,3.11,3.114,32.1,20.4541015625,1.2,1.3666906356811523
2025-04-24 12:49:49,3.136,3.139,3.096,3.137,3.14,33.2,33.3,33.4,3.136,34.8,34.8,3.129,3.107,3.144,3.146,3.143,3.147,3.14,3.136,3.16,3.114,32.1,20.4541015625,1.2,1.3666906356811523
2025-04-24 12:49:58,3.136,3.139,3.096,3.137,3.14,33.2,33.3,33.4,3.136,34.8,34.8,3.129,3.157,3.144,3.146,3.143,3.147,3.14,3.136,3.16,3.114,32.1,20.4541015625,1.2,1.3666906356811523
2025-04-24 12:49:59,3.136,3.139,3.096,3.137,3.14,33.2,33.3,33.4,3.136,34.8,34.8,3.129,3.157,3.144,3.146,3.143,3.147,3.14,3.136,3.16,3.164,32.1,20.4541015625,1.2,1.3666906356811523
2025-04-24 12:50:09,3.136,3.139,3.096,3.137,3.14,33.2,33.3,33.4,3.136,34.8,34.8,3.179,3.157,3.144,3.146,3.143,3.147,3.14,3.136,3.16,3.164,32.1,20.4541015625,1.2,1.3666906356811523
2025-04-24 12:50:17,3.136,3.139,3.096,3.137,3.19,33.2,33.3,33.4,3.136,34.8,34.8,3.179,3.157,3.144,3.146,3.143,3.147,3.14,3.136,3.16,3.164,32.1,20.4541015625,1.2,1.3666906356811523
2025-04-24 12:50:24,3.136,3.139,3.096,3.137,3.19,33.2,33.3,33.4,3.186,34.8,34.8,3.179,3.157,3.144,3.146,3.143,3.147,3.14,3.136,3.16,3.164,32.1,20.4541015625,1.2,1.3666906356811523
2025-04-24 12:50:26,3.136,3.189,3.096,3.137,3.19,33.2,33.3,33.4,3.186,34.8,34.8,3.179,3.157,3.144,3.146,3.143,3.147,3.14,3.136,3.16,3.164,32.1,20.4541015625,1.2,1.3666906356811523
2025-04-24 12:50:46,3.136,3.189,3.146,3.137,3.19,33.2,33.3,33.4,3.186,34.8,34.8,3.179,3.157,3.144,3.146,3.143,3.147,3.14,3.136,3.16,3.164,32.1,20.4541015625,1.2,1.3666906356811523
2025-04-24 12:51:17,3.186,3.189,3.146,3.137,3.19,33.2,33.3,33.4,3.186,34.8,34.8,3.179,3.157,3.144,3.146,3.143,3.147,3.14,3.136,3.16,3.164,32.1,20.4541015625,1.2,1.3666906356811523
2025-04-24 12:51:20,3.186,3.189,3.146,3.187,3.19,33.2,33.3,33.4,3.186,34.8,34.8,3.179,3.157,3.144,3.146,3.143,3.147,3.14,3.136,3.16,3.164,32.1,20.4541015625,1.2,1.3666906356811523
2025-04-24 12:51:21,3.186,3.189,3.146,3.187,3.19,33.2,33.3,33.4,3.186,34.8,34.8,3.179,3.157,3.144,3.146,3.143,3.147,3.14,3.186,3.16,3.164,32.1,20.4541015625,1.2,1.3666906356811523
2025-04-24 12:51:25,3.186,3.189,3.146,3.187,3.19,33.2,33.3,33.4,3.186,34.8,34.8,3.179,3.157,3.144,3.146,3.143,3.147,3.14,3.186,3.16,3.164,33.1,20.4541015625,1.2,1.3666906356811523
2025-04-24 12:51:27,3.186,3.189,3.146,3.187,3.19,33.2,33.3,33.4,3.186,34.8,34.8,3.179,3.157,3.144,3.146,3.193,3.147,3.14,3.186,3.16,3.164,33.1,20.4541015625,1.2,1.3666906356811523
2025-04-24 12:51:34,3.186,3.189,3.146,3.187,3.19,33.2,33.3,33.4,3.186,34.8,34.8,3.179,3.157,3.194,3.146,3.193,3.147,3.14,3.186,3.16,3.164,33.1,20.4541015625,1.2,1.3666906356811523
2025-04-24 12:51:36,3.186,3.189,3.146,3.187,3.19,33.2,33.3,33.4,3.186,34.8,34.8,3.179,3.157,3.194,3.146,3.193,3.147,3.19,3.186,3.16,3.164,33.1,20.4541015625,1.2,1.3666906356811523
2025-04-24 12:51:42,3.186,3.189,3.146,3.187,3.19,33.2,33.3,33.4,3.186,34.8,34.8,3.179,3.157,3.194,3.196,3.193,3.147,3.19,3.186,3.16,3.164,33.1,20.4541015625,1.2,1.3666906356811523
2025-04-24 12:51:43,3.186,3.189,3.146,3.187,3.19,33.2,33.3,33.4,3.186,34.8,34.8,3.179,3.157,3.194,3.196,3.193,3.197,3.19,3.186,3.16,3.164,33.1,20.4541015625,1.2,1.3666906356811523
2025-04-24 12:51:47,3.186,3.189,3.146,3.187,3.19,33.2,33.3,33.4,3.186,34.8,34.8,3.179,3.157,3.194,3.196,3.193,3.197,3.19,3.186,3.209,3.164,33.1,20.4541015625,1.2,1.3666906356811523
2025-04-24 12:52:00,3.186,3.189,3.146,3.187,3.19,33.2,33.3,33.4,3.186,34.8,34.8,3.179,3.207,3.194,3.196,3.193,3.197,3.19,3.186,3.209,3.164,33.1,20.4541015625,1.2,1.3666906356811523
2025-04-24 12:52:02,3.186,3.189,3.146,3.187,3.19,33.2,33.3,33.4,3.186,34.8,34.8,3.179,3.207,3.194,3.196,3.193,3.197,3.19,3.186,3.209,3.214,33.1,20.4541015625,1.2,1.3666906356811523
2025-04-24 12:52:22,3.186,3.189,3.146,3.187,3.19,33.2,33.3,33.4,3.186,34.8,34.8,3.229,3.207,3.194,3.196,3.193,3.197,3.19,3.186,3.209,3.214,33.1,20.4541015625,1.2,1.3666906356811523
2025-04-24 12:52:37,3.186,3.189,3.146,3.187,3.24,33.2,33.3,33.4,3.186,34.8,34.8,3.229,3.207,3.194,3.196,3.193,3.197,3.19,3.186,3.209,3.214,33.1,20.4541015625,1.2,1.3666906356811523
2025-04-24 12:52:42,3.186,3.189,3.196,3.187,3.24,33.2,33.3,33.4,3.186,34.8,34.8,3.229,3.207,3.194,3.196,3.193,3.197,3.19,3.186,3.209,3.214,33.1,20.4541015625,1.2,1.3666906356811523
2025-04-24 12:52:48,3.186,3.189,3.196,3.187,3.24,33.2,33.3,33.4,3.237,34.8,34.8,3.229,3.207,3.194,3.196,3.193,3.197,3.19,3.186,3.209,3.214,33.1,20.4541015625,1.2,1.3666906356811523
2025-04-24 12:52:57,3.186,3.239,3.196,3.187,3.24,33.2,33.3,33.4,3.237,34.8,34.8,3.229,3.207,3.194,3.196,3.193,3.197,3.19,3.186,3.209,3.214,33.1,20.4541015625,1.2,1.3666906356811523
2025-04-24 12:53:31,3.186,3.239,3.196,3.187,3.24,33.2,33.3,33.4,3.237,34.8,34.8,3.229,3.207,3.194,3.196,3.193,3.197,3.19,3.186,3.209,3.214,33.1,20.4541015625,2.2,1.3666906356811523
2025-04-24 12:53:38,3.236,3.239,3.196,3.187,3.24,33.2,33.3,33.4,3.237,34.8,34.8,3.229,3.207,3.194,3.196,3.193,3.197,3.19,3.186,3.209,3.214,33.1,20.4541015625,2.2,1.3666906356811523
2025-04-24 12:53:40,3.236,3.239,3.196,3.237,3.24,33.2,33.3,33.4,3.237,34.8,34.8,3.229,3.207,3.194,3.196,3.193,3.197,3.19,3.186,3.209,3.214,33.1,20.4541015625,2.2,1.3666906356811523
2025-04-24 12:53:41,3.236,3.239,3.196,3.237,3.24,33.2,33.3,33.4,3.237,34.8,34.8,3.229,3.207,3.194,3.196,3.193,3.197,3.19,3.235,3.209,3.214,33.1,20.4541015625,2.2,1.3666906356811523
2025-04-24 12:53:54,3.236,3.239,3.196,3.237,3.24,33.2,33.3,33.4,3.237,34.8,34.8,3.229,3.207,3.194,3.196,3.243,3.197,3.19,3.235,3.209,3.214,33.1,20.4541015625,2.2,1.3666906356811523
2025-04-24 12:53:57,3.236,3.239,3.196,3.237,3.24,33.2,33.3,33.4,3.237,34.8,34.8,3.229,3.207,3.194,3.196,3.243,3.197,3.19,3.235,3.209,3.214,34.1,20.4541015625,2.2,1.3666906356811523
2025-04-24 12:54:05,3.236,3.239,3.196,3.237,3.24,33.2,33.3,33.4,3.237,34.8,34.8,3.229,3.207,3.244,3.196,3.243,3.197,3.19,3.235,3.209,3.214,34.1,20.4541015625,2.2,1.3666906356811523
2025-04-24 12:54:07,3.236,3.239,3.196,3.237,3.24,33.2,33.3,33.4,3.237,34.8,34.8,3.229,3.207,3.244,3.196,3.243,3.197,3.24,3.235,3.209,3.214,34.1,20.4541015625,2.2,1.3666906356811523
2025-04-24 12:54:20,3.236,3.239,3.196,3.237,3.24,33.2,33.3,33.4,3.237,34.8,34.8,3.229,3.207,3.244,3.246,3.243,3.247,3.24,3.235,3.209,3.214,34.1,20.4541015625,2.2,1.3666906356811523
2025-04-24 12:54:33,3.236,3.239,3.196,3.237,3.24,33.2,33.3,33.4,3.237,34.8,34.8,3.229,3.207,3.244,3.246,3.243,3.247,3.24,3.235,3.259,3.214,34.1,20.4541015625,2.2,1.3666906356811523
2025-04-24 12:54:52,3.236,3.239,3.196,3.237,3.24,33.2,33.3,33.4,3.237,34.8,34.8,3.229,3.257,3.244,3.246,3.243,3.247,3.24,3.235,3.259,3.214,34.1,20.4541015625,2.2,1.3666906356811523
2025-04-24 12:55:21,3.236,3.239,3.246,3.237,3.24,33.2,33.3,33.4,3.237,34.8,34.8,3.229,3.257,3.244,3.246,3.243,3.247,3.24,3.235,3.259,3.214,34.1,20.4541015625,2.2,1.3666906356811523
2025-04-24 12:56:03,3.236,3.239,3.246,3.237,3.24,33.2,33.3,33.4,3.237,34.8,34.8,3.229,3.257,3.244,3.246,3.243,3.247,3.24,3.235,3.259,3.264,34.1,20.4541015625,2.2,1.3666906356811523
2025-04-24 12:57:25,3.236,3.239,3.246,3.237,3.24,33.2,33.3,33.4,3.237,34.8,34.8,3.229,3.257,3.244,3.246,3.243,3.247,3.24,3.235,3.259,3.264,35.1,20.4541015625,2.2,1.3666906356811523
2025-04-24 12:57:34,3.236,3.239,3.246,3.237,3.24,33.2,33.3,33.4,3.237,34.8,34.8,3.229,3.257,3.244,3.246,3.243,3.247,3.24,3.235,3.259,3.264,35.1,20.4541015625,3.22,1.3666906356811523
2025-04-24 12:58:17,3.236,3.239,3.246,3.237,3.24,33.2,32.3,33.4,3.237,34.8,34.8,3.229,3.257,3.244,3.246,3.243,3.247,3.24,3.235,3.259,3.264,35.1,20.4541015625,3.22,1.3666906356811523
2025-04-24 13:00:57,3.236,3.239,3.246,3.237,3.24,33.2,32.3,33.4,3.237,34.8,33.8,3.229,3.257,3.244,3.246,3.243,3.247,3.24,3.235,3.259,3.264,35.1,20.4541015625,3.22,1.3666906356811523
2025-04-24 13:02:04,3.236,3.239,3.246,3.237,3.24,33.2,32.3,33.4,3.237,34.8,33.8,3.229,3.257,3.244,3.246,3.243,3.247,3.24,3.235,3.259,3.264,35.1,20.4541015625,3.22,1.4091150760650637
2025-04-24 13:03:43,3.236,3.239,3.246,3.237,3.24,33.2,32.3,33.4,3.237,34.8,33.8,3.279,3.257,3.244,3.246,3.243,3.247,3.24,3.235,3.259,3.264,35.1,20.4541015625,3.22,1.4091150760650637
2025-04-24 13:04:05,3.236,3.239,3.246,3.237,3.24,33.2,32.3,33.4,3.237,34.8,33.8,3.279,3.257,3.244,3.246,3.243,3.247,3.24,3.235,3.259,3.264,36.1,20.4541015625,3.22,1.4091150760650637
2025-04-24 13:04:25,3.236,3.239,3.246,3.237,3.24,32.2,32.3,33.4,3.237,34.8,33.8,3.279,3.257,3.244,3.246,3.243,3.247,3.24,3.235,3.259,3.264,36.1,20.4541015625,3.22,1.4091150760650637
2025-04-24 13:07:05,3.236,3.239,3.246,3.237,3.24,32.2,32.3,33.4,3.237,34.8,33.8,3.279,3.257,3.244,3.246,3.243,3.247,3.24,3.235,3.259,3.264,36.1,20.4541015625,4.23,1.4091150760650637
2025-04-24 13:07:17,3.236,3.239,3.246,3.237,3.24,32.2,32.3,33.4,3.237,34.8,33.8,3.279,3.257,3.244,3.246,3.243,3.247,3.24,3.285,3.259,3.264,36.1,20.4541015625,4.23,1.4091150760650637
2025-04-24 13:07:38,3.286,3.239,3.246,3.237,3.24,32.2,32.3,33.4,3.237,34.8,33.8,3.279,3.257,3.244,3.246,3.243,3.247,3.24,3.285,3.259,3.264,36.1,20.4541015625,4.23,1.4091150760650637
2025-04-24 13:07:44,3.286,3.239,3.246,3.237,3.289,32.2,32.3,33.4,3.237,34.8,33.8,3.279,3.257,3.244,3.246,3.243,3.247,3.24,3.285,3.259,3.264,36.1,20.4541015625,4.23,1.4091150760650637
2025-04-24 13:07:54,3.286,3.239,3.246,3.287,3.289,32.2,32.3,33.4,3.237,34.8,33.8,3.279,3.257,3.244,3.246,3.243,3.247,3.24,3.285,3.259,3.264,36.1,20.4541015625,4.23,1.4091150760650637
2025-04-24 13:08:07,3.286,3.239,3.246,3.287,3.289,32.2,32.3,33.4,3.287,34.8,33.8,3.279,3.257,3.244,3.246,3.243,3.247,3.24,3.285,3.259,3.264,36.1,20.4541015625,4.23,1.4091150760650637
2025-04-24 13:09:17,3.286,3.289,3.246,3.287,3.289,32.2,32.3,33.4,3.287,34.8,33.8,3.279,3.257,3.244,3.246,3.243,3.247,3.24,3.285,3.259,3.264,36.1,20.4541015625,4.23,1.4091150760650637
2025-04-24 13:09:54,3.286,3.289,3.246,3.287,3.289,32.2,32.3,33.4,3.287,34.8,33.8,3.279,3.257,3.244,3.246,3.292,3.247,3.24,3.285,3.259,3.264,36.1,20.4541015625,4.23,1.4091150760650637
2025-04-24 13:10:52,3.286,3.289,3.246,3.287,3.289,32.2,32.3,33.4,3.287,34.8,33.8,3.279,3.257,3.244,3.246,3.292,3.247,3.29,3.285,3.259,3.264,36.1,20.4541015625,4.23,1.4091150760650637
2025-04-24 13:11:11,3.286,3.289,3.246,3.287,3.289,32.2,32.3,33.4,3.287,34.8,33.8,3.279,3.257,3.294,3.246,3.292,3.247,3.29,3.285,3.259,3.264,36.1,20.4541015625,4.23,1.4091150760650637
2025-04-24 13:12:35,3.286,3.289,3.246,3.287,3.289,32.2,32.3,33.4,3.287,34.8,33.8,3.279,3.257,3.294,3.246,3.292,3.297,3.29,3.285,3.259,3.264,36.1,20.4541015625,4.23,1.4091150760650637
2025-04-24 13:12:43,3.286,3.289,3.246,3.287,3.289,32.2,32.3,33.4,3.287,34.8,33.8,3.279,3.257,3.294,3.296,3.292,3.297,3.29,3.285,3.259,3.264,36.1,20.4541015625,4.23,1.4091150760650637
2025-04-24 13:13:51,3.286,3.289,3.295,3.287,3.289,32.2,32.3,33.4,3.287,34.8,33.8,3.279,3.257,3.294,3.296,3.292,3.297,3.29,3.285,3.259,3.264,36.1,20.4541015625,4.23,1.4091150760650637
2025-04-24 13:14:09,3.286,3.289,3.295,3.287,3.289,32.2,32.3,33.4,3.287,34.8,33.8,3.279,3.257,3.294,3.296,3.292,3.297,3.29,3.285,3.309,3.264,36.1,20.4541015625,4.23,1.4091150760650637
2025-04-24 13:15:22,3.286,3.289,3.295,3.287,3.289,32.2,32.3,33.4,3.287,34.8,33.8,3.279,3.306,3.294,3.296,3.292,3.297,3.29,3.285,3.309,3.264,36.1,20.4541015625,4.23,1.4091150760650637
2025-04-24 13:16:46,3.286,3.289,3.295,3.287,3.289,32.2,32.3,33.4,3.287,34.8,33.8,3.279,3.306,3.294,3.296,3.292,3.297,3.29,3.285,3.309,3.264,37.1,20.4541015625,4.23,1.4091150760650637
2025-04-24 13:17:30,3.286,3.289,3.295,3.287,3.289,32.2,32.3,33.4,3.287,34.8,33.8,3.279,3.306,3.294,3.296,3.292,3.297,3.29,3.285,3.309,3.314,37.1,20.4541015625,4.23,1.4091150760650637
2025-04-24 13:19:54,3.286,3.289,3.295,3.287,3.289,32.2,32.3,33.4,3.287,33.8,33.8,3.279,3.306,3.294,3.296,3.292,3.297,3.29,3.285,3.309,3.314,37.1,20.4541015625,4.23,1.4091150760650637
2025-04-24 13:21:18,3.286,3.289,3.295,3.287,3.289,32.2,32.3,33.4,3.287,33.8,33.8,3.328,3.306,3.294,3.296,3.292,3.297,3.29,3.285,3.309,3.314,37.1,20.4541015625,4.23,1.4091150760650637
2025-04-24 13:21:36,3.286,3.289,3.295,3.287,3.289,32.2,32.3,33.4,3.287,33.8,33.8,3.328,3.306,3.294,3.296,3.292,3.297,3.29,3.285,3.309,3.314,37.1,20.4541015625,5.25,1.4091150760650637
2025-04-24 13:24:51,3.286,3.289,3.295,3.287,3.289,32.2,32.3,33.4,3.287,33.8,33.8,3.328,3.306,3.294,3.296,3.292,3.297,3.29,3.335,3.309,3.314,37.1,20.4541015625,5.25,1.4091150760650637
2025-04-24 13:24:53,3.286,3.289,3.295,3.287,3.338,32.2,32.3,33.4,3.287,33.8,33.8,3.328,3.306,3.294,3.296,3.292,3.297,3.29,3.335,3.309,3.314,37.1,20.4541015625,5.25,1.4091150760650637
2025-04-24 13:25:11,3.335,3.289,3.295,3.287,3.338,32.2,32.3,33.4,3.287,33.8,33.8,3.328,3.306,3.294,3.296,3.292,3.297,3.29,3.335,3.309,3.314,37.1,20.4541015625,5.25,1.4091150760650637
2025-04-24 13:25:34,3.335,3.289,3.295,3.337,3.338,32.2,32.3,33.4,3.287,33.8,33.8,3.328,3.306,3.294,3.296,3.292,3.297,3.29,3.335,3.309,3.314,37.1,20.4541015625,5.25,1.4091150760650637
2025-04-24 13:25:44,3.335,3.289,3.295,3.337,3.338,32.2,32.3,33.4,3.337,33.8,33.8,3.328,3.306,3.294,3.296,3.292,3.297,3.29,3.335,3.309,3.314,37.1,20.4541015625,5.25,1.4091150760650637
2025-04-24 13:28:11,3.335,3.289,3.295,3.337,3.338,32.2,32.3,33.4,3.337,33.8,33.8,3.328,3.306,3.294,3.296,3.342,3.297,3.29,3.335,3.309,3.314,37.1,20.4541015625,5.25,1.4091150760650637
2025-04-24 13:28:36,3.335,3.339,3.295,3.337,3.338,32.2,32.3,33.4,3.337,33.8,33.8,3.328,3.306,3.294,3.296,3.342,3.297,3.29,3.335,3.309,3.314,37.1,20.4541015625,5.25,1.4091150760650637
2025-04-24 13:30:11,3.335,3.339,3.295,3.337,3.338,32.2,32.3,33.4,3.337,33.8,33.8,3.328,3.306,3.294,3.296,3.342,3.297,3.34,3.335,3.309,3.314,37.1,20.4541015625,5.25,1.4091150760650637
2025-04-24 13:30:45,3.335,3.339,3.295,3.337,3.338,32.2,32.3,33.4,3.337,33.8,33.8,3.328,3.306,3.344,3.296,3.342,3.297,3.34,3.335,3.309,3.314,37.1,20.4541015625,5.25,1.4091150760650637
2025-04-24 13:33:48,3.335,3.339,3.295,3.337,3.338,32.2,32.3,33.4,3.337,33.8,33.8,3.328,3.306,3.344,3.296,3.342,3.347,3.34,3.335,3.309,3.314,37.1,20.4541015625,5.25,1.4091150760650637
2025-04-24 13:35:25,3.335,3.339,3.295,3.337,3.338,32.2,32.3,33.4,3.337,33.8,33.8,3.328,3.306,3.344,3.345,3.342,3.347,3.34,3.335,3.309,3.314,37.1,20.4541015625,5.25,1.4091150760650637
2025-04-24 13:36:08,3.335,3.339,3.345,3.337,3.338,32.2,32.3,33.4,3.337,33.8,33.8,3.328,3.306,3.344,3.345,3.342,3.347,3.34,3.335,3.309,3.314,37.1,20.4541015625,5.25,1.4091150760650637
2025-04-24 13:42:21,3.335,3.339,3.345,3.337,3.338,32.2,32.3,33.4,3.337,33.8,33.8,3.328,3.306,3.344,3.345,3.342,3.347,3.34,3.335,3.309,3.314,37.1,20.4541015625,5.25,1.521090388298035
2025-04-24 13:48:05,3.335,3.339,3.345,3.337,3.338,32.2,32.3,33.4,3.337,33.8,33.8,3.328,3.306,3.344,3.345,3.342,3.347,3.34,3.335,3.359,3.314,37.1,20.4541015625,5.25,1.521090388298035
2025-04-24 13:53:05,3.335,3.339,3.345,3.337,3.338,32.2,32.3,33.4,3.337,33.8,33.8,3.328,3.356,3.344,3.345,3.342,3.347,3.34,3.335,3.359,3.314,37.1,20.4541015625,5.25,1.521090388298035
2025-04-24 13:54:58,3.335,3.339,3.345,3.337,3.338,32.2,33.3,33.4,3.337,33.8,33.8,3.328,3.356,3.344,3.345,3.342,3.347,3.34,3.335,3.359,3.314,37.1,20.4541015625,5.25,1.521090388298035
2025-04-24 13:55:02,3.335,3.339,3.345,3.337,3.338,32.2,33.3,33.4,3.337,33.8,33.8,3.328,3.356,3.344,3.345,3.342,3.347,3.34,3.335,3.359,3.314,38.1,20.4541015625,5.25,1.521090388298035
2025-04-24 13:59:17,3.335,3.339,3.345,3.337,3.338,32.2,33.3,33.4,3.337,33.8,33.8,3.328,3.356,3.344,3.345,3.342,3.347,3.34,3.335,3.359,3.314,38.1,20.4541015625,6.25,1.521090388298035
2025-04-24 14:08:50,3.335,3.339,3.345,3.337,3.338,32.2,33.3,33.4,3.337,34.8,33.8,3.328,3.356,3.344,3.345,3.342,3.347,3.34,3.335,3.359,3.314,38.1,20.4541015625,6.25,1.521090388298035
2025-04-24 14:12:50,3.335,3.339,3.345,3.337,3.338,32.2,33.3,34.4,3.337,34.8,33.8,3.328,3.356,3.344,3.345,3.342,3.347,3.34,3.335,3.359,3.314,38.1,20.4541015625,6.25,1.521090388298035
2025-04-24 14:13:54,3.335,3.339,3.345,3.337,3.338,32.2,33.3,34.4,3.337,34.8,34.8,3.328,3.356,3.344,3.345,3.342,3.347,3.34,3.335,3.359,3.314,38.1,20.4541015625,6.25,1.521090388298035
2025-04-24 14:15:31,3.335,3.339,3.345,3.337,3.338,32.2,33.3,34.4,3.337,34.8,34.8,3.328,3.356,3.344,3.345,3.342,3.347,3.34,3.335,3.359,3.314,38.1,20.4541015625,7.25,1.521090388298035
2025-04-24 14:15:46,3.335,3.339,3.345,3.337,3.338,33.2,33.3,34.4,3.337,34.8,34.8,3.328,3.356,3.344,3.345,3.342,3.347,3.34,3.335,3.359,3.314,38.1,20.4541015625,7.25,1.521090388298035
2025-04-24 14:16:18,3.335,3.339,3.345,3.337,3.338,33.2,33.3,34.4,3.337,34.8,34.8,3.328,3.356,3.344,3.345,3.342,3.347,3.34,3.335,3.359,3.364,38.1,20.4541015625,7.25,1.521090388298035
2025-04-24 14:17:46,3.335,3.339,3.345,3.337,3.338,33.2,34.3,34.4,3.337,34.8,34.8,3.328,3.356,3.344,3.345,3.342,3.347,3.34,3.335,3.359,3.364,38.1,20.4541015625,7.25,1.521090388298035
2025-04-24 14:21:05,3.335,3.339,3.345,3.337,3.338,33.2,34.3,34.4,3.337,34.8,34.8,3.328,3.356,3.344,3.345,3.342,3.347,3.34,3.335,3.359,3.364,38.1,20.4541015625,8.25,1.521090388298035
2025-04-24 14:22:31,3.335,3.339,3.345,3.337,3.338,33.2,34.3,34.4,3.337,34.8,34.8,3.328,3.356,3.344,3.345,3.342,3.347,3.34,3.335,3.359,3.364,38.1,20.4541015625,8.25,1.6326639652252195
2025-04-24 14:26:04,3.335,3.339,3.345,3.337,3.338,33.2,34.3,34.4,3.337,34.8,34.8,3.377,3.356,3.344,3.345,3.342,3.347,3.34,3.335,3.359,3.364,38.1,20.4541015625,8.25,1.6326639652252195
2025-04-24 14:26:09,3.335,3.339,3.345,3.337,3.338,33.2,34.3,34.4,3.337,34.8,34.8,3.377,3.356,3.344,3.345,3.342,3.347,3.34,3.335,3.359,3.364,38.1,20.4541015625,9.26,1.6326639652252195
2025-04-24 14:28:34,3.335,3.339,3.345,3.337,3.338,33.2,34.3,34.4,3.337,35.8,34.8,3.377,3.356,3.344,3.345,3.342,3.347,3.34,3.335,3.359,3.364,38.1,20.4541015625,9.26,1.6326639652252195
2025-04-24 14:29:27,3.335,3.339,3.345,3.337,3.338,33.2,34.3,34.4,3.337,35.8,34.8,3.377,3.356,3.344,3.345,3.342,3.347,3.34,3.335,3.359,3.364,38.1,20.003780364990234,9.26,1.6326639652252195
2025-04-24 14:30:12,3.335,3.339,3.345,3.337,3.338,33.2,34.3,34.4,3.337,35.8,34.8,3.377,3.356,3.344,3.345,3.342,3.347,3.34,3.335,3.359,3.364,38.1,20.003780364990234,10.27,1.6326639652252195
2025-04-24 14:33:19,3.335,3.339,3.345,3.337,3.338,33.2,34.3,34.4,3.337,35.8,34.8,3.377,3.356,3.344,3.345,3.342,3.347,3.34,3.335,3.359,3.364,38.1,20.003780364990234,11.28,1.6326639652252195
2025-04-24 14:36:18,3.335,3.339,3.345,3.337,3.338,33.2,34.3,34.4,3.337,35.8,35.8,3.377,3.356,3.344,3.345,3.342,3.347,3.34,3.335,3.359,3.364,38.1,20.003780364990234,11.28,1.6326639652252195
2025-04-24 14:36:21,3.335,3.339,3.345,3.337,3.338,33.2,34.3,34.4,3.337,35.8,35.8,3.377,3.356,3.344,3.345,3.342,3.347,3.34,3.384,3.359,3.364,38.1,20.003780364990234,11.28,1.6326639652252195
2025-04-24 14:37:48,3.385,3.339,3.345,3.337,3.338,33.2,34.3,34.4,3.337,35.8,35.8,3.377,3.356,3.344,3.345,3.342,3.347,3.34,3.384,3.359,3.364,38.1,20.003780364990234,11.28,1.6326639652252195
2025-04-24 14:38:19,3.385,3.339,3.345,3.337,3.388,33.2,34.3,34.4,3.337,35.8,35.8,3.377,3.356,3.344,3.345,3.342,3.347,3.34,3.384,3.359,3.364,38.1,20.003780364990234,11.28,1.6326639652252195
2025-04-24 14:38:22,3.385,3.339,3.345,3.386,3.388,33.2,34.3,34.4,3.337,35.8,35.8,3.377,3.356,3.344,3.345,3.342,3.347,3.34,3.384,3.359,3.364,38.1,20.003780364990234,11.28,1.6326639652252195
2025-04-24 14:39:38,3.385,3.339,3.345,3.386,3.388,33.2,34.3,35.4,3.337,35.8,35.8,3.377,3.356,3.344,3.345,3.342,3.347,3.34,3.384,3.359,3.364,38.1,20.003780364990234,11.28,1.6326639652252195
2025-04-24 14:41:18,3.385,3.339,3.345,3.386,3.388,33.2,34.3,35.4,3.337,35.8,35.8,3.377,3.356,3.344,3.345,3.342,3.347,3.34,3.384,3.359,3.364,39.1,20.003780364990234,11.28,1.6326639652252195
2025-04-24 14:44:28,3.385,3.339,3.345,3.386,3.388,33.2,34.3,35.4,3.386,35.8,35.8,3.377,3.356,3.344,3.345,3.342,3.347,3.34,3.384,3.359,3.364,39.1,20.003780364990234,11.28,1.6326639652252195
2025-04-24 14:47:15,3.385,3.339,3.345,3.386,3.388,33.2,34.3,35.4,3.386,35.8,35.8,3.377,3.356,3.344,3.345,3.342,3.347,3.34,3.384,3.359,3.364,39.1,20.003780364990234,12.28,1.6326639652252195
2025-04-24 14:48:40,3.385,3.339,3.345,3.386,3.388,33.2,34.3,35.4,3.386,35.8,35.8,3.377,3.356,3.344,3.345,3.392,3.347,3.34,3.384,3.359,3.364,39.1,20.003780364990234,12.28,1.6326639652252195
2025-04-24 14:49:14,3.385,3.339,3.345,3.386,3.388,34.2,34.3,35.4,3.386,35.8,35.8,3.377,3.356,3.344,3.345,3.392,3.347,3.34,3.384,3.359,3.364,39.1,20.003780364990234,12.28,1.6326639652252195
2025-04-24 14:54:49,3.385,3.339,3.345,3.386,3.388,34.2,34.3,35.4,3.386,35.8,35.8,3.377,3.356,3.344,3.345,3.392,3.347,3.389,3.384,3.359,3.364,39.1,20.003780364990234,12.28,1.6326639652252195
2025-04-24 14:54:50,3.385,3.339,3.345,3.386,3.388,34.2,35.3,35.4,3.386,35.8,35.8,3.377,3.356,3.344,3.345,3.392,3.347,3.389,3.384,3.359,3.364,39.1,20.003780364990234,12.28,1.6326639652252195
2025-04-24 14:54:59,3.385,3.339,3.345,3.386,3.388,34.2,35.3,35.4,3.386,35.8,35.8,3.377,3.356,3.344,3.345,3.392,3.347,3.389,3.384,3.359,3.364,39.1,20.003780364990234,13.28,1.6326639652252195
2025-04-24 14:56:53,3.385,3.388,3.345,3.386,3.388,34.2,35.3,35.4,3.386,35.8,35.8,3.377,3.356,3.344,3.345,3.392,3.347,3.389,3.384,3.359,3.364,39.1,20.003780364990234,13.28,1.6326639652252195
2025-04-24 15:00:25,3.385,3.388,3.345,3.386,3.388,34.2,35.3,35.4,3.386,35.8,35.8,3.377,3.356,3.394,3.345,3.392,3.347,3.389,3.384,3.359,3.364,39.1,20.003780364990234,13.28,1.6326639652252195
2025-04-24 15:02:56,3.385,3.388,3.345,3.386,3.388,34.2,35.3,35.4,3.386,35.8,35.8,3.377,3.356,3.394,3.345,3.392,3.347,3.389,3.384,3.359,3.364,39.1,20.003780364990234,13.28,1.7449113130569458
2025-04-24 15:06:22,3.385,3.388,3.345,3.386,3.388,34.2,35.3,35.4,3.386,35.8,35.8,3.377,3.356,3.394,3.345,3.392,3.397,3.389,3.384,3.359,3.364,39.1,20.003780364990234,13.28,1.7449113130569458
2025-04-24 15:09:12,3.385,3.388,3.345,3.386,3.388,34.2,35.3,35.4,3.386,35.8,35.8,3.377,3.356,3.394,3.395,3.392,3.397,3.389,3.384,3.359,3.364,39.1,20.003780364990234,13.28,1.7449113130569458
2025-04-24 15:09:40,3.385,3.388,3.345,3.386,3.388,34.2,35.3,35.4,3.386,35.8,35.8,3.377,3.356,3.394,3.395,3.392,3.397,3.389,3.384,3.359,3.364,39.1,20.003780364990234,14.28,1.7449113130569458
2025-04-24 15:13:06,3.385,3.388,3.395,3.386,3.388,34.2,35.3,35.4,3.386,35.8,35.8,3.377,3.356,3.394,3.395,3.392,3.397,3.389,3.384,3.359,3.364,39.1,20.003780364990234,14.28,1.7449113130569458
2025-04-24 15:13:40,3.385,3.388,3.395,3.386,3.388,34.2,35.3,35.4,3.386,35.8,35.8,3.377,3.356,3.394,3.395,3.392,3.397,3.389,3.384,3.359,3.364,39.1,20.003780364990234,15.28,1.7449113130569458
2025-04-24 15:18:20,3.385,3.388,3.395,3.386,3.388,34.2,35.3,35.4,3.386,35.8,35.8,3.377,3.356,3.394,3.395,3.392,3.397,3.389,3.384,3.408,3.364,39.1,20.003780364990234,15.28,1.7449113130569458
2025-04-24 15:19:45,3.385,3.388,3.395,3.386,3.388,34.2,35.3,35.4,3.386,35.8,35.8,3.377,3.356,3.394,3.395,3.392,3.397,3.389,3.384,3.408,3.364,39.1,20.003780364990234,16.28,1.7449113130569458
2025-04-24 15:26:30,3.385,3.388,3.395,3.386,3.388,34.2,35.3,35.4,3.386,35.8,35.8,3.377,3.356,3.394,3.395,3.392,3.397,3.389,3.384,3.408,3.364,39.1,20.003780364990234,17.28,1.7449113130569458
2025-04-24 15:28:42,3.385,3.388,3.395,3.386,3.388,34.2,35.3,35.4,3.386,35.8,35.8,3.377,3.406,3.394,3.395,3.392,3.397,3.389,3.384,3.408,3.364,39.1,20.003780364990234,17.28,1.7449113130569458
2025-04-24 15:30:59,3.385,3.388,3.395,3.386,3.388,34.2,35.3,35.4,3.386,35.8,35.8,3.377,3.406,3.394,3.395,3.392,3.397,3.389,3.384,3.408,3.364,39.1,20.003780364990234,18.28,1.7449113130569458
2025-04-24 15:32:58,3.385,3.388,3.395,3.386,3.388,34.2,35.3,35.4,3.386,35.8,35.8,3.377,3.406,3.394,3.395,3.392,3.397,3.389,3.384,3.408,3.364,39.1,20.003780364990234,19.3,1.7449113130569458
2025-04-24 15:33:58,3.385,3.388,3.395,3.386,3.388,34.2,35.3,35.4,3.386,35.8,35.8,3.377,3.406,3.394,3.395,3.392,3.397,3.389,3.384,3.408,3.414,39.1,20.003780364990234,19.3,1.7449113130569458
2025-04-24 15:35:07,3.385,3.388,3.395,3.386,3.388,34.2,35.3,35.4,3.386,36.8,35.8,3.377,3.406,3.394,3.395,3.392,3.397,3.389,3.384,3.408,3.414,39.1,20.003780364990234,19.3,1.7449113130569458
2025-04-24 15:35:32,3.385,3.388,3.395,3.386,3.388,34.2,35.3,35.4,3.386,36.8,35.8,3.377,3.406,3.394,3.395,3.392,3.397,3.389,3.384,3.408,3.414,39.1,20.003780364990234,20.3,1.7449113130569458
2025-04-24 15:37:17,3.385,3.388,3.395,3.386,3.388,34.2,35.3,35.4,3.386,36.8,35.8,3.377,3.406,3.394,3.395,3.392,3.397,3.389,3.384,3.408,3.414,39.1,20.003780364990234,21.3,1.7449113130569458
2025-04-24 15:38:16,3.435,3.388,3.395,3.386,3.388,34.2,35.3,35.4,3.386,36.8,35.8,3.377,3.406,3.394,3.395,3.392,3.397,3.389,3.384,3.408,3.414,39.1,20.003780364990234,21.3,1.7449113130569458
2025-04-24 15:38:24,3.435,3.388,3.395,3.386,3.388,34.2,35.3,35.4,3.386,36.8,35.8,3.427,3.406,3.394,3.395,3.392,3.397,3.389,3.384,3.408,3.414,39.1,20.003780364990234,21.3,1.7449113130569458
2025-04-24 15:39:01,3.435,3.388,3.395,3.386,3.388,34.2,35.3,35.4,3.386,36.8,35.8,3.427,3.406,3.394,3.395,3.392,3.397,3.389,3.434,3.408,3.414,39.1,20.003780364990234,21.3,1.7449113130569458
2025-04-24 15:39:03,3.435,3.388,3.395,3.386,3.388,34.2,35.3,35.4,3.386,36.8,35.8,3.427,3.406,3.394,3.395,3.392,3.397,3.389,3.434,3.408,3.414,39.1,20.003780364990234,22.32,1.7449113130569458
2025-04-24 15:39:23,3.435,3.388,3.395,3.386,3.388,34.2,35.3,35.4,3.386,36.8,35.8,3.427,3.406,3.394,3.395,3.392,3.397,3.389,3.434,3.408,3.414,39.1,20.119457244873047,22.32,1.7449113130569458
2025-04-24 15:39:52,3.435,3.388,3.395,3.436,3.388,34.2,35.3,35.4,3.386,36.8,35.8,3.427,3.406,3.394,3.395,3.392,3.397,3.389,3.434,3.408,3.414,39.1,20.119457244873047,22.32,1.7449113130569458
2025-04-24 15:40:22,3.435,3.388,3.395,3.436,3.388,34.2,35.3,35.4,3.386,36.8,35.8,3.427,3.406,3.394,3.395,3.442,3.397,3.389,3.434,3.408,3.414,39.1,20.119457244873047,22.32,1.7449113130569458
2025-04-24 15:40:38,3.435,3.388,3.395,3.436,3.388,34.2,35.3,35.4,3.386,36.8,35.8,3.427,3.406,3.394,3.395,3.442,3.397,3.389,3.434,3.408,3.414,39.1,20.119457244873047,23.32,1.7449113130569458
2025-04-24 15:42:07,3.435,3.388,3.395,3.436,3.388,34.2,35.3,35.4,3.436,36.8,35.8,3.427,3.406,3.394,3.395,3.442,3.397,3.389,3.434,3.408,3.414,39.1,20.119457244873047,23.32,1.7449113130569458
2025-04-24 15:42:14,3.435,3.388,3.395,3.436,3.388,34.2,35.3,35.4,3.436,36.8,35.8,3.427,3.406,3.394,3.395,3.442,3.397,3.389,3.434,3.408,3.414,39.1,20.119457244873047,24.33,1.7449113130569458
2025-04-24 15:42:24,3.435,3.388,3.395,3.436,3.437,34.2,35.3,35.4,3.436,36.8,35.8,3.427,3.406,3.394,3.395,3.442,3.397,3.389,3.434,3.408,3.414,39.1,20.119457244873047,24.33,1.7449113130569458
2025-04-24 15:43:00,3.485,3.388,3.395,3.436,3.437,34.2,35.3,35.4,3.436,36.8,35.8,3.427,3.406,3.394,3.395,3.442,3.397,3.389,3.434,3.408,3.414,39.1,20.119457244873047,24.33,1.7449113130569458
2025-04-24 15:43:29,3.485,3.438,3.395,3.436,3.437,34.2,35.3,35.4,3.436,36.8,35.8,3.427,3.406,3.394,3.395,3.442,3.397,3.389,3.434,3.408,3.414,39.1,20.119457244873047,24.33,1.7449113130569458
2025-04-24 15:43:36,3.485,3.438,3.395,3.436,3.437,34.2,35.3,35.4,3.436,36.8,35.8,3.427,3.406,3.394,3.395,3.442,3.397,3.389,3.434,3.408,3.414,39.1,20.119457244873047,24.33,1.857829451560974
2025-04-24 15:43:38,3.485,3.438,3.395,3.436,3.437,34.2,35.3,35.4,3.436,36.8,35.8,3.427,3.406,3.394,3.445,3.442,3.397,3.389,3.434,3.408,3.414,39.1,20.119457244873047,24.33,1.857829451560974
2025-04-24 15:43:53,3.485,3.438,3.445,3.436,3.437,34.2,35.3,35.4,3.436,36.8,35.8,3.427,3.406,3.394,3.445,3.442,3.397,3.389,3.434,3.408,3.414,39.1,20.119457244873047,24.33,1.857829451560974
2025-04-24 15:43:54,3.485,3.438,3.445,3.436,3.437,34.2,35.3,35.4,3.436,36.8,35.8,3.427,3.406,3.394,3.445,3.442,3.397,3.389,3.434,3.408,3.414,39.1,20.119457244873047,25.33,1.857829451560974
2025-04-24 15:44:14,3.485,3.438,3.445,3.436,3.437,34.2,35.3,35.4,3.436,36.8,35.8,3.427,3.406,3.394,3.445,3.442,3.397,3.389,3.434,3.458,3.414,39.1,20.119457244873047,25.33,1.857829451560974
2025-04-24 15:44:48,3.485,3.438,3.445,3.436,3.437,34.2,35.3,35.4,3.436,36.8,35.8,3.427,3.406,3.394,3.445,3.442,3.397,3.389,3.483,3.458,3.414,39.1,20.119457244873047,25.33,1.857829451560974
2025-04-24 15:44:49,3.485,3.438,3.445,3.436,3.437,34.2,35.3,35.4,3.436,36.8,35.8,3.427,3.406,3.444,3.445,3.442,3.397,3.389,3.483,3.458,3.414,39.1,20.119457244873047,25.33,1.857829451560974
2025-04-24 15:45:13,3.485,3.438,3.445,3.486,3.437,34.2,35.3,35.4,3.436,36.8,35.8,3.427,3.406,3.444,3.445,3.442,3.397,3.389,3.483,3.458,3.414,39.1,20.119457244873047,25.33,1.857829451560974
2025-04-24 15:45:17,3.485,3.438,3.445,3.486,3.437,34.2,35.3,35.4,3.436,36.8,35.8,3.477,3.406,3.444,3.445,3.442,3.397,3.389,3.483,3.458,3.414,39.1,20.119457244873047,25.33,1.857829451560974
2025-04-24 15:45:40,3.485,3.438,3.445,3.486,3.437,34.2,35.3,35.4,3.436,36.8,35.8,3.477,3.406,3.444,3.445,3.442,3.397,3.389,3.483,3.458,3.414,39.1,20.119457244873047,26.34,1.857829451560974
2025-04-24 15:45:42,3.485,3.438,3.445,3.486,3.437,34.2,35.3,35.4,3.436,36.8,35.8,3.477,3.406,3.444,3.445,3.442,3.397,3.439,3.483,3.458,3.414,39.1,20.119457244873047,26.34,1.857829451560974
2025-04-24 15:45:51,3.485,3.438,3.445,3.486,3.437,34.2,35.3,35.4,3.436,36.8,35.8,3.477,3.406,3.444,3.445,3.442,3.447,3.439,3.483,3.458,3.414,39.1,20.119457244873047,26.34,1.857829451560974
2025-04-24 15:45:59,3.485,3.438,3.445,3.486,3.437,34.2,35.3,35.4,3.436,36.8,35.8,3.477,3.406,3.444,3.445,3.442,3.447,3.439,3.483,3.458,3.464,39.1,20.119457244873047,26.34,1.857829451560974
2025-04-24 15:46:03,3.485,3.438,3.445,3.486,3.437,34.2,35.3,35.4,3.436,36.8,36.8,3.477,3.406,3.444,3.445,3.442,3.447,3.439,3.483,3.458,3.464,39.1,20.119457244873047,26.34,1.857829451560974
2025-04-24 15:46:18,3.485,3.438,3.445,3.486,3.437,34.2,35.3,35.4,3.436,36.8,36.8,3.477,3.406,3.444,3.445,3.492,3.447,3.439,3.483,3.458,3.464,39.1,20.119457244873047,26.34,1.857829451560974
2025-04-24 15:46:22,3.485,3.438,3.445,3.486,3.437,34.2,35.3,35.4,3.486,36.8,36.8,3.477,3.406,3.444,3.445,3.492,3.447,3.439,3.483,3.458,3.464,39.1,20.119457244873047,26.34,1.857829451560974
2025-04-24 15:47:16,3.485,3.438,3.445,3.486,3.437,34.2,35.3,35.4,3.486,36.8,36.8,3.477,3.406,3.444,3.445,3.492,3.447,3.439,3.483,3.458,3.464,39.1,20.119457244873047,27.35,1.857829451560974
2025-04-24 15:47:27,3.485,3.438,3.495,3.486,3.437,34.2,35.3,35.4,3.486,36.8,36.8,3.477,3.406,3.444,3.445,3.492,3.447,3.439,3.483,3.458,3.464,39.1,20.119457244873047,27.35,1.857829451560974
2025-04-24 15:47:47,3.485,3.488,3.495,3.486,3.437,34.2,35.3,35.4,3.486,36.8,36.8,3.477,3.406,3.444,3.445,3.492,3.447,3.439,3.483,3.458,3.464,39.1,20.119457244873047,27.35,1.857829451560974
2025-04-24 15:48:01,3.485,3.488,3.495,3.486,3.437,34.2,35.3,35.4,3.486,36.8,36.8,3.477,3.406,3.444,3.495,3.492,3.447,3.439,3.483,3.458,3.464,39.1,20.119457244873047,27.35,1.857829451560974
2025-04-24 15:48:08,3.485,3.488,3.495,3.486,3.437,34.2,35.3,35.4,3.486,36.8,36.8,3.477,3.406,3.444,3.495,3.492,3.447,3.439,3.483,3.508,3.464,39.1,20.119457244873047,27.35,1.857829451560974
2025-04-24 15:48:15,3.485,3.488,3.495,3.486,3.486,34.2,35.3,35.4,3.486,36.8,36.8,3.477,3.406,3.444,3.495,3.492,3.447,3.439,3.483,3.508,3.464,39.1,20.119457244873047,27.35,1.857829451560974
2025-04-24 15:48:36,3.485,3.488,3.495,3.486,3.486,34.2,35.3,35.4,3.486,36.8,36.8,3.477,3.456,3.444,3.495,3.492,3.447,3.439,3.483,3.508,3.464,39.1,20.119457244873047,27.35,1.857829451560974
2025-04-24 15:48:51,3.485,3.488,3.495,3.486,3.486,34.2,35.3,35.4,3.486,36.8,36.8,3.477,3.456,3.444,3.495,3.492,3.447,3.439,3.483,3.508,3.464,39.1,20.119457244873047,28.35,1.857829451560974
2025-04-24 15:48:58,3.535,3.488,3.495,3.486,3.486,34.2,35.3,35.4,3.486,36.8,36.8,3.477,3.456,3.444,3.495,3.492,3.447,3.439,3.483,3.508,3.464,39.1,20.119457244873047,28.35,1.857829451560974
2025-04-24 15:48:59,3.535,3.488,3.495,3.486,3.486,34.2,35.3,36.4,3.486,36.8,36.8,3.477,3.456,3.444,3.495,3.492,3.447,3.439,3.483,3.508,3.464,39.1,20.119457244873047,28.35,1.857829451560974
2025-04-24 15:49:09,3.535,3.488,3.495,3.486,3.486,34.2,35.3,36.4,3.486,36.8,36.8,3.477,3.456,3.493,3.495,3.492,3.447,3.439,3.483,3.508,3.464,39.1,20.119457244873047,28.35,1.857829451560974
2025-04-24 15:49:14,3.535,3.488,3.495,3.486,3.486,34.2,35.3,36.4,3.486,36.8,36.8,3.477,3.456,3.493,3.495,3.492,3.447,3.489,3.483,3.508,3.464,39.1,20.119457244873047,28.35,1.857829451560974
2025-04-24 15:49:15,3.535,3.488,3.495,3.486,3.486,34.2,36.3,36.4,3.486,36.8,36.8,3.477,3.456,3.493,3.495,3.492,3.447,3.489,3.483,3.508,3.464,39.1,20.119457244873047,28.35,1.857829451560974
2025-04-24 15:49:34,3.535,3.488,3.495,3.486,3.486,34.2,36.3,36.4,3.486,36.8,36.8,3.477,3.456,3.493,3.495,3.492,3.497,3.489,3.483,3.508,3.464,39.1,20.119457244873047,28.35,1.857829451560974
2025-04-24 15:49:48,3.535,3.488,3.495,3.486,3.486,34.2,36.3,36.4,3.486,36.8,36.8,3.477,3.456,3.493,3.495,3.492,3.497,3.489,3.533,3.508,3.464,39.1,20.119457244873047,28.35,1.857829451560974
2025-04-24 15:49:50,3.535,3.488,3.495,3.486,3.486,34.2,36.3,36.4,3.486,36.8,36.8,3.477,3.456,3.493,3.495,3.492,3.497,3.489,3.533,3.508,3.514,39.1,20.119457244873047,28.35,1.857829451560974
2025-04-24 15:50:29,3.535,3.488,3.495,3.486,3.486,34.2,36.3,36.4,3.486,36.8,36.8,3.477,3.456,3.493,3.495,3.492,3.497,3.489,3.533,3.508,3.514,39.1,20.119457244873047,29.35,1.857829451560974
2025-04-24 15:50:39,3.535,3.488,3.495,3.486,3.486,34.2,36.3,36.4,3.536,36.8,36.8,3.477,3.456,3.493,3.495,3.492,3.497,3.489,3.533,3.508,3.514,39.1,20.119457244873047,29.35,1.857829451560974
2025-04-24 15:50:45,3.535,3.488,3.495,3.486,3.537,34.2,36.3,36.4,3.536,36.8,36.8,3.477,3.456,3.493,3.495,3.492,3.497,3.489,3.533,3.508,3.514,39.1,20.119457244873047,29.35,1.857829451560974
2025-04-24 15:50:52,3.535,3.488,3.495,3.535,3.537,34.2,36.3,36.4,3.536,36.8,36.8,3.477,3.456,3.493,3.495,3.492,3.497,3.489,3.533,3.508,3.514,39.1,20.119457244873047,29.35,1.857829451560974
2025-04-24 15:51:07,3.535,3.488,3.495,3.535,3.537,34.2,36.3,36.4,3.536,36.8,36.8,3.527,3.456,3.493,3.495,3.492,3.497,3.489,3.533,3.508,3.514,39.1,20.119457244873047,29.35,1.857829451560974
2025-04-24 15:51:43,3.535,3.488,3.545,3.535,3.537,34.2,36.3,36.4,3.536,36.8,36.8,3.527,3.456,3.493,3.495,3.492,3.497,3.489,3.533,3.508,3.514,39.1,20.119457244873047,29.35,1.857829451560974
2025-04-24 15:51:47,3.535,3.488,3.545,3.535,3.537,35.2,36.3,36.4,3.536,36.8,36.8,3.527,3.456,3.493,3.495,3.492,3.497,3.489,3.533,3.508,3.514,39.1,20.119457244873047,29.35,1.857829451560974
2025-04-24 15:51:57,3.535,3.488,3.545,3.535,3.537,35.2,36.3,36.4,3.536,36.8,36.8,3.527,3.456,3.493,3.495,3.492,3.497,3.489,3.533,3.558,3.514,39.1,20.119457244873047,29.35,1.857829451560974
2025-04-24 15:52:11,3.535,3.488,3.545,3.535,3.537,35.2,36.3,36.4,3.536,36.8,36.8,3.527,3.456,3.493,3.495,3.492,3.497,3.489,3.533,3.558,3.514,39.1,20.119457244873047,30.35,1.857829451560974
2025-04-24 15:52:17,3.535,3.488,3.545,3.535,3.537,35.2,36.3,36.4,3.536,36.8,36.8,3.527,3.506,3.493,3.495,3.492,3.497,3.489,3.533,3.558,3.514,39.1,20.119457244873047,30.35,1.857829451560974
2025-04-24 15:52:23,3.535,3.488,3.545,3.535,3.537,35.2,36.3,36.4,3.536,36.8,36.8,3.527,3.506,3.493,3.495,3.542,3.497,3.489,3.533,3.558,3.514,39.1,20.119457244873047,30.35,1.857829451560974
2025-04-24 15:52:39,3.535,3.488,3.545,3.535,3.537,35.2,36.3,36.4,3.536,36.8,36.8,3.527,3.506,3.493,3.495,3.542,3.497,3.539,3.533,3.558,3.514,39.1,20.119457244873047,30.35,1.857829451560974
2025-04-24 15:52:52,3.535,3.488,3.545,3.535,3.537,35.2,36.3,36.4,3.536,36.8,36.8,3.527,3.506,3.493,3.545,3.542,3.497,3.539,3.533,3.558,3.514,39.1,20.119457244873047,30.35,1.857829451560974
2025-04-24 15:53:06,3.535,3.538,3.545,3.535,3.537,35.2,36.3,36.4,3.536,36.8,36.8,3.527,3.506,3.493,3.545,3.542,3.497,3.539,3.533,3.558,3.514,39.1,20.119457244873047,30.35,1.857829451560974
2025-04-24 15:53:27,3.535,3.538,3.545,3.535,3.537,35.2,36.3,36.4,3.536,36.8,36.8,3.527,3.506,3.493,3.545,3.542,3.497,3.539,3.533,3.558,3.564,39.1,20.119457244873047,30.35,1.857829451560974
2025-04-24 15:53:28,3.535,3.538,3.545,3.535,3.537,35.2,36.3,36.4,3.536,36.8,36.8,3.527,3.506,3.493,3.545,3.542,3.547,3.539,3.533,3.558,3.564,39.1,20.119457244873047,30.35,1.857829451560974
2025-04-24 15:53:35,3.585,3.538,3.545,3.535,3.537,35.2,36.3,36.4,3.536,36.8,36.8,3.527,3.506,3.493,3.545,3.542,3.547,3.539,3.533,3.558,3.564,39.1,20.119457244873047,30.35,1.857829451560974
2025-04-24 15:53:41,3.585,3.538,3.545,3.535,3.537,35.2,36.3,36.4,3.586,36.8,36.8,3.527,3.506,3.493,3.545,3.542,3.547,3.539,3.533,3.558,3.564,39.1,20.119457244873047,30.35,1.857829451560974
2025-04-24 15:53:43,3.585,3.538,3.545,3.535,3.587,35.2,36.3,36.4,3.586,36.8,36.8,3.527,3.506,3.493,3.545,3.542,3.547,3.539,3.533,3.558,3.564,39.1,20.119457244873047,30.35,1.857829451560974
2025-04-24 15:53:44,3.585,3.538,3.545,3.535,3.587,35.2,36.3,36.4,3.586,36.8,36.8,3.527,3.506,3.543,3.545,3.542,3.547,3.539,3.533,3.558,3.564,39.1,20.119457244873047,30.35,1.857829451560974
2025-04-24 15:53:53,3.585,3.538,3.545,3.535,3.587,35.2,36.3,36.4,3.586,36.8,36.8,3.527,3.506,3.543,3.545,3.542,3.547,3.539,3.533,3.558,3.564,39.1,20.119457244873047,31.35,1.857829451560974
2025-04-24 15:54:01,3.585,3.538,3.545,3.535,3.587,35.2,36.3,36.4,3.586,36.8,36.8,3.527,3.506,3.543,3.545,3.542,3.547,3.539,3.583,3.558,3.564,39.1,20.119457244873047,31.35,1.857829451560974
2025-04-24 15:54:10,3.585,3.538,3.595,3.535,3.587,35.2,36.3,36.4,3.586,36.8,36.8,3.527,3.506,3.543,3.545,3.542,3.547,3.539,3.583,3.558,3.564,39.1,20.119457244873047,31.35,1.857829451560974
2025-04-24 15:54:12,3.585,3.538,3.595,3.535,3.587,35.2,36.3,36.4,3.586,36.8,36.8,3.577,3.506,3.543,3.545,3.542,3.547,3.539,3.583,3.558,3.564,39.1,20.119457244873047,31.35,1.857829451560974
2025-04-24 15:54:19,3.585,3.538,3.595,3.535,3.587,35.2,36.3,36.4,3.586,37.8,36.8,3.577,3.506,3.543,3.545,3.542,3.547,3.539,3.583,3.558,3.564,39.1,20.119457244873047,31.35,1.857829451560974
2025-04-24 15:54:45,3.585,3.538,3.595,3.535,3.587,35.2,36.3,36.4,3.586,37.8,36.8,3.577,3.506,3.543,3.545,3.542,3.547,3.539,3.583,3.558,3.564,39.1,18.74217414855957,31.35,1.857829451560974
2025-04-24 15:55:12,3.585,3.538,3.595,3.585,3.587,35.2,36.3,36.4,3.586,37.8,36.8,3.577,3.506,3.543,3.545,3.542,3.547,3.539,3.583,3.558,3.564,39.1,18.74217414855957,31.35,1.857829451560974
2025-04-24 15:55:25,3.585,3.538,3.595,3.585,3.587,35.2,36.3,36.4,3.586,37.8,36.8,3.577,3.506,3.543,3.545,3.542,3.547,3.539,3.583,3.558,3.564,39.1,17.414783477783203,31.35,1.857829451560974
2025-04-24 15:55:31,3.585,3.538,3.595,3.585,3.587,35.2,36.3,36.4,3.586,37.8,36.8,3.577,3.506,3.543,3.545,3.542,3.547,3.539,3.583,3.558,3.564,39.1,17.414783477783203,32.36,1.857829451560974
2025-04-24 15:55:32,3.585,3.538,3.595,3.585,3.587,35.2,36.3,36.4,3.636,37.8,36.8,3.577,3.506,3.543,3.545,3.542,3.547,3.539,3.583,3.558,3.564,39.1,17.414783477783203,32.36,1.857829451560974
2025-04-24 15:55:37,3.585,3.538,3.595,3.585,3.587,35.2,36.3,36.4,3.636,37.8,36.8,3.577,3.506,3.543,3.545,3.542,3.547,3.539,3.583,3.558,3.564,39.1,17.414783477783203,33.37,1.857829451560974
2025-04-24 15:55:39,3.585,3.538,3.595,3.585,3.587,35.2,36.3,36.4,3.636,37.8,37.8,3.577,3.506,3.543,3.545,3.542,3.547,3.539,3.583,3.558,3.564,39.1,17.414783477783203,33.37,1.857829451560974
2025-04-24 15:55:41,3.585,3.538,3.595,3.585,3.587,35.2,36.3,36.4,3.636,37.8,37.8,3.577,3.506,3.543,3.545,3.542,3.547,3.539,3.583,3.558,3.564,39.1,17.414783477783203,34.42,1.857829451560974
2025-04-24 15:55:45,3.585,3.538,3.595,3.585,3.587,35.2,36.3,36.4,3.636,37.8,37.8,3.577,3.506,3.543,3.545,3.542,3.547,3.539,3.583,3.558,3.564,39.1,17.414783477783203,35.62,1.857829451560974
2025-04-24 15:55:49,3.585,3.538,3.595,3.585,3.587,35.2,36.3,36.4,3.636,37.8,37.8,3.577,3.506,3.543,3.545,3.542,3.547,3.539,3.583,3.558,3.564,39.1,17.414783477783203,36.95,1.857829451560974
2025-04-24 15:55:51,3.585,3.538,3.595,3.585,3.587,35.2,36.3,36.4,3.636,37.8,37.8,3.577,3.506,3.543,3.545,3.542,3.547,3.539,3.583,3.558,3.564,40.4,17.414783477783203,36.95,1.857829451560974
2025-04-24 15:55:53,3.585,3.538,3.595,3.585,3.587,35.2,36.3,36.4,3.636,37.8,37.8,3.577,3.506,3.543,3.545,3.542,3.547,3.539,3.583,3.558,3.564,40.4,17.414783477783203,38.26,1.857829451560974
2025-04-24 15:55:55,3.585,3.538,3.595,3.585,3.587,35.2,36.3,36.4,3.636,37.8,37.8,3.577,3.506,3.543,3.545,3.542,3.547,3.589,3.583,3.558,3.564,40.4,17.414783477783203,38.26,1.857829451560974
2025-04-24 15:55:57,3.585,3.538,3.595,3.585,3.587,35.2,36.3,36.4,3.636,37.8,37.8,3.577,3.506,3.543,3.545,3.542,3.547,3.589,3.583,3.558,3.564,40.4,17.414783477783203,39.51,1.857829451560974
2025-04-24 15:56:01,3.585,3.538,3.595,3.585,3.587,35.2,36.3,36.4,3.636,37.8,37.8,3.577,3.506,3.543,3.545,3.542,3.547,3.589,3.583,3.558,3.564,40.4,16.333261489868164,40.66,1.857829451560974
2025-04-24 15:56:05,3.585,3.538,3.595,3.585,3.587,35.2,36.3,36.4,3.636,37.8,37.8,3.577,3.506,3.543,3.545,3.542,3.547,3.589,3.583,3.558,3.564,40.4,16.333261489868164,41.84,1.857829451560974
2025-04-24 15:56:09,3.585,3.538,3.595,3.585,3.587,35.2,36.3,36.4,3.636,37.8,37.8,3.577,3.506,3.543,3.545,3.542,3.547,3.589,3.583,3.558,3.564,40.4,16.333261489868164,42.95,1.857829451560974
2025-04-24 15:56:13,3.585,3.538,3.595,3.585,3.587,35.2,36.3,36.4,3.636,37.8,37.8,3.577,3.506,3.543,3.545,3.542,3.547,3.589,3.583,3.558,3.564,40.4,16.333261489868164,44.19,1.857829451560974
2025-04-24 15:56:16,3.585,3.538,3.595,3.585,3.587,35.2,36.3,36.4,3.636,37.8,37.8,3.577,3.506,3.543,3.545,3.542,3.547,3.589,3.583,3.558,3.564,40.4,16.333261489868164,45.7,1.857829451560974
2025-04-24 15:56:18,3.585,3.538,3.595,3.585,3.587,35.2,36.3,36.4,3.636,37.8,37.8,3.577,3.506,3.543,3.545,3.592,3.547,3.589,3.583,3.558,3.564,40.4,16.333261489868164,46.93,1.857829451560974
2025-04-24 15:56:20,3.585,3.538,3.595,3.585,3.587,35.2,36.3,36.4,3.636,37.8,37.8,3.577,3.506,3.543,3.545,3.592,3.547,3.589,3.583,3.558,3.564,40.4,16.333261489868164,48.09,1.857829451560974
2025-04-24 15:56:22,3.585,3.538,3.595,3.585,3.587,35.2,36.3,36.4,3.636,37.8,37.8,3.577,3.506,3.543,3.545,3.592,3.547,3.589,3.583,3.558,3.564,40.4,16.333261489868164,49.4,1.857829451560974
2025-04-24 15:56:23,3.585,3.538,3.595,3.585,3.587,35.2,36.3,36.4,3.636,37.8,37.8,3.577,3.506,3.543,3.545,3.592,3.547,3.589,3.583,3.558,3.564,41.4,16.333261489868164,49.4,1.857829451560974
2025-04-24 15:56:24,3.585,3.538,3.595,3.585,3.587,35.2,36.3,36.4,3.636,37.8,37.8,3.577,3.506,3.543,3.545,3.592,3.547,3.589,3.583,3.558,3.564,41.4,16.333261489868164,50.74,1.857829451560974
2025-04-24 15:56:26,3.585,3.538,3.595,3.585,3.587,35.2,36.3,36.4,3.636,37.8,37.8,3.577,3.506,3.543,3.545,3.592,3.547,3.589,3.583,3.558,3.564,41.4,16.333261489868164,52.15,1.857829451560974
2025-04-24 15:56:28,3.585,3.538,3.595,3.585,3.587,35.2,36.3,36.4,3.636,37.8,37.8,3.577,3.506,3.543,3.545,3.592,3.547,3.589,3.583,3.558,3.564,41.4,16.333261489868164,53.5,1.857829451560974
2025-04-24 15:56:30,3.585,3.538,3.595,3.585,3.587,35.2,36.3,36.4,3.636,37.8,37.8,3.577,3.506,3.543,3.545,3.592,3.547,3.589,3.583,3.558,3.564,41.4,16.333261489868164,54.81,1.857829451560974
2025-04-24 15:56:32,3.585,3.538,3.595,3.585,3.587,35.2,36.3,36.4,3.636,37.8,37.8,3.577,3.506,3.543,3.545,3.592,3.547,3.589,3.583,3.558,3.564,41.4,16.333261489868164,56.1,1.857829451560974
2025-04-24 15:56:34,3.585,3.538,3.595,3.585,3.587,35.2,36.3,36.4,3.636,37.8,37.8,3.577,3.506,3.543,3.545,3.592,3.547,3.589,3.583,3.558,3.564,41.4,15.155797958374023,57.39,1.857829451560974
2025-04-24 15:56:36,3.585,3.538,3.595,3.585,3.587,35.2,36.3,36.4,3.636,37.8,37.8,3.577,3.506,3.543,3.545,3.592,3.547,3.589,3.583,3.558,3.564,41.4,15.155797958374023,58.68,1.857829451560974
2025-04-24 15:56:38,3.585,3.538,3.595,3.585,3.587,35.2,36.3,36.4,3.636,37.8,37.8,3.577,3.506,3.543,3.545,3.592,3.547,3.589,3.583,3.558,3.564,41.4,15.155797958374023,59.98,1.857829451560974
2025-04-24 15:56:40,3.585,3.538,3.595,3.585,3.587,35.2,36.3,36.4,3.636,37.8,37.8,3.577,3.506,3.543,3.545,3.592,3.547,3.589,3.583,3.558,3.564,41.4,15.155797958374023,61.16,1.857829451560974
2025-04-24 15:56:42,3.585,3.538,3.595,3.585,3.587,35.2,36.3,36.4,3.636,37.8,37.8,3.577,3.506,3.543,3.545,3.592,3.547,3.589,3.583,3.558,3.564,41.4,15.155797958374023,62.39,1.857829451560974
2025-04-24 15:56:44,3.585,3.538,3.595,3.585,3.587,35.2,36.3,36.4,3.636,37.8,37.8,3.577,3.506,3.543,3.545,3.592,3.547,3.589,3.583,3.558,3.564,41.4,15.155797958374023,63.44,1.857829451560974
2025-04-24 15:56:46,3.585,3.538,3.595,3.585,3.587,35.2,36.3,36.4,3.636,37.8,37.8,3.577,3.506,3.543,3.545,3.592,3.547,3.589,3.583,3.558,3.564,41.4,15.155797958374023,64.5,1.857829451560974
2025-04-24 15:56:49,3.585,3.538,3.595,3.585,3.587,35.2,36.3,36.4,3.636,37.8,37.8,3.577,3.506,3.543,3.545,3.592,3.547,3.589,3.583,3.558,3.564,41.4,15.155797958374023,65.91,1.857829451560974
2025-04-24 15:56:51,3.585,3.538,3.595,3.585,3.587,35.2,36.3,36.4,3.636,37.8,37.8,3.577,3.506,3.543,3.545,3.592,3.547,3.589,3.583,3.558,3.564,41.4,15.155797958374023,66.94,1.857829451560974
2025-04-24 15:56:54,3.585,3.538,3.595,3.585,3.587,35.2,36.3,36.4,3.636,37.8,37.8,3.577,3.506,3.543,3.545,3.592,3.547,3.589,3.583,3.558,3.564,41.4,15.155797958374023,68.28,1.857829451560974
2025-04-24 15:56:57,3.585,3.538,3.595,3.585,3.587,35.2,36.3,36.4,3.636,37.8,37.8,3.577,3.506,3.543,3.545,3.592,3.547,3.589,3.583,3.558,3.564,41.4,15.155797958374023,69.54,1.857829451560974
2025-04-24 15:57:00,3.585,3.538,3.595,3.585,3.587,35.2,36.3,36.4,3.636,37.8,37.8,3.577,3.506,3.543,3.545,3.592,3.547,3.589,3.583,3.558,3.564,41.4,15.155797958374023,70.63,1.857829451560974
2025-04-24 15:57:03,3.585,3.538,3.595,3.585,3.587,35.2,36.3,36.4,3.636,37.8,37.8,3.577,3.506,3.543,3.545,3.592,3.547,3.589,3.583,3.558,3.564,41.4,15.155797958374023,71.72,1.857829451560974
2025-04-24 15:57:04,3.585,3.538,3.595,3.585,3.587,35.2,36.3,36.4,3.636,37.8,37.8,3.577,3.506,3.543,3.545,3.592,3.547,3.589,3.583,3.558,3.564,41.4,14.057900428771973,71.72,1.857829451560974
2025-04-24 15:57:07,3.585,3.538,3.595,3.585,3.587,35.2,36.3,36.4,3.636,37.8,37.8,3.577,3.506,3.543,3.545,3.592,3.547,3.589,3.583,3.558,3.564,41.4,14.057900428771973,72.73,1.857829451560974
2025-04-24 15:57:10,3.585,3.538,3.595,3.585,3.587,35.2,36.3,36.4,3.636,37.8,37.8,3.577,3.506,3.543,3.545,3.592,3.547,3.589,3.583,3.558,3.564,41.4,14.057900428771973,73.74,1.857829451560974
2025-04-24 15:57:15,3.585,3.538,3.595,3.585,3.587,35.2,36.3,36.4,3.636,37.8,37.8,3.577,3.506,3.543,3.545,3.592,3.547,3.589,3.583,3.558,3.564,41.4,14.057900428771973,74.84,1.857829451560974
2025-04-24 15:57:19,3.585,3.538,3.595,3.585,3.587,35.2,36.3,36.4,3.636,37.8,37.8,3.577,3.506,3.543,3.545,3.592,3.547,3.589,3.583,3.558,3.564,41.4,14.057900428771973,75.9,1.857829451560974
2025-04-24 15:57:25,3.585,3.538,3.595,3.585,3.587,35.2,36.3,36.4,3.636,37.8,37.8,3.577,3.506,3.543,3.545,3.592,3.547,3.589,3.583,3.558,3.564,41.4,14.057900428771973,77.03,1.857829451560974
2025-04-24 15:57:30,3.585,3.538,3.595,3.585,3.587,35.2,36.3,36.4,3.636,37.8,37.8,3.577,3.506,3.543,3.545,3.592,3.547,3.589,3.583,3.558,3.564,41.4,12.901384353637695,77.03,1.857829451560974
2025-04-24 15:57:33,3.585,3.538,3.595,3.585,3.587,35.2,36.3,36.4,3.636,37.8,37.8,3.577,3.506,3.543,3.545,3.592,3.547,3.589,3.583,3.558,3.564,41.4,12.901384353637695,78.32,1.857829451560974
2025-04-24 15:57:34,3.585,3.538,3.595,3.636,3.587,35.2,36.3,36.4,3.636,37.8,37.8,3.577,3.506,3.543,3.545,3.592,3.547,3.642,3.583,3.558,3.564,41.4,12.901384353637695,78.32,1.857829451560974
2025-04-24 15:57:38,3.585,3.538,3.595,3.636,3.587,35.2,36.3,36.4,3.636,37.8,37.8,3.577,3.556,3.543,3.545,3.592,3.547,3.642,3.583,3.558,3.564,41.4,12.901384353637695,79.4,1.857829451560974
2025-04-24 15:57:47,3.585,3.538,3.595,3.636,3.587,35.2,36.3,36.4,3.636,37.8,37.8,3.577,3.556,3.543,3.545,3.592,3.547,3.642,3.583,3.558,3.615,41.4,12.901384353637695,79.4,1.857829451560974
2025-04-24 15:57:48,3.585,3.538,3.595,3.636,3.587,35.2,36.3,36.4,3.636,37.8,37.8,3.577,3.556,3.543,3.545,3.592,3.547,3.642,3.583,3.558,3.615,41.4,12.901384353637695,80.63,1.857829451560974
2025-04-24 15:57:52,3.585,3.538,3.595,3.636,3.587,35.2,36.3,36.4,3.636,37.8,37.8,3.577,3.556,3.543,3.545,3.592,3.547,3.642,3.583,3.558,3.615,41.4,11.819477081298828,80.63,1.857829451560974
2025-04-24 15:57:54,3.585,3.538,3.595,3.636,3.587,35.2,36.3,36.4,3.636,37.8,37.8,3.577,3.556,3.543,3.545,3.643,3.547,3.642,3.583,3.558,3.615,41.4,11.819477081298828,81.77,1.857829451560974
2025-04-24 15:57:59,3.585,3.538,3.595,3.636,3.587,35.2,36.3,36.4,3.636,37.8,37.8,3.577,3.556,3.543,3.545,3.643,3.547,3.642,3.583,3.558,3.615,42.4,0.0,81.77,1.857829451560974
2025-04-24 15:58:06,3.512,3.486,3.53,3.57,3.53,35.2,36.3,36.4,3.584,37.8,37.8,3.577,3.501,3.543,3.545,3.567,3.494,3.573,3.522,3.558,3.546,42.4,0.0,81.77,1.857829451560974
2025-04-24 15:58:09,3.512,3.486,3.53,3.57,3.53,35.2,36.3,36.4,3.584,37.8,37.8,3.524,3.501,3.543,3.545,3.567,3.494,3.573,3.522,3.508,3.546,42.4,0.0,81.77,1.857829451560974
2025-04-24 15:58:11,3.512,3.486,3.53,3.57,3.53,35.2,36.3,36.4,3.584,37.8,37.8,3.524,3.501,3.493,3.545,3.567,3.494,3.573,3.522,3.508,3.546,42.4,0.0,81.77,1.857829451560974
2025-04-24 15:58:12,3.512,3.486,3.53,3.57,3.53,35.2,36.3,36.4,3.584,37.8,37.8,3.524,3.501,3.493,3.495,3.567,3.494,3.573,3.522,3.508,3.546,42.4,1.6656566858291626,81.77,1.857829451560974
2025-04-24 15:58:13,3.512,3.486,3.53,3.57,3.53,35.2,36.3,36.4,3.584,37.8,37.8,3.524,3.501,3.493,3.495,3.567,3.494,3.573,3.522,3.508,3.546,42.4,4.3690714836120605,81.77,1.857829451560974
2025-04-24 15:58:14,3.512,3.486,3.53,3.57,3.53,35.2,36.3,36.4,3.584,37.8,37.8,3.524,3.501,3.493,3.495,3.567,3.494,3.573,3.522,3.508,3.546,42.4,7.001858234405518,82.92,1.857829451560974
2025-04-24 15:58:15,3.512,3.486,3.53,3.57,3.53,35.2,36.3,36.4,3.584,37.8,37.8,3.524,3.501,3.493,3.495,3.567,3.494,3.573,3.522,3.508,3.546,42.4,9.620783805847168,82.92,1.857829451560974
2025-04-24 15:58:16,3.512,3.486,3.53,3.57,3.53,35.2,36.3,36.4,3.584,37.8,37.8,3.524,3.501,3.493,3.495,3.567,3.494,3.573,3.522,3.508,3.546,42.4,11.77103042602539,82.92,1.857829451560974
2025-04-24 15:58:17,3.512,3.486,3.53,3.57,3.53,35.2,36.3,36.4,3.584,37.8,37.8,3.524,3.501,3.493,3.495,3.567,3.494,3.573,3.522,3.508,3.546,42.4,14.4166898727417,82.92,1.857829451560974
2025-04-24 15:58:18,3.512,3.486,3.53,3.57,3.53,35.2,36.3,36.4,3.584,37.8,37.8,3.524,3.501,3.493,3.495,3.567,3.494,3.573,3.522,3.508,3.546,42.4,16.23688316345215,82.92,1.857829451560974
2025-04-24 15:58:19,3.512,3.486,3.53,3.57,3.53,35.2,36.3,36.4,3.584,37.8,37.8,3.524,3.501,3.493,3.495,3.567,3.494,3.573,3.522,3.508,3.546,42.4,18.035802841186523,82.92,1.857829451560974
2025-04-24 15:58:20,3.512,3.486,3.53,3.57,3.53,35.2,36.3,36.4,3.584,37.8,37.8,3.524,3.501,3.493,3.495,3.567,3.494,3.573,3.522,3.508,3.546,42.4,20.573036193847656,84.0,1.857829451560974
2025-04-24 15:58:22,3.512,3.486,3.53,3.627,3.53,35.2,36.3,36.4,3.645,37.8,37.8,3.586,3.501,3.557,3.564,3.626,3.494,3.63,3.522,3.57,3.599,42.4,17.153152465820312,84.0,1.857829451560974
2025-04-24 15:58:23,3.512,3.486,3.53,3.627,3.53,35.2,36.3,36.4,3.645,37.8,37.8,3.586,3.501,3.557,3.564,3.626,3.494,3.63,3.522,3.57,3.599,42.4,15.698240280151367,84.0,1.857829451560974
2025-04-24 15:58:25,3.512,3.486,3.53,3.627,3.53,35.2,36.3,36.4,3.645,37.8,37.8,3.586,3.501,3.557,3.564,3.626,3.494,3.63,3.576,3.57,3.599,42.4,13.946797370910645,84.0,1.857829451560974
2025-04-24 15:58:28,3.575,3.536,3.59,3.627,3.595,35.2,36.3,36.4,3.645,37.8,37.8,3.586,3.556,3.557,3.564,3.626,3.545,3.63,3.576,3.57,3.599,42.4,12.540202140808104,84.0,1.857829451560974
2025-04-24 15:58:30,3.575,3.536,3.59,3.627,3.595,35.2,36.3,36.4,3.645,37.8,37.8,3.586,3.556,3.557,3.564,3.626,3.545,3.63,3.576,3.57,3.599,42.4,12.540202140808104,85.0,1.857829451560974
2025-04-24 15:58:33,3.575,3.536,3.59,3.627,3.595,35.2,36.3,36.4,3.645,37.8,37.8,3.586,3.556,3.557,3.564,3.626,3.545,3.63,3.576,3.57,3.599,42.4,0.0,85.0,1.857829451560974
2025-04-24 15:58:41,3.503,3.479,3.518,3.569,3.526,35.2,36.3,36.4,3.589,37.8,37.8,3.533,3.5,3.557,3.51,3.574,3.488,3.577,3.523,3.517,3.549,42.4,0.0,85.0,1.857829451560974
2025-04-24 15:58:44,3.503,3.479,3.518,3.569,3.526,35.2,36.3,36.4,3.589,37.8,37.8,3.533,3.5,3.504,3.51,3.574,3.488,3.577,3.523,3.517,3.549,42.4,0.0,85.0,1.857829451560974
2025-04-24 15:58:51,3.503,3.479,3.518,3.569,3.526,35.2,36.3,36.4,3.589,37.8,37.8,3.533,3.5,3.504,3.51,3.574,3.488,3.577,3.523,3.517,3.549,42.4,2.891681909561157,85.0,1.857829451560974
2025-04-24 15:58:52,3.503,3.479,3.518,3.569,3.526,35.2,36.3,36.4,3.589,37.8,37.8,3.533,3.5,3.504,3.51,3.574,3.488,3.577,3.523,3.517,3.549,42.4,4.615520477294922,85.0,1.857829451560974
2025-04-24 15:58:53,3.503,3.479,3.518,3.569,3.526,35.2,36.3,36.4,3.589,37.8,37.8,3.533,3.5,3.504,3.51,3.574,3.488,3.577,3.523,3.517,3.549,42.4,7.16015625,85.0,1.857829451560974
2025-04-24 15:58:54,3.503,3.479,3.518,3.569,3.526,35.2,36.3,36.4,3.589,37.8,37.8,3.533,3.5,3.504,3.51,3.574,3.488,3.577,3.523,3.517,3.549,42.4,9.083600997924805,85.0,1.857829451560974
2025-04-24 15:58:55,3.503,3.479,3.518,3.569,3.526,35.2,36.3,36.4,3.589,37.8,37.8,3.533,3.5,3.504,3.51,3.574,3.488,3.577,3.523,3.517,3.549,42.4,10.67266082763672,85.0,1.857829451560974
2025-04-24 15:58:56,3.503,3.479,3.518,3.569,3.526,35.2,36.3,36.4,3.589,37.8,37.8,3.533,3.5,3.504,3.51,3.574,3.488,3.577,3.523,3.517,3.549,42.4,12.334647178649902,85.0,1.857829451560974
2025-04-24 15:58:57,3.503,3.479,3.518,3.569,3.526,35.2,36.3,36.4,3.589,37.8,37.8,3.533,3.5,3.504,3.51,3.574,3.488,3.577,3.523,3.517,3.549,42.4,14.04127025604248,85.0,1.857829451560974
2025-04-24 15:58:58,3.503,3.479,3.518,3.569,3.526,35.2,36.3,36.4,3.589,37.8,37.8,3.533,3.5,3.504,3.51,3.574,3.488,3.577,3.523,3.517,3.549,42.4,15.955018997192385,85.0,1.857829451560974
2025-04-24 15:58:59,3.503,3.479,3.518,3.569,3.526,35.2,36.3,36.4,3.589,37.8,37.8,3.533,3.5,3.504,3.51,3.574,3.488,3.577,3.523,3.517,3.549,42.4,17.612363815307617,85.0,1.857829451560974
2025-04-24 15:59:00,3.503,3.479,3.518,3.569,3.526,35.2,36.3,36.4,3.589,37.8,37.8,3.533,3.5,3.504,3.51,3.574,3.488,3.577,3.523,3.517,3.549,42.4,20.584739685058597,85.0,1.857829451560974
2025-04-24 15:59:02,3.503,3.479,3.518,3.569,3.526,35.2,36.3,36.4,3.589,37.8,37.8,3.533,3.5,3.504,3.51,3.574,3.488,3.577,3.523,3.517,3.549,42.4,18.676929473876957,85.0,1.857829451560974
2025-04-24 15:59:03,3.503,3.479,3.518,3.569,3.526,35.2,36.3,36.4,3.589,37.8,37.8,3.533,3.5,3.504,3.51,3.574,3.488,3.577,3.523,3.517,3.549,42.4,15.69788932800293,85.0,1.857829451560974
2025-04-24 15:59:04,3.564,3.479,3.573,3.643,3.585,35.2,36.3,36.4,3.667,37.8,37.8,3.592,3.551,3.575,3.564,3.648,3.488,3.652,3.59,3.578,3.624,42.4,14.53970432281494,85.0,1.857829451560974
2025-04-24 15:59:06,3.564,3.479,3.573,3.643,3.585,35.2,36.3,36.4,3.667,37.8,37.8,3.592,3.551,3.575,3.564,3.648,3.488,3.652,3.59,3.578,3.624,42.4,12.999153137207031,85.0,1.857829451560974
2025-04-24 15:59:08,3.564,3.479,3.573,3.643,3.585,35.2,36.3,36.4,3.667,37.8,37.8,3.592,3.551,3.575,3.564,3.648,3.488,3.652,3.59,3.578,3.624,42.4,0.0,85.0,1.857829451560974
2025-04-24 15:59:14,3.564,3.479,3.573,3.585,3.585,35.2,36.3,36.4,3.607,37.8,37.8,3.592,3.551,3.575,3.564,3.592,3.488,3.597,3.59,3.528,3.572,42.4,0.0,85.0,1.857829451560974
2025-04-24 15:59:17,3.503,3.479,3.512,3.585,3.524,35.2,36.3,36.4,3.607,37.8,37.8,3.53,3.551,3.521,3.504,3.592,3.488,3.597,3.53,3.528,3.572,42.4,0.0,85.0,1.857829451560974
2025-04-24 15:59:20,3.503,3.479,3.512,3.585,3.524,35.2,36.3,36.4,3.607,37.8,37.8,3.53,3.501,3.521,3.504,3.592,3.488,3.597,3.53,3.528,3.572,42.4,0.0,85.0,1.857829451560974
2025-04-24 15:59:23,3.503,3.479,3.512,3.585,3.524,35.2,36.3,36.4,3.557,37.8,37.8,3.53,3.501,3.521,3.504,3.592,3.488,3.597,3.53,3.528,3.572,42.4,0.0,85.0,1.857829451560974
2025-04-24 15:59:27,3.503,3.479,3.512,3.527,3.524,35.2,36.3,36.4,3.557,37.8,37.8,3.53,3.501,3.521,3.504,3.534,3.488,3.537,3.53,3.528,3.518,42.4,0.0,85.0,1.857829451560974
2025-04-24 15:59:31,3.503,3.479,3.512,3.527,3.524,35.2,36.3,36.4,3.557,37.8,37.8,3.53,3.501,3.521,3.504,3.534,3.488,3.537,3.53,3.478,3.518,42.4,0.0,85.0,1.857829451560974
2025-04-24 15:59:33,3.503,3.479,3.512,3.527,3.524,35.2,36.3,36.4,3.557,37.8,37.8,3.53,3.501,3.521,3.504,3.534,3.488,3.537,3.53,3.478,3.518,42.4,2.934763193130493,85.0,1.857829451560974
2025-04-24 15:59:34,3.503,3.479,3.512,3.527,3.524,35.2,36.3,36.4,3.557,37.8,37.8,3.53,3.501,3.521,3.504,3.534,3.488,3.537,3.53,3.478,3.518,42.4,5.518721580505371,85.0,1.857829451560974
2025-04-24 15:59:35,3.503,3.479,3.512,3.527,3.524,35.2,36.3,36.4,3.557,37.8,37.8,3.53,3.501,3.521,3.504,3.534,3.488,3.537,3.53,3.478,3.518,42.4,7.91522216796875,85.0,1.857829451560974
2025-04-24 15:59:36,3.503,3.479,3.512,3.527,3.524,35.2,36.3,36.4,3.557,37.8,37.8,3.53,3.501,3.521,3.504,3.534,3.488,3.537,3.53,3.478,3.518,42.4,9.319416046142578,85.0,1.857829451560974
2025-04-24 15:59:37,3.503,3.479,3.512,3.527,3.524,35.2,36.3,36.4,3.557,37.8,37.8,3.53,3.501,3.521,3.504,3.534,3.488,3.537,3.53,3.478,3.518,42.4,11.301471710205078,85.0,1.857829451560974
2025-04-24 15:59:38,3.503,3.479,3.512,3.527,3.524,35.2,36.3,36.4,3.557,37.8,37.8,3.53,3.501,3.521,3.504,3.534,3.488,3.537,3.53,3.478,3.518,42.4,13.170823097229004,85.0,1.857829451560974
2025-04-24 15:59:39,3.503,3.479,3.512,3.527,3.524,35.2,36.3,36.4,3.557,37.8,37.8,3.53,3.501,3.521,3.504,3.534,3.488,3.537,3.53,3.478,3.518,42.4,14.702848434448242,85.0,1.857829451560974
2025-04-24 15:59:40,3.503,3.479,3.512,3.527,3.524,35.2,36.3,36.4,3.557,37.8,37.8,3.53,3.501,3.521,3.504,3.534,3.488,3.537,3.53,3.478,3.518,42.4,15.94766616821289,85.0,1.857829451560974
2025-04-24 15:59:41,3.503,3.479,3.512,3.527,3.524,35.2,36.3,36.4,3.557,37.8,37.8,3.53,3.501,3.521,3.504,3.534,3.488,3.537,3.53,3.478,3.518,42.4,17.2436580657959,85.0,1.857829451560974
2025-04-24 15:59:42,3.503,3.479,3.512,3.527,3.524,35.2,36.3,36.4,3.557,37.8,37.8,3.53,3.501,3.521,3.504,3.534,3.488,3.537,3.53,3.478,3.518,42.4,18.35190773010254,85.0,1.857829451560974
2025-04-24 15:59:43,3.503,3.479,3.512,3.604,3.524,35.2,36.3,36.4,3.619,37.8,37.8,3.53,3.501,3.521,3.504,3.612,3.488,3.61,3.53,3.547,3.593,42.4,18.35190773010254,85.0,1.857829451560974
2025-04-24 15:59:44,3.503,3.479,3.512,3.604,3.524,35.2,36.3,36.4,3.619,37.8,37.8,3.53,3.501,3.521,3.504,3.612,3.488,3.61,3.53,3.547,3.593,42.4,15.959839820861816,85.0,1.857829451560974
2025-04-24 15:59:47,3.561,3.479,3.512,3.604,3.58,35.2,36.3,36.4,3.619,37.8,37.8,3.587,3.552,3.582,3.504,3.612,3.488,3.61,3.595,3.547,3.593,42.4,13.386213302612305,85.0,1.857829451560974
2025-04-24 15:59:49,3.561,3.479,3.563,3.604,3.58,35.2,36.3,36.4,3.619,37.8,37.8,3.587,3.552,3.582,3.504,3.612,3.488,3.61,3.595,3.547,3.593,42.4,13.386213302612305,85.0,1.857829451560974
2025-04-24 15:59:50,3.561,3.479,3.563,3.604,3.58,35.2,36.3,36.4,3.619,37.8,37.8,3.587,3.552,3.582,3.504,3.612,3.488,3.61,3.595,3.547,3.593,42.4,0.0,85.0,1.857829451560974
2025-04-24 15:59:59,3.51,3.479,3.509,3.604,3.53,35.2,36.3,36.4,3.619,37.8,37.8,3.535,3.552,3.582,3.504,3.612,3.488,3.61,3.542,3.547,3.593,42.4,0.0,85.0,1.857829451560974
2025-04-24 16:00:05,3.51,3.479,3.509,3.55,3.53,35.2,36.3,36.4,3.567,37.8,37.8,3.535,3.5,3.523,3.504,3.558,3.488,3.559,3.542,3.547,3.543,42.4,0.0,85.0,1.857829451560974
2025-04-24 16:00:06,3.51,3.479,3.509,3.55,3.53,35.2,36.3,36.4,3.567,37.8,37.8,3.535,3.5,3.523,3.504,3.558,3.488,3.559,3.542,3.496,3.543,42.4,0.0,85.0,1.857829451560974
2025-04-24 16:00:21,3.51,3.479,3.509,3.55,3.53,35.2,36.3,36.4,3.517,37.8,37.8,3.535,3.5,3.523,3.504,3.558,3.488,3.559,3.491,3.496,3.543,42.4,0.0,85.0,1.857829451560974
2025-04-24 16:00:22,3.51,3.479,3.509,3.55,3.53,35.2,36.3,36.4,3.517,37.8,37.8,3.535,3.5,3.523,3.452,3.506,3.488,3.559,3.491,3.496,3.543,42.4,0.0,85.0,1.857829451560974
2025-04-24 16:00:23,3.51,3.479,3.509,3.55,3.53,35.2,36.3,36.4,3.517,37.8,37.8,3.484,3.5,3.523,3.452,3.506,3.488,3.509,3.491,3.496,3.543,42.4,0.0,85.0,1.857829451560974
2025-04-24 16:00:24,3.51,3.479,3.509,3.55,3.53,35.2,36.3,36.4,3.517,37.8,37.8,3.484,3.5,3.523,3.452,3.506,3.488,3.509,3.491,3.496,3.543,42.4,3.212050437927246,85.0,1.857829451560974
2025-04-24 16:00:25,3.51,3.479,3.509,3.55,3.53,35.2,36.3,36.4,3.517,37.8,37.8,3.484,3.5,3.523,3.452,3.506,3.488,3.509,3.491,3.496,3.543,42.4,5.30016040802002,85.0,1.857829451560974
2025-04-24 16:00:27,3.51,3.479,3.509,3.55,3.53,35.2,36.3,36.4,3.517,37.8,37.8,3.484,3.5,3.523,3.452,3.506,3.488,3.509,3.491,3.496,3.543,42.4,7.0975751876831055,85.0,1.857829451560974
2025-04-24 16:00:30,3.51,3.479,3.509,3.55,3.53,35.2,36.3,36.4,3.517,37.8,37.8,3.484,3.5,3.523,3.452,3.506,3.488,3.509,3.491,3.496,3.543,42.4,8.259336471557617,85.0,1.857829451560974
2025-04-24 16:00:35,3.51,3.479,3.509,3.55,3.53,35.2,36.3,36.4,3.517,37.8,37.8,3.484,3.5,3.523,3.452,3.506,3.488,3.509,3.491,3.496,3.543,42.4,9.29723072052002,85.0,1.857829451560974
2025-04-24 16:00:36,3.51,3.479,3.509,3.55,3.53,35.2,36.3,36.4,3.517,37.8,37.8,3.484,3.5,3.523,3.452,3.506,3.488,3.509,3.491,3.496,3.543,42.4,9.29723072052002,86.03,1.857829451560974
2025-04-24 16:00:37,3.51,3.479,3.509,3.55,3.53,35.2,36.3,36.4,3.517,37.8,37.8,3.484,3.5,3.523,3.452,3.558,3.488,3.56,3.491,3.496,3.543,42.4,9.29723072052002,86.03,1.857829451560974
2025-04-24 16:00:38,3.51,3.479,3.509,3.55,3.53,35.2,36.3,36.4,3.567,37.8,37.8,3.484,3.5,3.523,3.452,3.558,3.488,3.56,3.491,3.496,3.543,42.4,9.29723072052002,86.03,1.857829451560974
2025-04-24 16:00:39,3.51,3.479,3.509,3.55,3.53,35.2,36.3,36.4,3.567,37.8,37.8,3.534,3.5,3.523,3.452,3.558,3.488,3.56,3.543,3.496,3.543,42.4,9.29723072052002,86.03,1.857829451560974
2025-04-24 16:00:41,3.51,3.479,3.509,3.55,3.53,35.2,36.3,36.4,3.567,37.8,37.8,3.534,3.5,3.523,3.502,3.558,3.488,3.56,3.543,3.496,3.543,42.4,9.29723072052002,86.03,1.857829451560974
2025-04-24 16:00:50,3.51,3.479,3.509,3.55,3.53,35.2,36.3,36.4,3.567,37.8,37.8,3.534,3.5,3.523,3.502,3.558,3.488,3.56,3.543,3.496,3.543,42.4,0.0,86.03,1.857829451560974
2025-04-24 16:01:14,3.51,3.479,3.509,3.55,3.53,35.2,36.3,36.4,3.517,37.8,37.8,3.534,3.5,3.523,3.502,3.558,3.488,3.56,3.543,3.496,3.543,42.4,0.0,86.03,1.857829451560974
2025-04-24 16:01:16,3.51,3.479,3.509,3.55,3.53,35.2,36.3,36.4,3.517,37.8,37.8,3.534,3.5,3.523,3.502,3.506,3.488,3.56,3.543,3.496,3.543,42.4,0.0,86.03,1.857829451560974
2025-04-24 16:01:18,3.51,3.479,3.509,3.55,3.53,35.2,36.3,36.4,3.517,37.8,37.8,3.534,3.5,3.523,3.502,3.506,3.488,3.51,3.543,3.496,3.543,42.4,0.0,86.03,1.857829451560974
2025-04-24 16:01:19,3.51,3.479,3.509,3.55,3.53,35.2,36.3,36.4,3.517,37.8,37.8,3.534,3.5,3.523,3.451,3.506,3.488,3.51,3.543,3.496,3.543,42.4,0.0,86.03,1.857829451560974
2025-04-24 16:01:20,3.51,3.479,3.509,3.55,3.53,35.2,36.3,36.4,3.517,37.8,37.8,3.534,3.5,3.523,3.451,3.506,3.488,3.51,3.543,3.496,3.493,42.4,0.0,86.03,1.857829451560974
2025-04-24 16:01:21,3.51,3.479,3.509,3.5,3.53,35.2,36.3,36.4,3.517,37.8,37.8,3.534,3.5,3.523,3.451,3.506,3.488,3.51,3.493,3.496,3.493,42.4,0.0,86.03,1.857829451560974
2025-04-24 16:01:25,3.51,3.479,3.509,3.5,3.53,35.2,36.3,36.4,3.517,37.8,37.8,3.483,3.5,3.523,3.451,3.506,3.488,3.51,3.493,3.496,3.493,42.4,0.0,86.03,1.857829451560974
2025-04-24 16:01:26,3.51,3.479,3.509,3.5,3.53,35.2,36.3,36.4,3.517,37.8,37.8,3.483,3.5,3.523,3.451,3.506,3.488,3.51,3.493,3.496,3.493,42.4,1.3134236335754397,86.03,1.857829451560974
2025-04-24 16:01:27,3.51,3.479,3.509,3.5,3.53,35.2,36.3,36.4,3.517,37.8,37.8,3.483,3.5,3.523,3.451,3.506,3.488,3.51,3.493,3.496,3.493,42.4,3.67916750907898,86.03,1.857829451560974
2025-04-24 16:01:28,3.51,3.479,3.509,3.5,3.53,35.2,36.3,36.4,3.517,37.8,37.8,3.483,3.5,3.523,3.451,3.506,3.488,3.51,3.493,3.496,3.493,42.4,5.480408191680908,86.03,1.857829451560974
2025-04-24 16:01:29,3.51,3.479,3.509,3.5,3.53,35.2,36.3,36.4,3.517,37.8,37.8,3.483,3.5,3.523,3.451,3.506,3.488,3.51,3.493,3.496,3.493,42.4,8.135941505432129,86.03,1.857829451560974
2025-04-24 16:01:30,3.51,3.479,3.509,3.5,3.53,35.2,36.3,36.4,3.517,37.8,37.8,3.483,3.5,3.523,3.451,3.506,3.488,3.51,3.493,3.496,3.493,42.4,9.939406394958496,86.03,1.857829451560974
2025-04-24 16:01:37,3.51,3.479,3.509,3.551,3.53,35.2,36.3,36.4,3.517,37.8,37.8,3.483,3.5,3.523,3.451,3.506,3.488,3.51,3.493,3.496,3.493,42.4,9.939406394958496,86.03,1.857829451560974
2025-04-24 16:01:38,3.51,3.479,3.509,3.551,3.53,35.2,36.3,36.4,3.517,37.8,37.8,3.536,3.5,3.523,3.451,3.506,3.488,3.51,3.544,3.496,3.544,42.4,9.939406394958496,86.03,1.857829451560974
2025-04-24 16:01:39,3.51,3.479,3.509,3.551,3.53,35.2,36.3,36.4,3.517,37.8,37.8,3.536,3.5,3.523,3.451,3.558,3.488,3.563,3.544,3.496,3.544,42.4,9.939406394958496,86.03,1.857829451560974
2025-04-24 16:01:41,3.51,3.479,3.509,3.551,3.53,35.2,36.3,36.4,3.572,37.8,37.8,3.536,3.5,3.523,3.503,3.558,3.488,3.563,3.544,3.496,3.544,42.4,9.939406394958496,86.03,1.857829451560974
2025-04-24 16:01:43,3.51,3.479,3.509,3.551,3.53,35.2,36.3,36.4,3.572,37.8,37.8,3.536,3.5,3.523,3.503,3.558,3.488,3.563,3.544,3.496,3.544,41.4,9.939406394958496,86.03,1.857829451560974
2025-04-24 16:01:45,3.56,3.479,3.509,3.551,3.53,35.2,36.3,36.4,3.572,37.8,37.8,3.536,3.5,3.523,3.503,3.558,3.488,3.563,3.544,3.547,3.544,41.4,9.939406394958496,86.03,1.857829451560974
2025-04-24 16:01:46,3.56,3.479,3.509,3.551,3.53,35.2,36.3,36.4,3.572,37.8,37.8,3.536,3.5,3.573,3.503,3.558,3.488,3.563,3.544,3.547,3.544,41.4,9.939406394958496,86.03,1.857829451560974
2025-04-24 16:01:47,3.56,3.479,3.509,3.551,3.53,35.2,36.3,36.4,3.572,37.8,37.8,3.536,3.5,3.573,3.503,3.558,3.488,3.563,3.544,3.547,3.544,41.4,0.0,86.03,1.857829451560974
2025-04-24 16:01:58,3.56,3.479,3.509,3.551,3.53,35.2,36.3,36.4,3.572,37.8,37.8,3.536,3.5,3.523,3.503,3.558,3.488,3.563,3.544,3.547,3.544,41.4,0.0,86.03,1.857829451560974
2025-04-24 16:02:01,3.51,3.479,3.509,3.551,3.53,35.2,36.3,36.4,3.572,37.8,37.8,3.536,3.5,3.523,3.503,3.558,3.488,3.563,3.544,3.547,3.544,41.4,0.0,86.03,1.857829451560974
2025-04-24 16:02:04,3.51,3.479,3.509,3.551,3.53,35.2,36.3,36.4,3.522,37.8,37.8,3.536,3.5,3.523,3.503,3.558,3.488,3.563,3.544,3.497,3.544,41.4,0.0,86.03,1.857829451560974
2025-04-24 16:02:10,3.51,3.479,3.509,3.551,3.53,35.2,36.3,36.4,3.522,37.8,37.8,3.536,3.5,3.523,3.503,3.507,3.488,3.563,3.544,3.497,3.544,41.4,0.0,86.03,1.857829451560974
2025-04-24 16:02:13,3.51,3.479,3.509,3.551,3.53,35.2,36.3,36.4,3.522,37.8,37.8,3.536,3.5,3.523,3.503,3.507,3.488,3.512,3.544,3.497,3.544,41.4,0.0,86.03,1.857829451560974
2025-04-24 16:02:14,3.51,3.479,3.509,3.551,3.53,35.2,36.3,36.4,3.522,37.8,37.8,3.536,3.5,3.523,3.503,3.507,3.488,3.512,3.544,3.497,3.494,41.4,0.0,86.03,1.857829451560974
2025-04-24 16:02:16,3.51,3.479,3.509,3.551,3.53,35.2,36.3,36.4,3.522,37.8,37.8,3.536,3.5,3.523,3.453,3.507,3.488,3.512,3.544,3.497,3.494,41.4,0.0,86.03,1.857829451560974
2025-04-24 16:02:20,3.51,3.479,3.509,3.501,3.53,35.2,36.3,36.4,3.522,37.8,37.8,3.536,3.5,3.523,3.453,3.507,3.488,3.512,3.494,3.497,3.494,41.4,0.0,86.03,1.857829451560974
2025-04-24 16:02:25,3.51,3.479,3.509,3.501,3.53,35.2,36.3,36.4,3.522,37.8,37.8,3.486,3.5,3.523,3.453,3.507,3.488,3.512,3.494,3.497,3.494,41.4,0.0,86.03,1.857829451560974
2025-04-24 16:02:33,3.51,3.479,3.509,3.501,3.53,35.2,36.3,36.4,3.522,37.8,37.8,3.486,3.5,3.523,3.453,3.507,3.488,3.512,3.494,3.497,3.494,41.4,2.6231791973114014,86.03,1.857829451560974
2025-04-24 16:02:34,3.51,3.479,3.509,3.501,3.53,35.2,36.3,36.4,3.522,37.8,37.8,3.486,3.5,3.523,3.453,3.507,3.488,3.512,3.494,3.497,3.494,41.4,5.219646453857422,87.14,1.857829451560974
2025-04-24 16:02:35,3.51,3.479,3.509,3.501,3.53,35.2,36.3,36.4,3.522,37.8,37.8,3.486,3.5,3.523,3.453,3.507,3.488,3.512,3.494,3.497,3.494,41.4,7.79201602935791,87.14,1.857829451560974
2025-04-24 16:02:36,3.51,3.479,3.509,3.501,3.53,35.2,36.3,36.4,3.522,37.8,37.8,3.486,3.5,3.523,3.453,3.507,3.488,3.512,3.494,3.497,3.494,41.4,9.417390823364258,87.14,1.857829451560974
2025-04-24 16:02:37,3.51,3.479,3.509,3.501,3.53,35.2,36.3,36.4,3.522,37.8,37.8,3.486,3.5,3.523,3.453,3.507,3.488,3.512,3.494,3.497,3.494,41.4,9.417390823364258,88.22,1.857829451560974
2025-04-24 16:02:41,3.51,3.479,3.509,3.501,3.53,35.2,36.3,36.4,3.522,37.8,37.8,3.486,3.5,3.523,3.453,3.507,3.488,3.512,3.494,3.497,3.494,41.4,9.417390823364258,89.22,1.857829451560974
2025-04-24 16:02:45,3.51,3.479,3.509,3.555,3.53,35.2,36.3,36.4,3.522,37.8,37.8,3.537,3.5,3.523,3.453,3.507,3.488,3.512,3.547,3.497,3.494,41.4,9.417390823364258,89.22,1.857829451560974
2025-04-24 16:02:47,3.51,3.479,3.509,3.555,3.53,35.2,36.3,36.4,3.522,37.8,37.8,3.537,3.5,3.523,3.453,3.507,3.488,3.564,3.547,3.497,3.546,41.4,9.417390823364258,89.22,1.857829451560974
2025-04-24 16:02:48,3.51,3.479,3.509,3.555,3.53,35.2,36.3,36.4,3.522,37.8,37.8,3.537,3.5,3.523,3.503,3.56,3.488,3.564,3.547,3.497,3.546,41.4,9.417390823364258,90.22,1.857829451560974
2025-04-24 16:02:49,3.51,3.479,3.509,3.555,3.53,35.2,36.3,36.4,3.522,37.8,37.8,3.537,3.5,3.523,3.503,3.56,3.488,3.564,3.547,3.55,3.546,41.4,9.417390823364258,90.22,1.857829451560974
2025-04-24 16:02:50,3.565,3.479,3.509,3.555,3.53,35.2,36.3,36.4,3.522,37.8,37.8,3.537,3.5,3.523,3.503,3.56,3.488,3.564,3.547,3.55,3.546,41.4,9.417390823364258,90.22,1.857829451560974
2025-04-24 16:02:51,3.565,3.479,3.509,3.555,3.58,35.2,36.3,36.4,3.522,37.8,37.8,3.537,3.5,3.523,3.503,3.56,3.488,3.564,3.547,3.55,3.546,41.4,9.417390823364258,90.22,1.857829451560974
2025-04-24 16:02:52,3.565,3.479,3.509,3.555,3.58,35.2,36.3,36.4,3.578,37.8,37.8,3.537,3.5,3.523,3.503,3.56,3.539,3.564,3.547,3.55,3.546,41.4,9.417390823364258,90.22,1.857829451560974
2025-04-24 16:02:53,3.565,3.479,3.509,3.555,3.58,35.2,36.3,36.4,3.578,37.8,37.8,3.537,3.5,3.575,3.503,3.56,3.539,3.564,3.547,3.55,3.546,41.4,0.0,90.22,1.857829451560974
2025-04-24 16:03:05,3.565,3.479,3.509,3.555,3.58,35.2,36.3,36.4,3.528,37.8,37.8,3.537,3.5,3.575,3.503,3.56,3.539,3.564,3.547,3.55,3.546,41.4,0.0,90.22,1.857829451560974
2025-04-24 16:03:06,3.565,3.479,3.509,3.555,3.58,35.2,36.3,36.4,3.528,37.8,37.8,3.537,3.5,3.524,3.503,3.56,3.539,3.564,3.547,3.55,3.546,41.4,0.0,90.22,1.857829451560974
2025-04-24 16:03:11,3.565,3.479,3.509,3.555,3.53,35.2,36.3,36.4,3.528,37.8,37.8,3.537,3.5,3.524,3.503,3.56,3.539,3.564,3.547,3.55,3.546,41.4,0.0,90.22,1.857829451560974
2025-04-24 16:03:14,3.515,3.479,3.509,3.555,3.53,35.2,36.3,36.4,3.528,37.8,37.8,3.537,3.5,3.524,3.503,3.56,3.539,3.564,3.547,3.55,3.546,41.4,0.0,90.22,1.857829451560974
2025-04-24 16:03:16,3.515,3.479,3.509,3.555,3.53,35.2,36.3,36.4,3.528,37.8,37.8,3.537,3.5,3.524,3.503,3.51,3.539,3.564,3.547,3.55,3.546,41.4,0.0,90.22,1.857829451560974
2025-04-24 16:03:20,3.515,3.479,3.509,3.555,3.53,35.2,36.3,36.4,3.528,37.8,37.8,3.537,3.5,3.524,3.503,3.51,3.539,3.564,3.547,3.55,3.496,41.4,0.0,90.22,1.857829451560974
2025-04-24 16:03:22,3.515,3.479,3.509,3.555,3.53,35.2,36.3,36.4,3.528,37.8,37.8,3.537,3.5,3.524,3.503,3.51,3.539,3.514,3.547,3.55,3.496,41.4,0.0,90.22,1.857829451560974
2025-04-24 16:03:23,3.515,3.479,3.509,3.555,3.53,35.2,36.3,36.4,3.528,37.8,37.8,3.537,3.5,3.524,3.503,3.51,3.489,3.514,3.547,3.55,3.496,41.4,0.0,90.22,1.857829451560974
2025-04-24 16:03:33,3.515,3.479,3.509,3.555,3.53,35.2,36.3,36.4,3.528,37.8,37.8,3.537,3.5,3.524,3.453,3.51,3.489,3.514,3.547,3.55,3.496,41.4,0.0,90.22,1.857829451560974
2025-04-24 16:03:34,3.515,3.479,3.509,3.555,3.53,35.2,36.3,36.4,3.528,37.8,37.8,3.537,3.5,3.524,3.453,3.51,3.489,3.514,3.547,3.5,3.496,41.4,0.0,90.22,1.857829451560974
2025-04-24 16:03:35,3.515,3.479,3.509,3.505,3.53,35.2,36.3,36.4,3.528,37.8,37.8,3.537,3.5,3.524,3.453,3.51,3.489,3.514,3.547,3.5,3.496,41.4,0.0,90.22,1.857829451560974
2025-04-24 16:03:38,3.515,3.479,3.509,3.505,3.53,35.2,36.3,36.4,3.528,37.8,37.8,3.537,3.5,3.524,3.453,3.51,3.489,3.514,3.497,3.5,3.496,41.4,0.0,90.22,1.857829451560974
2025-04-24 16:03:42,3.515,3.479,3.509,3.505,3.53,35.2,36.3,36.4,3.478,37.8,37.8,3.537,3.5,3.524,3.453,3.51,3.489,3.514,3.497,3.5,3.496,41.4,0.0,90.22,1.857829451560974
2025-04-24 16:03:45,3.515,3.479,3.509,3.505,3.53,35.2,36.3,36.4,3.478,37.8,37.8,3.486,3.5,3.524,3.453,3.51,3.489,3.514,3.497,3.5,3.496,41.4,0.0,90.22,1.857829451560974
2025-04-24 16:03:52,3.515,3.479,3.509,3.505,3.53,35.2,36.3,36.4,3.478,37.8,37.8,3.486,3.5,3.474,3.453,3.51,3.489,3.514,3.497,3.5,3.496,41.4,0.0,90.22,1.857829451560974
2025-04-24 16:04:13,3.515,3.479,3.509,3.505,3.48,35.2,36.3,36.4,3.478,37.8,37.8,3.486,3.5,3.474,3.453,3.51,3.489,3.514,3.497,3.5,3.496,41.4,0.0,90.22,1.857829451560974
2025-04-24 16:04:19,3.515,3.479,3.509,3.505,3.48,35.2,36.3,36.4,3.478,37.8,37.8,3.486,3.5,3.474,3.453,3.46,3.489,3.514,3.497,3.5,3.496,41.4,0.0,90.22,1.857829451560974
2025-04-24 16:04:21,3.515,3.479,3.509,3.505,3.48,35.2,36.3,36.4,3.478,37.8,37.8,3.486,3.45,3.474,3.453,3.46,3.489,3.514,3.497,3.5,3.496,41.4,0.0,90.22,1.857829451560974
2025-04-24 16:04:26,3.515,3.479,3.459,3.505,3.48,35.2,36.3,36.4,3.478,37.8,37.8,3.486,3.45,3.474,3.453,3.46,3.489,3.514,3.497,3.5,3.496,41.4,0.0,90.22,1.857829451560974
2025-04-24 16:04:30,3.465,3.479,3.459,3.505,3.48,35.2,36.3,36.4,3.478,37.8,37.8,3.486,3.45,3.474,3.453,3.46,3.489,3.514,3.497,3.5,3.496,41.4,0.0,90.22,1.857829451560974
2025-04-24 16:04:33,3.465,3.479,3.459,3.505,3.48,35.2,36.3,36.4,3.478,37.8,37.8,3.486,3.45,3.474,3.453,3.46,3.489,3.514,3.497,3.5,3.446,41.4,0.0,90.22,1.857829451560974
2025-04-24 16:04:34,3.465,3.479,3.459,3.505,3.48,35.2,36.3,36.4,3.478,37.8,37.8,3.486,3.45,3.474,3.453,3.46,3.489,3.464,3.497,3.5,3.446,41.4,0.0,90.22,1.857829451560974
2025-04-24 16:04:50,3.465,3.429,3.459,3.505,3.48,35.2,36.3,36.4,3.478,37.8,37.8,3.486,3.45,3.474,3.453,3.46,3.489,3.464,3.497,3.5,3.446,41.4,0.0,90.22,1.857829451560974
2025-04-24 16:05:26,3.465,3.429,3.459,3.505,3.48,35.2,36.3,36.4,3.478,37.8,37.8,3.486,3.45,3.474,3.453,3.46,3.489,3.464,3.497,3.5,3.446,41.4,4.16064977645874,90.22,1.857829451560974
2025-04-24 16:05:29,3.465,3.429,3.459,3.505,3.48,35.2,36.3,36.4,3.478,37.8,37.8,3.486,3.45,3.474,3.453,3.46,3.489,3.464,3.497,3.5,3.446,41.4,6.332982540130615,90.22,1.857829451560974
2025-04-24 16:05:32,3.465,3.429,3.459,3.505,3.48,35.2,36.3,36.4,3.478,37.8,37.8,3.486,3.45,3.474,3.453,3.46,3.489,3.464,3.497,3.5,3.446,41.4,6.332982540130615,91.27,1.857829451560974
2025-04-24 16:05:33,3.465,3.429,3.459,3.505,3.48,35.2,36.3,36.4,3.478,37.8,37.8,3.486,3.45,3.474,3.453,3.46,3.489,3.464,3.497,3.5,3.446,41.4,8.776870727539062,91.27,1.857829451560974
2025-04-24 16:05:35,3.465,3.429,3.459,3.505,3.48,35.2,36.3,36.4,3.478,37.8,37.8,3.486,3.45,3.474,3.453,3.46,3.489,3.464,3.497,3.5,3.446,41.4,9.831027030944824,91.27,1.857829451560974
2025-04-24 16:05:40,3.516,3.429,3.459,3.505,3.48,35.2,36.3,36.4,3.478,37.8,37.8,3.486,3.45,3.474,3.453,3.46,3.489,3.464,3.497,3.5,3.446,41.4,9.831027030944824,91.27,1.857829451560974
2025-04-24 16:05:41,3.516,3.429,3.514,3.505,3.48,35.2,36.3,36.4,3.478,37.8,37.8,3.486,3.45,3.474,3.453,3.46,3.489,3.514,3.497,3.5,3.446,41.4,9.831027030944824,91.27,1.857829451560974
2025-04-24 16:05:42,3.516,3.48,3.514,3.505,3.53,35.2,36.3,36.4,3.478,37.8,37.8,3.486,3.45,3.474,3.453,3.46,3.489,3.514,3.497,3.55,3.446,41.4,9.831027030944824,91.27,1.857829451560974
2025-04-24 16:05:44,3.516,3.48,3.514,3.505,3.53,35.2,36.3,36.4,3.478,37.8,37.8,3.486,3.45,3.474,3.453,3.46,3.489,3.514,3.497,3.55,3.498,41.4,9.831027030944824,91.27,1.857829451560974
2025-04-24 16:05:45,3.516,3.48,3.514,3.556,3.53,35.2,36.3,36.4,3.478,37.8,37.8,3.486,3.501,3.474,3.453,3.515,3.544,3.514,3.555,3.55,3.498,41.4,9.831027030944824,91.27,1.857829451560974
2025-04-24 16:05:46,3.516,3.48,3.514,3.556,3.53,35.2,36.3,36.4,3.478,37.8,37.8,3.536,3.501,3.474,3.453,3.515,3.544,3.514,3.555,3.55,3.498,41.4,9.831027030944824,91.27,1.857829451560974
2025-04-24 16:05:47,3.516,3.48,3.514,3.556,3.53,35.2,36.3,36.4,3.478,37.8,37.8,3.536,3.501,3.474,3.453,3.515,3.544,3.514,3.555,3.55,3.498,41.4,0.0,91.27,1.857829451560974
2025-04-24 16:06:07,3.516,3.48,3.514,3.556,3.53,35.2,36.3,36.4,3.478,37.8,37.8,3.536,3.501,3.474,3.453,3.515,3.544,3.514,3.555,3.55,3.498,40.4,0.0,91.27,1.857829451560974
2025-04-24 16:06:40,3.516,3.48,3.514,3.556,3.53,35.2,36.3,36.4,3.478,37.8,37.8,3.536,3.501,3.474,3.453,3.515,3.544,3.514,3.555,3.55,3.498,40.4,0.0,92.27,1.857829451560974
2025-04-24 16:06:49,3.516,3.48,3.514,3.556,3.53,35.2,36.3,36.4,3.478,37.8,37.8,3.536,3.501,3.474,3.453,3.465,3.544,3.514,3.555,3.55,3.498,40.4,0.0,92.27,1.857829451560974
2025-04-24 16:07:12,3.516,3.48,3.514,3.556,3.53,35.2,36.3,36.4,3.478,37.8,37.8,3.536,3.501,3.474,3.453,3.465,3.544,3.514,3.555,3.55,3.448,40.4,0.0,92.27,1.857829451560974
2025-04-24 16:07:15,3.516,3.48,3.514,3.506,3.53,35.2,36.3,36.4,3.478,37.8,37.8,3.536,3.501,3.474,3.453,3.465,3.544,3.514,3.555,3.55,3.448,40.4,0.0,92.27,1.857829451560974
2025-04-24 16:07:27,3.516,3.48,3.514,3.506,3.53,35.2,36.3,36.4,3.478,37.8,37.8,3.536,3.501,3.474,3.453,3.465,3.544,3.514,3.505,3.55,3.448,40.4,0.0,92.27,1.857829451560974
2025-04-24 16:07:32,3.516,3.48,3.514,3.506,3.53,35.2,36.3,36.4,3.478,37.8,37.8,3.486,3.501,3.474,3.453,3.465,3.544,3.514,3.505,3.55,3.448,40.4,0.0,92.27,1.857829451560974
2025-04-24 16:07:34,3.516,3.48,3.514,3.506,3.53,35.2,36.3,36.4,3.478,37.8,37.8,3.486,3.451,3.474,3.453,3.465,3.544,3.514,3.505,3.55,3.448,40.4,0.0,92.27,1.857829451560974
2025-04-24 16:07:56,3.516,3.48,3.514,3.506,3.53,35.2,36.3,36.4,3.478,37.8,37.8,3.486,3.451,3.474,3.453,3.465,3.494,3.514,3.505,3.55,3.448,40.4,0.0,92.27,1.857829451560974
2025-04-24 16:08:14,3.516,3.48,3.514,3.506,3.481,35.2,36.3,36.4,3.478,37.8,37.8,3.486,3.451,3.474,3.453,3.465,3.494,3.514,3.505,3.55,3.448,40.4,0.0,92.27,1.857829451560974
2025-04-24 16:08:20,3.516,3.48,3.514,3.506,3.481,35.2,36.3,36.4,3.428,37.8,37.8,3.486,3.451,3.474,3.453,3.465,3.494,3.514,3.505,3.55,3.448,40.4,0.0,92.27,1.857829451560974
2025-04-24 16:09:29,3.516,3.48,3.514,3.506,3.481,35.2,36.3,36.4,3.428,37.8,37.8,3.486,3.451,3.474,3.453,3.465,3.494,3.514,3.505,3.501,3.448,40.4,0.0,92.27,1.857829451560974
2025-04-24 16:11:04,3.516,3.43,3.514,3.506,3.481,35.2,36.3,36.4,3.428,37.8,37.8,3.486,3.451,3.474,3.453,3.465,3.494,3.514,3.505,3.501,3.448,40.4,0.0,92.27,1.857829451560974
2025-04-24 16:11:09,3.516,3.43,3.514,3.506,3.481,35.2,36.3,36.4,3.428,37.8,37.8,3.486,3.451,3.474,3.453,3.465,3.494,3.464,3.505,3.501,3.448,40.4,0.0,92.27,1.857829451560974
2025-04-24 16:11:39,3.466,3.43,3.514,3.506,3.481,35.2,36.3,36.4,3.428,37.8,37.8,3.486,3.451,3.474,3.453,3.465,3.494,3.464,3.505,3.501,3.448,40.4,0.0,92.27,1.857829451560974
2025-04-24 16:12:03,3.466,3.43,3.464,3.506,3.481,35.2,36.3,36.4,3.428,37.8,37.8,3.486,3.451,3.474,3.453,3.465,3.494,3.464,3.505,3.501,3.448,40.4,0.0,92.27,1.857829451560974
2025-04-24 16:13:12,3.466,3.43,3.464,3.506,3.481,35.2,36.3,36.4,3.428,37.8,37.8,3.486,3.451,3.424,3.453,3.465,3.494,3.464,3.505,3.501,3.448,40.4,0.0,92.27,1.857829451560974
2025-04-24 16:14:50,3.466,3.43,3.464,3.457,3.481,35.2,36.3,36.4,3.428,37.8,37.8,3.486,3.451,3.424,3.453,3.465,3.494,3.464,3.505,3.501,3.448,40.4,0.0,92.27,1.857829451560974
2025-04-24 16:15:16,3.466,3.43,3.464,3.457,3.481,35.2,36.3,36.4,3.428,37.8,37.8,3.486,3.451,3.424,3.453,3.465,3.494,3.464,3.455,3.501,3.448,40.4,0.0,92.27,1.857829451560974
2025-04-24 16:16:21,3.466,3.43,3.464,3.457,3.481,35.2,36.3,36.4,3.428,37.8,37.8,3.486,3.451,3.424,3.453,3.415,3.494,3.464,3.455,3.501,3.448,40.4,0.0,92.27,1.857829451560974
2025-04-24 16:17:28,3.466,3.43,3.464,3.457,3.481,35.2,36.3,36.4,3.428,37.8,37.8,3.486,3.451,3.424,3.453,3.415,3.444,3.464,3.455,3.501,3.448,40.4,0.0,92.27,1.857829451560974
2025-04-24 16:17:39,3.466,3.43,3.464,3.457,3.481,35.2,36.3,36.4,3.428,37.8,37.8,3.436,3.451,3.424,3.453,3.415,3.444,3.464,3.455,3.501,3.448,40.4,0.0,92.27,1.857829451560974
2025-04-24 16:18:07,3.466,3.43,3.464,3.457,3.481,35.2,36.3,36.4,3.428,37.8,37.8,3.436,3.451,3.424,3.453,3.415,3.444,3.464,3.455,3.452,3.448,40.4,0.0,92.27,1.857829451560974
2025-04-24 16:18:29,3.466,3.43,3.464,3.457,3.481,35.2,36.3,36.4,3.428,37.8,37.8,3.436,3.451,3.424,3.453,3.415,3.444,3.464,3.455,3.452,3.448,40.4,3.244956493377685,92.27,1.857829451560974
2025-04-24 16:18:30,3.466,3.43,3.464,3.457,3.481,35.2,36.3,36.4,3.428,37.8,37.8,3.436,3.451,3.424,3.453,3.415,3.444,3.464,3.455,3.452,3.448,40.4,4.619707584381104,92.27,1.857829451560974
2025-04-24 16:18:31,3.466,3.43,3.464,3.457,3.481,35.2,36.3,36.4,3.428,37.8,37.8,3.436,3.451,3.424,3.453,3.415,3.444,3.464,3.455,3.452,3.448,40.4,4.619707584381104,93.35,1.857829451560974
2025-04-24 16:18:32,3.466,3.43,3.464,3.457,3.481,35.2,36.3,36.4,3.428,37.8,37.8,3.436,3.451,3.424,3.453,3.415,3.444,3.464,3.455,3.452,3.448,40.4,5.998486042022705,93.35,1.857829451560974
2025-04-24 16:18:33,3.466,3.43,3.464,3.457,3.481,35.2,36.3,36.4,3.428,37.8,37.8,3.436,3.451,3.424,3.453,3.415,3.444,3.464,3.455,3.452,3.448,40.4,7.359891414642334,93.35,1.857829451560974
2025-04-24 16:18:34,3.466,3.43,3.464,3.457,3.481,35.2,36.3,36.4,3.428,37.8,37.8,3.436,3.451,3.424,3.453,3.415,3.444,3.464,3.455,3.452,3.448,40.4,7.359891414642334,94.41,1.857829451560974
2025-04-24 16:18:35,3.466,3.43,3.464,3.457,3.481,35.2,36.3,36.4,3.428,37.8,37.8,3.436,3.451,3.424,3.453,3.415,3.444,3.464,3.455,3.452,3.448,40.4,8.907833099365234,94.41,1.857829451560974
2025-04-24 16:18:39,3.466,3.43,3.464,3.457,3.481,35.2,36.3,36.4,3.428,37.8,37.8,3.436,3.451,3.424,3.453,3.415,3.444,3.464,3.455,3.452,3.448,40.4,8.907833099365234,95.57,1.857829451560974
2025-04-24 16:18:40,3.466,3.43,3.464,3.457,3.481,35.2,36.3,36.4,3.428,37.8,37.8,3.436,3.451,3.424,3.453,3.415,3.444,3.464,3.455,3.504,3.448,40.4,8.907833099365234,95.57,1.857829451560974
2025-04-24 16:18:41,3.466,3.43,3.464,3.457,3.481,35.2,36.3,36.4,3.428,37.8,37.8,3.436,3.451,3.424,3.453,3.415,3.494,3.464,3.455,3.504,3.448,40.4,10.480250358581545,95.57,1.857829451560974
2025-04-24 16:18:42,3.466,3.43,3.464,3.457,3.481,35.2,36.3,36.4,3.428,37.8,37.8,3.491,3.451,3.424,3.453,3.415,3.494,3.464,3.455,3.504,3.448,40.4,10.480250358581545,95.57,1.857829451560974
2025-04-24 16:18:43,3.466,3.43,3.464,3.507,3.481,35.2,36.3,36.4,3.428,37.8,37.8,3.491,3.451,3.424,3.453,3.415,3.494,3.464,3.507,3.504,3.448,40.4,10.480250358581545,95.57,1.857829451560974
2025-04-24 16:18:45,3.466,3.43,3.464,3.507,3.481,35.2,36.3,36.4,3.428,37.8,37.8,3.491,3.451,3.424,3.453,3.468,3.494,3.464,3.507,3.504,3.448,40.4,10.480250358581545,95.57,1.857829451560974
2025-04-24 16:18:46,3.52,3.43,3.517,3.507,3.481,35.2,36.3,36.4,3.428,37.8,37.8,3.491,3.451,3.424,3.453,3.468,3.494,3.464,3.507,3.504,3.448,40.4,10.480250358581545,95.57,1.857829451560974
2025-04-24 16:18:47,3.52,3.43,3.517,3.507,3.481,35.2,36.3,36.4,3.428,37.8,37.8,3.491,3.451,3.424,3.453,3.468,3.494,3.517,3.507,3.504,3.448,40.4,10.480250358581545,95.57,1.857829451560974
2025-04-24 16:18:48,3.52,3.43,3.517,3.507,3.481,35.2,36.3,36.4,3.428,37.8,37.8,3.491,3.451,3.475,3.453,3.468,3.494,3.517,3.507,3.504,3.448,40.4,10.480250358581545,96.6,1.857829451560974
2025-04-24 16:18:50,3.52,3.43,3.517,3.507,3.481,35.2,36.3,36.4,3.428,37.8,37.8,3.491,3.451,3.475,3.453,3.468,3.494,3.517,3.507,3.504,3.448,40.4,0.0,96.6,1.857829451560974
2025-04-24 16:24:36,3.52,3.43,3.517,3.507,3.481,35.2,36.3,36.4,3.428,37.8,37.8,3.491,3.451,3.475,3.453,3.468,3.494,3.467,3.507,3.504,3.448,40.4,0.0,96.6,1.857829451560974
2025-04-24 16:25:14,3.47,3.43,3.517,3.507,3.481,35.2,36.3,36.4,3.428,37.8,37.8,3.491,3.451,3.475,3.453,3.468,3.494,3.467,3.507,3.504,3.448,40.4,0.0,96.6,1.857829451560974
2025-04-24 16:25:23,3.47,3.43,3.517,3.507,3.481,35.2,36.3,36.4,3.428,37.8,36.8,3.491,3.451,3.475,3.453,3.468,3.494,3.467,3.507,3.504,3.448,40.4,0.0,96.6,1.857829451560974
2025-04-24 16:25:36,3.47,3.43,3.467,3.507,3.481,35.2,36.3,36.4,3.428,37.8,36.8,3.491,3.451,3.475,3.453,3.468,3.494,3.467,3.507,3.504,3.448,40.4,0.0,96.6,1.857829451560974
2025-04-24 16:27:20,3.47,3.43,3.467,3.507,3.481,35.2,36.3,36.4,3.428,37.8,36.8,3.491,3.451,3.425,3.453,3.468,3.494,3.467,3.507,3.504,3.448,40.4,0.0,96.6,1.857829451560974
2025-04-24 16:28:29,3.47,3.43,3.467,3.507,3.481,35.2,36.3,36.4,3.428,37.8,36.8,3.491,3.451,3.425,3.453,3.468,3.494,3.467,3.457,3.504,3.448,40.4,0.0,96.6,1.857829451560974
2025-04-24 16:28:33,3.47,3.43,3.467,3.458,3.481,35.2,36.3,36.4,3.428,37.8,36.8,3.491,3.451,3.425,3.453,3.468,3.494,3.467,3.457,3.504,3.448,40.4,0.0,96.6,1.857829451560974
2025-04-24 16:28:43,3.47,3.43,3.467,3.458,3.481,35.2,36.3,36.4,3.428,36.8,36.8,3.491,3.451,3.425,3.453,3.468,3.494,3.467,3.457,3.504,3.448,40.4,0.0,96.6,1.857829451560974
2025-04-24 16:29:49,3.47,3.43,3.467,3.458,3.481,35.2,36.3,36.4,3.428,36.8,36.8,3.491,3.451,3.425,3.453,3.418,3.494,3.467,3.457,3.504,3.448,40.4,0.0,96.6,1.857829451560974
2025-04-24 16:30:43,3.47,3.43,3.467,3.458,3.481,34.2,36.3,36.4,3.428,36.8,36.8,3.491,3.451,3.425,3.453,3.418,3.494,3.467,3.457,3.454,3.448,40.4,0.0,96.6,1.857829451560974
2025-04-24 16:30:53,3.47,3.43,3.467,3.458,3.481,34.2,36.3,36.4,3.428,36.8,36.8,3.442,3.451,3.425,3.453,3.418,3.494,3.467,3.457,3.454,3.448,40.4,0.0,96.6,1.857829451560974
2025-04-24 16:31:55,3.47,3.43,3.467,3.458,3.481,34.2,36.3,36.4,3.428,36.8,36.8,3.442,3.451,3.425,3.453,3.418,3.444,3.467,3.457,3.454,3.448,40.4,0.0,96.6,1.857829451560974
2025-04-24 16:32:11,3.47,3.43,3.467,3.458,3.481,34.2,36.3,36.4,3.428,36.8,36.8,3.442,3.451,3.425,3.453,3.418,3.444,3.467,3.457,3.454,3.448,40.4,5.344830989837647,96.6,1.857829451560974
2025-04-24 16:32:14,3.47,3.43,3.467,3.458,3.481,34.2,36.3,36.4,3.428,36.8,36.8,3.442,3.451,3.425,3.453,3.418,3.444,3.467,3.457,3.454,3.448,40.4,7.769378662109375,96.6,1.857829451560974
2025-04-24 16:32:18,3.47,3.43,3.467,3.458,3.481,34.2,36.3,36.4,3.428,36.8,36.8,3.442,3.451,3.425,3.453,3.418,3.444,3.467,3.457,3.454,3.448,40.4,9.121679306030272,96.6,1.857829451560974
2025-04-24 16:32:21,3.47,3.43,3.467,3.458,3.481,34.2,36.3,36.4,3.428,36.8,36.8,3.442,3.451,3.425,3.453,3.418,3.494,3.467,3.457,3.454,3.448,40.4,9.121679306030272,96.6,1.857829451560974
2025-04-24 16:32:22,3.47,3.43,3.467,3.458,3.481,34.2,36.3,36.4,3.428,36.8,36.8,3.442,3.451,3.425,3.453,3.418,3.494,3.467,3.457,3.508,3.448,40.4,9.121679306030272,96.6,1.857829451560974
2025-04-24 16:32:23,3.47,3.43,3.467,3.458,3.481,34.2,36.3,36.4,3.428,36.8,36.8,3.442,3.451,3.425,3.453,3.418,3.494,3.467,3.457,3.508,3.448,40.4,10.487011909484863,96.6,1.857829451560974
2025-04-24 16:32:24,3.47,3.43,3.467,3.51,3.481,34.2,36.3,36.4,3.428,36.8,36.8,3.496,3.451,3.425,3.453,3.418,3.494,3.467,3.507,3.508,3.448,40.4,10.487011909484863,96.6,1.857829451560974
2025-04-24 16:32:26,3.521,3.43,3.467,3.51,3.481,34.2,36.3,36.4,3.428,36.8,36.8,3.496,3.451,3.425,3.453,3.47,3.494,3.467,3.507,3.508,3.448,40.4,10.487011909484863,96.6,1.857829451560974
2025-04-24 16:32:27,3.521,3.43,3.52,3.51,3.481,34.2,36.3,36.4,3.428,36.8,36.8,3.496,3.451,3.425,3.453,3.47,3.494,3.467,3.507,3.508,3.448,40.4,10.487011909484863,96.6,1.857829451560974
2025-04-24 16:32:28,3.521,3.43,3.52,3.51,3.481,34.2,36.3,36.4,3.428,36.8,36.8,3.496,3.451,3.425,3.453,3.47,3.494,3.517,3.507,3.508,3.448,40.4,10.487011909484863,96.6,1.857829451560974
2025-04-24 16:32:29,3.521,3.43,3.52,3.51,3.481,34.2,36.3,36.4,3.428,36.8,36.8,3.496,3.451,3.48,3.453,3.47,3.494,3.517,3.507,3.508,3.448,40.4,10.487011909484863,96.6,1.857829451560974
2025-04-24 16:32:30,3.521,3.48,3.52,3.51,3.532,34.2,36.3,36.4,3.428,36.8,36.8,3.496,3.451,3.48,3.453,3.47,3.545,3.517,3.507,3.56,3.448,40.4,10.487011909484863,96.6,1.857829451560974
2025-04-24 16:32:32,3.521,3.48,3.52,3.51,3.532,34.2,36.3,36.4,3.428,36.8,36.8,3.496,3.451,3.48,3.453,3.47,3.545,3.517,3.507,3.56,3.448,40.4,0.0,96.6,1.857829451560974
2025-04-24 16:32:51,3.521,3.48,3.52,3.51,3.532,34.2,35.3,36.4,3.428,36.8,36.8,3.496,3.451,3.48,3.453,3.47,3.545,3.517,3.507,3.56,3.448,40.4,0.0,96.6,1.857829451560974
2025-04-24 16:34:55,3.521,3.48,3.52,3.51,3.532,34.2,35.3,36.4,3.428,36.8,36.8,3.496,3.451,3.48,3.453,3.47,3.545,3.517,3.507,3.51,3.448,40.4,0.0,96.6,1.857829451560974
2025-04-24 16:36:00,3.521,3.48,3.52,3.51,3.532,34.2,35.3,36.4,3.428,36.8,36.8,3.496,3.451,3.48,3.453,3.47,3.495,3.517,3.507,3.51,3.448,40.4,0.0,96.6,1.857829451560974
2025-04-24 16:36:35,3.521,3.48,3.52,3.51,3.482,34.2,35.3,36.4,3.428,36.8,36.8,3.496,3.451,3.48,3.453,3.47,3.495,3.517,3.507,3.51,3.448,40.4,0.0,96.6,1.857829451560974
2025-04-24 16:36:51,3.521,3.48,3.52,3.51,3.482,34.2,35.3,35.4,3.428,36.8,36.8,3.496,3.451,3.48,3.453,3.47,3.495,3.517,3.507,3.51,3.448,40.4,0.0,96.6,1.857829451560974
2025-04-24 16:39:56,3.521,3.48,3.52,3.51,3.482,34.2,35.3,35.4,3.428,36.8,36.8,3.496,3.451,3.48,3.453,3.47,3.495,3.467,3.507,3.51,3.448,40.4,0.0,96.6,1.857829451560974
2025-04-24 16:40:06,3.521,3.431,3.52,3.51,3.482,34.2,35.3,35.4,3.428,36.8,36.8,3.496,3.451,3.48,3.453,3.47,3.495,3.467,3.507,3.51,3.448,40.4,0.0,96.6,1.857829451560974
2025-04-24 16:40:30,3.521,3.431,3.47,3.51,3.482,34.2,35.3,35.4,3.428,36.8,36.8,3.496,3.451,3.48,3.453,3.47,3.495,3.467,3.507,3.51,3.448,40.4,0.0,96.6,1.857829451560974
2025-04-24 16:40:44,3.471,3.431,3.47,3.51,3.482,34.2,35.3,35.4,3.428,36.8,36.8,3.496,3.451,3.48,3.453,3.47,3.495,3.467,3.507,3.51,3.448,40.4,0.0,96.6,1.857829451560974
2025-04-24 16:41:28,3.471,3.431,3.47,3.51,3.482,34.2,35.3,35.4,3.428,36.8,36.8,3.496,3.451,3.43,3.453,3.47,3.495,3.467,3.507,3.51,3.448,40.4,0.0,96.6,1.857829451560974
2025-04-24 16:43:19,3.471,3.431,3.47,3.461,3.482,34.2,35.3,35.4,3.428,36.8,36.8,3.496,3.451,3.43,3.453,3.47,3.495,3.467,3.507,3.51,3.448,40.4,0.0,96.6,1.857829451560974
2025-04-24 16:43:40,3.471,3.431,3.47,3.461,3.482,34.2,35.3,35.4,3.428,36.8,36.8,3.496,3.451,3.43,3.453,3.47,3.495,3.467,3.458,3.51,3.448,40.4,0.0,96.6,1.857829451560974
2025-04-24 16:44:07,3.471,3.431,3.47,3.461,3.482,34.2,35.3,35.4,3.428,36.8,36.8,3.496,3.451,3.43,3.453,3.42,3.495,3.467,3.458,3.51,3.448,40.4,0.0,96.6,1.857829451560974
2025-04-24 16:44:41,3.471,3.431,3.47,3.461,3.482,34.2,35.3,35.4,3.428,36.8,36.8,3.496,3.451,3.43,3.453,3.42,3.495,3.467,3.458,3.46,3.448,40.4,0.0,96.6,1.857829451560974
2025-04-24 16:45:07,3.471,3.431,3.47,3.461,3.482,34.2,35.3,35.4,3.428,36.8,35.8,3.496,3.451,3.43,3.453,3.42,3.495,3.467,3.458,3.46,3.448,40.4,0.0,96.6,1.857829451560974
2025-04-24 16:45:34,3.471,3.431,3.47,3.461,3.482,34.2,35.3,35.4,3.428,36.8,35.8,3.446,3.451,3.43,3.453,3.42,3.495,3.467,3.458,3.46,3.448,40.4,0.0,96.6,1.857829451560974
2025-04-24 16:46:39,3.471,3.431,3.47,3.461,3.482,34.2,35.3,35.4,3.428,36.8,35.8,3.446,3.451,3.43,3.453,3.42,3.495,3.467,3.458,3.46,3.448,39.4,0.0,96.6,1.857829451560974
2025-04-24 16:47:29,3.471,3.431,3.47,3.461,3.482,34.2,35.3,35.4,3.428,36.8,35.8,3.446,3.451,3.43,3.453,3.42,3.445,3.467,3.458,3.46,3.448,39.4,0.0,96.6,1.857829451560974
2025-04-24 16:47:41,3.471,3.431,3.47,3.461,3.482,34.2,35.3,35.4,3.428,36.8,35.8,3.446,3.451,3.43,3.453,3.42,3.445,3.467,3.458,3.46,3.448,39.4,1.5916452407836914,96.6,1.857829451560974
2025-04-24 16:47:42,3.471,3.431,3.47,3.461,3.482,34.2,35.3,35.4,3.428,36.8,35.8,3.446,3.451,3.43,3.453,3.42,3.445,3.467,3.458,3.46,3.448,39.4,5.255627155303955,96.6,1.857829451560974
2025-04-24 16:47:44,3.471,3.431,3.47,3.461,3.482,34.2,35.3,35.4,3.428,36.8,35.8,3.446,3.451,3.43,3.453,3.42,3.445,3.467,3.458,3.46,3.448,39.4,5.255627155303955,97.6,1.857829451560974
2025-04-24 16:47:45,3.471,3.431,3.47,3.461,3.482,34.2,35.3,35.4,3.428,36.8,35.8,3.446,3.451,3.43,3.453,3.42,3.445,3.467,3.458,3.46,3.448,39.4,7.6596999168396,97.6,1.857829451560974
2025-04-24 16:47:47,3.471,3.431,3.47,3.461,3.482,34.2,35.3,35.4,3.428,36.8,35.8,3.446,3.451,3.43,3.453,3.42,3.445,3.467,3.458,3.46,3.448,39.4,9.133463859558104,97.6,1.857829451560974
2025-04-24 16:47:53,3.471,3.431,3.47,3.461,3.482,34.2,35.3,35.4,3.428,36.8,35.8,3.446,3.451,3.43,3.453,3.42,3.5,3.467,3.458,3.46,3.448,39.4,10.281475067138672,97.6,1.857829451560974
2025-04-24 16:47:54,3.471,3.431,3.47,3.514,3.482,34.2,35.3,35.4,3.428,36.8,35.8,3.501,3.451,3.43,3.453,3.42,3.5,3.467,3.458,3.52,3.448,39.4,10.281475067138672,97.6,1.857829451560974
2025-04-24 16:47:55,3.471,3.431,3.47,3.514,3.482,34.2,35.3,35.4,3.428,36.8,35.8,3.501,3.451,3.43,3.453,3.42,3.5,3.467,3.512,3.52,3.448,39.4,10.281475067138672,97.6,1.857829451560974
2025-04-24 16:47:56,3.526,3.431,3.47,3.514,3.482,34.2,35.3,35.4,3.428,36.8,35.8,3.501,3.451,3.43,3.453,3.42,3.5,3.467,3.512,3.52,3.448,39.4,10.281475067138672,97.6,1.857829451560974
2025-04-24 16:47:57,3.526,3.431,3.523,3.514,3.482,34.2,35.3,35.4,3.428,36.8,35.8,3.501,3.451,3.43,3.453,3.474,3.5,3.467,3.512,3.52,3.448,39.4,10.281475067138672,97.6,1.857829451560974
2025-04-24 16:47:58,3.526,3.431,3.523,3.514,3.482,34.2,35.3,35.4,3.428,36.8,35.8,3.501,3.451,3.43,3.453,3.474,3.5,3.521,3.512,3.52,3.448,39.4,10.281475067138672,97.6,1.857829451560974
2025-04-24 16:47:59,3.526,3.431,3.523,3.514,3.482,34.2,35.3,35.4,3.428,36.8,35.8,3.501,3.451,3.43,3.453,3.474,3.5,3.521,3.512,3.52,3.448,39.4,0.0,97.6,1.857829451560974
2025-04-24 16:49:15,3.526,3.431,3.523,3.514,3.482,34.2,35.3,35.4,3.428,35.8,35.8,3.501,3.451,3.43,3.453,3.474,3.5,3.521,3.512,3.52,3.448,39.4,0.0,97.6,1.857829451560974
2025-04-24 16:49:47,3.526,3.431,3.523,3.514,3.482,33.2,35.3,35.4,3.428,35.8,35.8,3.501,3.451,3.43,3.453,3.474,3.5,3.521,3.512,3.52,3.448,39.4,0.0,97.6,1.857829451560974
2025-04-24 16:52:33,3.526,3.431,3.473,3.514,3.482,33.2,35.3,35.4,3.428,35.8,35.8,3.501,3.451,3.43,3.453,3.474,3.5,3.521,3.512,3.52,3.448,39.4,0.0,97.6,1.857829451560974
2025-04-24 16:52:55,3.526,3.431,3.473,3.514,3.482,33.2,35.3,35.4,3.428,35.8,35.8,3.501,3.451,3.43,3.453,3.474,3.5,3.471,3.512,3.52,3.448,39.4,0.0,97.6,1.857829451560974
2025-04-24 16:53:44,3.476,3.431,3.473,3.514,3.482,33.2,35.3,35.4,3.428,35.8,35.8,3.501,3.451,3.43,3.453,3.474,3.5,3.471,3.512,3.52,3.448,39.4,0.0,97.6,1.857829451560974
2025-04-24 16:56:04,3.476,3.431,3.473,3.465,3.482,33.2,35.3,35.4,3.428,35.8,35.8,3.501,3.451,3.43,3.453,3.474,3.5,3.471,3.512,3.52,3.448,39.4,0.0,97.6,1.857829451560974
2025-04-24 16:56:10,3.476,3.431,3.473,3.465,3.482,33.2,35.3,35.4,3.428,35.8,35.8,3.501,3.451,3.43,3.453,3.474,3.5,3.471,3.512,3.47,3.448,39.4,0.0,97.6,1.857829451560974
2025-04-24 16:56:19,3.476,3.431,3.473,3.465,3.482,33.2,34.3,35.4,3.428,35.8,35.8,3.501,3.451,3.43,3.453,3.474,3.5,3.471,3.512,3.47,3.448,39.4,0.0,97.6,1.857829451560974
2025-04-24 16:56:21,3.476,3.431,3.473,3.465,3.482,33.2,34.3,35.4,3.428,35.8,35.8,3.501,3.451,3.43,3.453,3.474,3.5,3.471,3.462,3.47,3.448,39.4,0.0,97.6,1.857829451560974
2025-04-24 16:56:23,3.476,3.431,3.473,3.465,3.482,33.2,34.3,35.4,3.428,35.8,35.8,3.501,3.451,3.43,3.453,3.424,3.5,3.471,3.462,3.47,3.448,39.4,0.0,97.6,1.857829451560974
2025-04-24 16:58:40,3.476,3.431,3.473,3.465,3.482,33.2,34.3,35.4,3.428,35.8,35.8,3.452,3.451,3.43,3.453,3.424,3.5,3.471,3.462,3.47,3.448,39.4,0.0,97.6,1.857829451560974
2025-04-24 17:00:17,3.476,3.431,3.473,3.465,3.482,33.2,34.3,35.4,3.428,35.8,35.8,3.452,3.451,3.43,3.453,3.424,3.45,3.471,3.462,3.47,3.448,39.4,0.0,97.6,1.857829451560974
2025-04-24 17:01:56,3.476,3.431,3.473,3.465,3.482,33.2,34.3,34.4,3.428,35.8,35.8,3.452,3.451,3.43,3.453,3.424,3.45,3.471,3.462,3.47,3.448,39.4,0.0,97.6,1.857829451560974
2025-04-24 17:01:58,3.476,3.431,3.473,3.465,3.482,33.2,34.3,34.4,3.428,35.8,35.8,3.452,3.451,3.43,3.453,3.424,3.45,3.471,3.462,3.47,3.448,39.4,8.808677673339844,97.6,1.857829451560974
2025-04-24 17:01:59,3.476,3.431,3.473,3.465,3.482,33.2,34.3,34.4,3.428,35.8,35.8,3.452,3.451,3.43,3.453,3.424,3.45,3.471,3.462,3.47,3.448,39.4,11.423273086547852,97.6,1.857829451560974
2025-04-24 17:02:06,3.476,3.431,3.473,3.465,3.482,33.2,34.3,34.4,3.428,35.8,35.8,3.452,3.451,3.43,3.453,3.424,3.501,3.471,3.462,3.47,3.448,39.4,10.38882064819336,97.6,1.857829451560974
2025-04-24 17:02:08,3.476,3.431,3.473,3.517,3.482,33.2,34.3,34.4,3.428,35.8,35.8,3.506,3.451,3.43,3.453,3.424,3.501,3.471,3.462,3.523,3.448,39.4,10.38882064819336,97.6,1.857829451560974
2025-04-24 17:02:09,3.476,3.431,3.473,3.517,3.482,33.2,34.3,34.4,3.428,35.8,35.8,3.506,3.451,3.43,3.453,3.424,3.501,3.471,3.514,3.523,3.448,39.4,10.38882064819336,97.6,1.857829451560974
2025-04-24 17:02:10,3.527,3.431,3.473,3.517,3.482,33.2,34.3,34.4,3.428,35.8,35.8,3.506,3.451,3.43,3.453,3.424,3.501,3.471,3.514,3.523,3.448,39.4,10.38882064819336,97.6,1.857829451560974
2025-04-24 17:02:12,3.527,3.431,3.532,3.517,3.482,33.2,34.3,34.4,3.428,35.8,35.8,3.506,3.451,3.43,3.453,3.476,3.501,3.526,3.514,3.523,3.448,39.4,10.38882064819336,97.6,1.857829451560974
2025-04-24 17:02:13,3.527,3.431,3.532,3.517,3.535,33.2,34.3,34.4,3.428,35.8,35.8,3.506,3.451,3.482,3.453,3.476,3.501,3.526,3.514,3.523,3.448,39.4,10.38882064819336,97.6,1.857829451560974
2025-04-24 17:02:14,3.527,3.483,3.532,3.517,3.535,33.2,34.3,34.4,3.428,35.8,35.8,3.506,3.451,3.482,3.453,3.476,3.552,3.526,3.514,3.523,3.448,39.4,10.38882064819336,98.6,1.857829451560974
2025-04-24 17:02:15,3.527,3.483,3.532,3.517,3.535,33.2,34.3,34.4,3.428,35.8,35.8,3.506,3.451,3.482,3.453,3.476,3.552,3.526,3.514,3.523,3.448,39.4,0.0,98.6,1.857829451560974
2025-04-24 17:05:22,3.527,3.483,3.532,3.517,3.535,33.2,34.3,34.4,3.428,35.8,35.8,3.506,3.451,3.482,3.453,3.476,3.502,3.526,3.514,3.523,3.448,39.4,0.0,98.6,1.857829451560974
2025-04-24 17:06:28,3.527,3.483,3.532,3.517,3.535,33.2,34.3,34.4,3.428,35.8,34.8,3.506,3.451,3.482,3.453,3.476,3.502,3.526,3.514,3.523,3.448,39.4,0.0,98.6,1.857829451560974
2025-04-24 17:07:00,3.527,3.483,3.532,3.517,3.486,33.2,34.3,34.4,3.428,35.8,34.8,3.506,3.451,3.482,3.453,3.476,3.502,3.526,3.514,3.523,3.448,39.4,0.0,98.6,1.857829451560974
2025-04-24 17:07:29,3.527,3.483,3.482,3.517,3.486,33.2,34.3,34.4,3.428,35.8,34.8,3.506,3.451,3.482,3.453,3.476,3.502,3.526,3.514,3.523,3.448,39.4,0.0,98.6,1.857829451560974
2025-04-24 17:08:43,3.527,3.483,3.482,3.517,3.486,33.2,34.3,34.4,3.428,35.8,34.8,3.506,3.451,3.482,3.453,3.476,3.502,3.476,3.514,3.523,3.448,39.4,0.0,98.6,1.857829451560974
2025-04-24 17:09:20,3.527,3.434,3.482,3.517,3.486,33.2,34.3,34.4,3.428,35.8,34.8,3.506,3.451,3.482,3.453,3.476,3.502,3.476,3.514,3.523,3.448,39.4,0.0,98.6,1.857829451560974
2025-04-24 17:10:17,3.477,3.434,3.482,3.517,3.486,33.2,34.3,34.4,3.428,35.8,34.8,3.506,3.451,3.482,3.453,3.476,3.502,3.476,3.514,3.523,3.448,39.4,0.0,98.6,1.857829451560974
2025-04-24 17:10:36,3.477,3.434,3.482,3.517,3.486,33.2,34.3,34.4,3.428,34.8,34.8,3.506,3.451,3.433,3.453,3.476,3.502,3.476,3.514,3.523,3.448,39.4,0.0,98.6,1.857829451560974
2025-04-24 17:10:44,3.477,3.434,3.482,3.517,3.486,32.2,34.3,34.4,3.428,34.8,34.8,3.506,3.451,3.433,3.453,3.476,3.502,3.476,3.514,3.523,3.448,39.4,0.0,98.6,1.857829451560974
2025-04-24 17:11:49,3.477,3.434,3.482,3.517,3.486,32.2,34.3,34.4,3.428,34.8,34.8,3.506,3.451,3.433,3.453,3.427,3.502,3.476,3.514,3.523,3.448,39.4,0.0,98.6,1.857829451560974
2025-04-24 17:12:21,3.477,3.434,3.482,3.468,3.486,32.2,34.3,34.4,3.428,34.8,34.8,3.506,3.451,3.433,3.453,3.427,3.502,3.476,3.514,3.523,3.448,39.4,0.0,98.6,1.857829451560974
2025-04-24 17:12:34,3.477,3.434,3.482,3.468,3.486,32.2,34.3,34.4,3.428,34.8,34.8,3.506,3.451,3.433,3.453,3.427,3.502,3.476,3.514,3.473,3.448,39.4,0.0,98.6,1.857829451560974
2025-04-24 17:12:53,3.477,3.434,3.482,3.468,3.486,32.2,34.3,34.4,3.428,34.8,34.8,3.506,3.451,3.433,3.453,3.427,3.502,3.476,3.464,3.473,3.448,39.4,0.0,98.6,1.857829451560974
2025-04-24 17:14:16,3.477,3.434,3.482,3.468,3.486,32.2,34.3,34.4,3.428,34.8,34.8,3.456,3.451,3.433,3.453,3.427,3.502,3.476,3.464,3.473,3.448,39.4,0.0,98.6,1.857829451560974
2025-04-24 17:16:42,3.477,3.434,3.482,3.468,3.486,32.2,34.3,34.4,3.428,34.8,34.8,3.456,3.451,3.433,3.453,3.427,3.452,3.476,3.464,3.473,3.448,39.4,0.0,98.6,1.857829451560974
2025-04-24 17:18:54,3.477,3.434,3.482,3.468,3.486,32.2,34.3,34.4,3.428,34.8,34.8,3.456,3.451,3.433,3.453,3.427,3.452,3.476,3.464,3.473,3.448,39.4,2.092880964279175,98.6,1.857829451560974
2025-04-24 17:18:55,3.477,3.434,3.482,3.468,3.486,32.2,34.3,34.4,3.428,34.8,34.8,3.456,3.451,3.433,3.453,3.427,3.452,3.476,3.464,3.473,3.448,39.4,7.157276630401611,98.6,1.857829451560974
2025-04-24 17:18:58,3.477,3.434,3.482,3.468,3.486,32.2,34.3,34.4,3.428,34.8,34.8,3.456,3.451,3.433,3.453,3.427,3.452,3.476,3.464,3.473,3.448,39.4,8.716967582702637,98.6,1.857829451560974
2025-04-24 17:19:03,3.477,3.434,3.482,3.468,3.486,32.2,34.3,34.4,3.428,34.8,34.8,3.456,3.451,3.433,3.453,3.427,3.452,3.476,3.464,3.473,3.448,39.4,10.297301292419434,98.6,1.857829451560974
2025-04-24 17:19:05,3.477,3.434,3.482,3.468,3.486,32.2,34.3,34.4,3.428,34.8,34.8,3.456,3.451,3.433,3.453,3.427,3.506,3.476,3.464,3.473,3.448,39.4,10.297301292419434,98.6,1.857829451560974
2025-04-24 17:19:06,3.477,3.434,3.482,3.518,3.486,32.2,34.3,34.4,3.428,34.8,34.8,3.456,3.451,3.433,3.453,3.427,3.506,3.476,3.464,3.473,3.448,39.4,10.297301292419434,98.6,1.857829451560974
2025-04-24 17:19:07,3.477,3.434,3.482,3.518,3.486,32.2,34.3,34.4,3.428,34.8,34.8,3.509,3.451,3.433,3.453,3.427,3.506,3.476,3.464,3.528,3.448,39.4,10.297301292419434,98.6,1.857829451560974
2025-04-24 17:19:08,3.527,3.434,3.482,3.518,3.486,32.2,34.3,34.4,3.428,34.8,34.8,3.509,3.451,3.433,3.453,3.427,3.506,3.476,3.519,3.528,3.448,39.4,10.297301292419434,98.6,1.857829451560974
2025-04-24 17:19:11,3.527,3.434,3.535,3.518,3.486,32.2,34.3,34.4,3.428,34.8,34.8,3.509,3.451,3.433,3.453,3.479,3.506,3.532,3.519,3.528,3.448,39.4,10.297301292419434,98.6,1.857829451560974
2025-04-24 17:19:12,3.527,3.434,3.535,3.518,3.533,32.2,34.3,34.4,3.428,34.8,34.8,3.509,3.451,3.433,3.453,3.479,3.506,3.532,3.519,3.528,3.448,39.4,0.0,98.6,1.857829451560974
2025-04-24 17:21:20,3.527,3.434,3.535,3.518,3.533,32.2,34.3,34.4,3.428,34.8,34.8,3.509,3.451,3.433,3.453,3.479,3.506,3.532,3.519,3.528,3.448,38.4,0.0,98.6,1.857829451560974
2025-04-24 17:21:48,3.527,3.434,3.535,3.518,3.533,32.2,33.3,34.4,3.428,34.8,34.8,3.509,3.451,3.433,3.453,3.479,3.506,3.532,3.519,3.528,3.448,38.4,0.0,98.6,1.857829451560974
2025-04-24 17:22:37,3.527,3.434,3.485,3.518,3.533,32.2,33.3,34.4,3.428,34.8,34.8,3.509,3.451,3.433,3.453,3.479,3.506,3.532,3.519,3.528,3.448,38.4,0.0,98.6,1.857829451560974
2025-04-24 17:22:57,3.527,3.434,3.485,3.518,3.484,32.2,33.3,34.4,3.428,34.8,34.8,3.509,3.451,3.433,3.453,3.479,3.506,3.532,3.519,3.528,3.448,38.4,0.0,98.6,1.857829451560974
2025-04-24 17:23:23,3.527,3.434,3.485,3.518,3.484,32.2,33.3,34.4,3.428,34.8,34.8,3.509,3.451,3.433,3.453,3.479,3.506,3.482,3.519,3.528,3.448,38.4,0.0,98.6,1.857829451560974
2025-04-24 17:26:02,3.477,3.434,3.485,3.518,3.484,32.2,33.3,34.4,3.428,34.8,34.8,3.509,3.451,3.433,3.453,3.479,3.506,3.482,3.519,3.528,3.448,38.4,0.0,98.6,1.857829451560974
2025-04-24 17:26:22,3.477,3.434,3.485,3.518,3.484,32.2,33.3,34.4,3.428,34.8,34.8,3.509,3.451,3.433,3.453,3.429,3.506,3.482,3.519,3.528,3.448,38.4,0.0,98.6,1.857829451560974
2025-04-24 17:26:28,3.477,3.434,3.485,3.518,3.484,32.2,33.3,34.4,3.428,34.8,34.8,3.509,3.451,3.433,3.453,3.429,3.506,3.482,3.469,3.528,3.448,38.4,0.0,98.6,1.857829451560974
2025-04-24 17:27:03,3.477,3.434,3.485,3.518,3.484,32.2,33.3,34.4,3.428,34.8,34.8,3.509,3.451,3.433,3.453,3.429,3.506,3.482,3.469,3.479,3.448,38.4,0.0,98.6,1.857829451560974
2025-04-24 17:27:24,3.477,3.434,3.485,3.518,3.484,32.2,33.3,33.4,3.428,34.8,34.8,3.509,3.451,3.433,3.453,3.429,3.506,3.482,3.469,3.479,3.448,38.4,0.0,98.6,1.857829451560974
2025-04-24 17:27:45,3.477,3.434,3.485,3.468,3.484,32.2,33.3,33.4,3.428,34.8,34.8,3.509,3.451,3.433,3.453,3.429,3.506,3.482,3.469,3.479,3.448,38.4,0.0,98.6,1.857829451560974
2025-04-24 17:28:12,3.477,3.434,3.485,3.468,3.484,32.2,33.3,33.4,3.428,34.8,33.8,3.509,3.451,3.433,3.453,3.429,3.506,3.482,3.469,3.479,3.448,38.4,0.0,98.6,1.857829451560974
2025-04-24 17:29:05,3.477,3.434,3.485,3.468,3.484,32.2,33.3,33.4,3.428,34.8,33.8,3.46,3.451,3.433,3.453,3.429,3.506,3.482,3.469,3.479,3.448,38.4,0.0,98.6,1.857829451560974
2025-04-24 17:31:31,3.477,3.434,3.485,3.468,3.484,32.2,33.3,33.4,3.428,34.8,33.8,3.46,3.451,3.433,3.453,3.429,3.457,3.482,3.469,3.479,3.448,38.4,0.0,98.6,1.857829451560974
2025-04-24 17:32:20,3.477,3.434,3.485,3.468,3.484,31.2,33.3,33.4,3.428,34.8,33.8,3.46,3.451,3.433,3.453,3.429,3.457,3.482,3.469,3.479,3.448,38.4,0.0,98.6,1.857829451560974
2025-04-24 17:32:28,3.477,3.434,3.485,3.468,3.484,31.2,33.3,33.4,3.428,33.8,33.8,3.46,3.451,3.433,3.453,3.429,3.457,3.482,3.469,3.479,3.448,38.4,0.0,98.6,1.857829451560974
2025-04-24 17:34:28,3.477,3.434,3.485,3.468,3.484,31.2,33.3,33.4,3.428,33.8,33.8,3.46,3.451,3.433,3.453,3.429,3.457,3.482,3.469,3.479,3.448,38.4,8.21401596069336,98.6,1.857829451560974
2025-04-24 17:34:31,3.477,3.434,3.485,3.468,3.484,31.2,33.3,33.4,3.428,33.8,33.8,3.46,3.451,3.433,3.453,3.429,3.457,3.482,3.469,3.479,3.448,38.4,9.236886024475098,98.6,1.857829451560974
2025-04-24 17:34:36,3.477,3.434,3.485,3.468,3.484,31.2,33.3,33.4,3.428,33.8,33.8,3.46,3.451,3.433,3.453,3.429,3.457,3.482,3.469,3.479,3.448,38.4,10.39498805999756,98.6,1.857829451560974
2025-04-24 17:34:38,3.477,3.434,3.485,3.468,3.484,31.2,33.3,33.4,3.428,33.8,33.8,3.46,3.451,3.433,3.453,3.429,3.507,3.482,3.469,3.479,3.448,38.4,10.39498805999756,98.6,1.857829451560974
2025-04-24 17:34:39,3.477,3.434,3.485,3.518,3.484,31.2,33.3,33.4,3.428,33.8,33.8,3.46,3.451,3.433,3.453,3.429,3.507,3.482,3.469,3.479,3.448,38.4,10.39498805999756,98.6,1.857829451560974
2025-04-24 17:34:40,3.477,3.434,3.485,3.518,3.484,31.2,33.3,33.4,3.428,33.8,33.8,3.513,3.451,3.433,3.453,3.429,3.507,3.482,3.469,3.532,3.448,38.4,10.39498805999756,98.6,1.857829451560974
2025-04-24 17:34:41,3.534,3.434,3.485,3.518,3.484,31.2,33.3,33.4,3.428,33.8,33.8,3.513,3.451,3.433,3.453,3.429,3.507,3.482,3.526,3.532,3.448,38.4,10.39498805999756,98.6,1.857829451560974
2025-04-24 17:34:44,3.534,3.434,3.543,3.518,3.54,31.2,33.3,33.4,3.428,33.8,33.8,3.513,3.451,3.433,3.453,3.483,3.507,3.538,3.526,3.532,3.448,38.4,10.39498805999756,98.6,1.857829451560974
2025-04-24 17:34:45,3.534,3.434,3.543,3.518,3.54,31.2,33.3,33.4,3.428,33.8,33.8,3.513,3.451,3.476,3.453,3.483,3.507,3.538,3.526,3.532,3.448,38.4,0.0,98.6,1.857829451560974
2025-04-24 17:37:31,3.534,3.434,3.493,3.518,3.54,31.2,33.3,33.4,3.428,33.8,33.8,3.513,3.451,3.476,3.453,3.483,3.507,3.538,3.526,3.532,3.448,38.4,0.0,98.6,1.857829451560974
2025-04-24 17:37:55,3.534,3.434,3.493,3.518,3.54,31.2,33.3,33.4,3.428,33.8,33.8,3.513,3.451,3.476,3.453,3.483,3.507,3.489,3.526,3.532,3.448,38.4,0.0,98.6,1.857829451560974
2025-04-24 17:38:06,3.534,3.434,3.493,3.518,3.49,31.2,33.3,33.4,3.428,33.8,33.8,3.513,3.451,3.476,3.453,3.483,3.507,3.489,3.526,3.532,3.448,38.4,0.0,98.6,1.857829451560974
2025-04-24 17:40:52,3.484,3.434,3.493,3.518,3.49,31.2,33.3,33.4,3.428,33.8,33.8,3.513,3.451,3.476,3.453,3.483,3.507,3.489,3.526,3.532,3.448,38.4,0.0,98.6,1.857829451560974
2025-04-24 17:41:09,3.484,3.434,3.493,3.518,3.49,31.2,33.3,33.4,3.428,33.8,33.8,3.513,3.451,3.476,3.453,3.433,3.507,3.489,3.526,3.532,3.448,38.4,0.0,98.6,1.857829451560974
2025-04-24 17:41:35,3.484,3.434,3.493,3.518,3.49,31.2,33.3,33.4,3.428,33.8,33.8,3.513,3.451,3.476,3.453,3.433,3.507,3.489,3.476,3.532,3.448,38.4,0.0,98.6,1.857829451560974
2025-04-24 17:42:20,3.484,3.434,3.493,3.518,3.49,31.2,33.3,33.4,3.428,33.8,33.8,3.513,3.451,3.476,3.453,3.433,3.507,3.489,3.476,3.483,3.448,38.4,0.0,98.6,1.857829451560974
2025-04-24 17:43:53,3.484,3.434,3.493,3.518,3.49,31.2,33.3,33.4,3.428,33.8,33.8,3.513,3.451,3.426,3.453,3.433,3.507,3.489,3.476,3.483,3.448,38.4,0.0,98.6,1.857829451560974
2025-04-24 17:44:04,3.484,3.434,3.493,3.469,3.49,31.2,33.3,33.4,3.428,33.8,33.8,3.513,3.451,3.426,3.453,3.433,3.507,3.489,3.476,3.483,3.448,38.4,0.0,98.6,1.857829451560974
2025-04-24 17:44:17,3.484,3.434,3.493,3.469,3.49,31.2,33.3,33.4,3.428,33.8,33.8,3.463,3.451,3.426,3.453,3.433,3.507,3.489,3.476,3.483,3.448,38.4,0.0,98.6,1.857829451560974
2025-04-24 17:47:14,3.484,3.434,3.493,3.469,3.49,31.2,33.3,33.4,3.428,33.8,33.8,3.463,3.451,3.426,3.453,3.433,3.457,3.489,3.476,3.483,3.448,38.4,0.0,98.6,1.857829451560974
2025-04-24 17:48:44,3.484,3.434,3.493,3.469,3.49,31.2,32.3,33.4,3.428,33.8,33.8,3.463,3.451,3.426,3.453,3.433,3.457,3.489,3.476,3.483,3.448,38.4,0.0,98.6,1.857829451560974
2025-04-24 17:49:06,3.484,3.434,3.443,3.469,3.49,31.2,32.3,33.4,3.428,33.8,33.8,3.463,3.451,3.426,3.453,3.433,3.457,3.489,3.476,3.483,3.448,38.4,0.0,98.6,1.857829451560974
2025-04-24 17:49:53,3.484,3.434,3.443,3.469,3.44,31.2,32.3,33.4,3.428,33.8,33.8,3.463,3.451,3.426,3.453,3.433,3.457,3.489,3.476,3.483,3.448,38.4,0.0,98.6,1.857829451560974
2025-04-24 17:50:21,3.484,3.434,3.443,3.469,3.44,31.2,32.3,33.4,3.428,33.8,33.8,3.463,3.451,3.426,3.453,3.433,3.457,3.44,3.476,3.483,3.448,38.4,0.0,98.6,1.857829451560974
2025-04-24 17:50:45,3.484,3.434,3.443,3.469,3.44,31.2,32.3,33.4,3.428,33.8,33.8,3.463,3.451,3.426,3.453,3.433,3.457,3.44,3.476,3.483,3.448,38.4,2.182574987411499,98.6,1.857829451560974
2025-04-24 17:50:46,3.484,3.434,3.443,3.469,3.44,31.2,32.3,33.4,3.428,33.8,33.8,3.463,3.451,3.426,3.453,3.433,3.457,3.44,3.476,3.483,3.448,38.4,12.744779586791992,98.6,1.857829451560974
2025-04-24 17:50:49,3.484,3.434,3.443,3.469,3.44,31.2,32.3,33.4,3.428,33.8,33.8,3.463,3.451,3.426,3.453,3.433,3.457,3.44,3.476,3.483,3.448,38.4,11.6458740234375,98.6,1.857829451560974
2025-04-24 17:50:52,3.484,3.434,3.443,3.469,3.494,31.2,32.3,33.4,3.428,33.8,33.8,3.463,3.451,3.426,3.453,3.433,3.457,3.44,3.476,3.483,3.448,38.4,11.6458740234375,98.6,1.857829451560974
2025-04-24 17:50:53,3.484,3.434,3.498,3.469,3.494,31.2,32.3,33.4,3.428,33.8,33.8,3.463,3.451,3.426,3.453,3.433,3.457,3.496,3.476,3.483,3.448,38.4,11.6458740234375,98.6,1.857829451560974
2025-04-24 17:50:54,3.484,3.434,3.498,3.469,3.494,31.2,32.3,33.4,3.428,33.8,33.8,3.463,3.451,3.426,3.453,3.433,3.513,3.496,3.476,3.483,3.448,38.4,10.613924026489258,98.6,1.857829451560974
2025-04-24 17:50:56,3.484,3.434,3.498,3.522,3.494,31.2,32.3,33.4,3.428,33.8,33.8,3.514,3.451,3.426,3.453,3.433,3.513,3.496,3.476,3.534,3.448,38.4,10.613924026489258,98.6,1.857829451560974
2025-04-24 17:50:57,3.536,3.434,3.498,3.522,3.494,31.2,32.3,33.4,3.428,33.8,33.8,3.514,3.451,3.426,3.453,3.433,3.513,3.496,3.529,3.534,3.448,38.4,10.613924026489258,98.6,1.857829451560974
2025-04-24 17:50:59,3.536,3.434,3.498,3.522,3.494,31.2,32.3,33.4,3.428,33.8,33.8,3.514,3.451,3.478,3.453,3.433,3.513,3.496,3.529,3.534,3.448,38.4,10.613924026489258,98.6,1.857829451560974
2025-04-24 17:51:00,3.536,3.434,3.498,3.522,3.494,31.2,32.3,33.4,3.428,33.8,33.8,3.514,3.451,3.478,3.453,3.433,3.513,3.496,3.529,3.534,3.448,38.4,0.0,98.6,1.857829451560974
2025-04-24 17:51:32,3.536,3.434,3.498,3.522,3.494,31.2,32.3,33.4,3.428,33.8,32.8,3.514,3.451,3.478,3.453,3.433,3.513,3.496,3.529,3.534,3.448,38.4,0.0,98.6,1.857829451560974
2025-04-24 17:54:24,3.536,3.434,3.498,3.522,3.494,31.2,32.3,33.4,3.428,33.8,32.8,3.514,3.451,3.478,3.453,3.433,3.513,3.496,3.529,3.534,3.448,37.4,0.0,98.6,1.857829451560974
2025-04-24 17:54:52,3.536,3.434,3.498,3.522,3.494,31.2,32.3,32.4,3.428,33.8,32.8,3.514,3.451,3.478,3.453,3.433,3.513,3.496,3.529,3.534,3.448,37.4,0.0,98.6,1.857829451560974
2025-04-24 17:55:24,3.536,3.434,3.498,3.522,3.494,31.2,32.3,32.4,3.428,32.8,32.8,3.514,3.451,3.478,3.453,3.433,3.513,3.496,3.529,3.534,3.448,37.4,0.0,98.6,1.857829451560974
2025-04-24 17:55:47,3.486,3.434,3.498,3.522,3.494,31.2,32.3,32.4,3.428,32.8,32.8,3.514,3.451,3.478,3.453,3.433,3.513,3.496,3.529,3.534,3.448,37.4,0.0,98.6,1.857829451560974
2025-04-24 17:56:12,3.486,3.434,3.498,3.522,3.494,31.2,32.3,32.4,3.428,32.8,32.8,3.514,3.451,3.478,3.453,3.433,3.513,3.496,3.479,3.534,3.448,37.4,0.0,98.6,1.857829451560974
2025-04-24 17:57:08,3.486,3.434,3.498,3.522,3.494,31.2,32.3,32.4,3.428,32.8,32.8,3.514,3.451,3.478,3.453,3.433,3.513,3.496,3.479,3.484,3.448,37.4,0.0,98.6,1.857829451560974
2025-04-24 17:57:32,3.486,3.434,3.498,3.522,3.494,30.2,32.3,32.4,3.428,32.8,32.8,3.514,3.451,3.478,3.453,3.433,3.513,3.496,3.479,3.484,3.448,37.4,0.0,98.6,1.857829451560974
2025-04-24 17:58:16,3.486,3.434,3.498,3.522,3.494,30.2,32.3,32.4,3.428,32.8,32.8,3.514,3.451,3.429,3.453,3.433,3.513,3.496,3.479,3.484,3.448,37.4,0.0,98.6,1.857829451560974
2025-04-24 17:58:20,3.486,3.434,3.498,3.473,3.494,30.2,32.3,32.4,3.428,32.8,32.8,3.514,3.451,3.429,3.453,3.433,3.513,3.496,3.479,3.484,3.448,37.4,0.0,98.6,1.857829451560974
2025-04-24 17:59:21,3.486,3.434,3.498,3.473,3.494,30.2,32.3,32.4,3.428,32.8,32.8,3.465,3.451,3.429,3.453,3.433,3.513,3.496,3.479,3.484,3.448,37.4,0.0,98.6,1.857829451560974
2025-04-24 18:00:59,3.486,3.434,3.498,3.473,3.494,30.2,32.3,32.4,3.428,32.8,32.8,3.465,3.451,3.429,3.453,3.433,3.463,3.496,3.479,3.484,3.448,37.4,0.0,98.6,1.857829451560974
2025-04-24 18:02:57,3.486,3.434,3.448,3.473,3.494,30.2,32.3,32.4,3.428,32.8,32.8,3.465,3.451,3.429,3.453,3.433,3.463,3.496,3.479,3.484,3.448,37.4,0.0,98.6,1.857829451560974
2025-04-24 18:03:27,3.486,3.434,3.448,3.473,3.494,30.2,32.3,32.4,3.428,32.8,32.8,3.465,3.451,3.429,3.453,3.433,3.463,3.446,3.479,3.484,3.448,37.4,0.0,98.6,1.857829451560974
2025-04-24 18:04:03,3.486,3.434,3.448,3.473,3.445,30.2,32.3,32.4,3.428,32.8,32.8,3.465,3.451,3.429,3.453,3.433,3.463,3.446,3.479,3.484,3.448,37.4,0.0,98.6,1.857829451560974
2025-04-24 18:05:58,3.486,3.434,3.448,3.473,3.445,30.2,32.3,32.4,3.428,32.8,32.8,3.465,3.451,3.429,3.453,3.433,3.463,3.446,3.479,3.484,3.448,37.4,11.47981071472168,98.6,1.857829451560974
2025-04-24 18:05:59,3.486,3.434,3.448,3.473,3.445,30.2,32.3,32.4,3.428,32.8,32.8,3.465,3.451,3.429,3.453,3.433,3.463,3.446,3.479,3.484,3.448,37.4,13.199695587158203,98.6,1.857829451560974
2025-04-24 18:06:01,3.486,3.434,3.448,3.473,3.445,30.2,32.3,32.4,3.428,32.8,32.8,3.465,3.451,3.429,3.453,3.433,3.463,3.446,3.479,3.484,3.448,37.4,11.847187042236328,98.6,1.857829451560974
2025-04-24 18:06:05,3.486,3.434,3.498,3.473,3.445,30.2,32.3,32.4,3.428,32.8,32.8,3.465,3.451,3.429,3.453,3.433,3.463,3.446,3.479,3.484,3.448,37.4,11.847187042236328,98.6,1.857829451560974
2025-04-24 18:06:06,3.486,3.434,3.498,3.473,3.504,30.2,32.3,32.4,3.428,32.8,32.8,3.465,3.451,3.429,3.453,3.433,3.514,3.503,3.479,3.484,3.448,37.4,10.609880447387695,98.6,1.857829451560974
2025-04-24 18:06:08,3.486,3.434,3.498,3.527,3.504,30.2,32.3,32.4,3.428,32.8,32.8,3.519,3.451,3.429,3.453,3.433,3.514,3.503,3.479,3.537,3.448,37.4,10.609880447387695,98.6,1.857829451560974
2025-04-24 18:06:09,3.536,3.434,3.498,3.527,3.504,30.2,32.3,32.4,3.428,32.8,32.8,3.519,3.451,3.429,3.453,3.433,3.514,3.503,3.531,3.537,3.448,37.4,10.609880447387695,98.6,1.857829451560974
2025-04-24 18:06:12,3.536,3.434,3.498,3.527,3.504,30.2,32.3,32.4,3.428,32.8,32.8,3.519,3.451,3.469,3.453,3.433,3.514,3.503,3.531,3.537,3.448,37.4,0.0,98.6,1.857829451560974
2025-04-24 18:11:02,3.486,3.434,3.498,3.527,3.504,30.2,32.3,32.4,3.428,32.8,32.8,3.519,3.451,3.469,3.453,3.433,3.514,3.503,3.531,3.537,3.448,37.4,0.0,98.6,1.857829451560974
2025-04-24 18:11:05,3.486,3.434,3.498,3.527,3.504,30.2,32.3,32.4,3.428,32.8,32.8,3.519,3.451,3.469,3.453,3.433,3.514,3.503,3.481,3.537,3.448,37.4,0.0,98.6,1.857829451560974
2025-04-24 18:11:54,3.486,3.434,3.498,3.527,3.504,30.2,32.3,32.4,3.428,32.8,32.8,3.519,3.451,3.469,3.453,3.433,3.514,3.503,3.481,3.488,3.448,37.4,0.0,98.6,1.857829451560974
2025-04-24 18:12:28,3.486,3.434,3.498,3.477,3.504,30.2,32.3,32.4,3.428,32.8,32.8,3.519,3.451,3.469,3.453,3.433,3.514,3.503,3.481,3.488,3.448,37.4,0.0,98.6,1.857829451560974
2025-04-24 18:13:21,3.486,3.434,3.498,3.477,3.504,30.2,32.3,32.4,3.428,32.8,32.8,3.469,3.451,3.469,3.453,3.433,3.514,3.503,3.481,3.488,3.448,37.4,0.0,98.6,1.857829451560974
2025-04-24 18:16:02,3.486,3.434,3.498,3.477,3.504,30.2,32.3,32.4,3.428,32.8,32.8,3.469,3.451,3.469,3.453,3.433,3.465,3.503,3.481,3.488,3.448,37.4,0.0,98.6,1.857829451560974
2025-04-24 18:16:12,3.486,3.434,3.498,3.477,3.504,30.2,32.3,32.4,3.428,32.8,31.8,3.469,3.451,3.469,3.453,3.433,3.465,3.503,3.481,3.488,3.448,37.4,0.0,98.6,1.857829451560974
2025-04-24 18:16:25,3.486,3.434,3.498,3.477,3.454,30.2,32.3,32.4,3.428,32.8,31.8,3.469,3.451,3.469,3.453,3.433,3.465,3.503,3.481,3.488,3.448,37.4,0.0,98.6,1.857829451560974
2025-04-24 18:16:39,3.486,3.434,3.498,3.477,3.454,30.2,32.3,32.4,3.428,32.8,31.8,3.469,3.451,3.419,3.453,3.433,3.465,3.503,3.481,3.488,3.448,37.4,0.0,98.6,1.857829451560974
2025-04-24 18:16:48,3.486,3.434,3.498,3.477,3.454,30.2,32.3,32.4,3.428,32.8,31.8,3.469,3.451,3.419,3.453,3.433,3.465,3.454,3.481,3.488,3.448,37.4,0.0,98.6,1.857829451560974
2025-04-24 18:18:12,3.486,3.434,3.448,3.477,3.454,30.2,32.3,32.4,3.428,32.8,31.8,3.469,3.451,3.419,3.453,3.433,3.465,3.454,3.481,3.488,3.448,37.4,0.0,98.6,1.857829451560974
2025-04-24 18:19:08,3.486,3.434,3.448,3.477,3.454,30.2,31.3,32.4,3.428,32.8,31.8,3.469,3.451,3.419,3.453,3.433,3.465,3.454,3.481,3.488,3.448,37.4,0.0,98.6,1.857829451560974
2025-04-24 18:20:04,3.486,3.434,3.448,3.477,3.454,30.2,31.3,32.4,3.428,31.8,31.8,3.469,3.451,3.419,3.453,3.433,3.465,3.454,3.481,3.488,3.448,37.4,0.0,98.6,1.857829451560974
2025-04-24 18:21:04,3.486,3.434,3.448,3.477,3.454,30.2,31.3,32.4,3.428,31.8,31.8,3.469,3.451,3.419,3.453,3.433,3.465,3.454,3.481,3.488,3.448,37.4,9.346559524536133,98.6,1.857829451560974
2025-04-24 18:21:09,3.486,3.434,3.448,3.477,3.454,30.2,31.3,32.4,3.428,31.8,31.8,3.469,3.451,3.419,3.453,3.433,3.465,3.454,3.481,3.488,3.448,37.4,10.408859252929688,98.6,1.857829451560974
2025-04-24 18:21:13,3.486,3.434,3.501,3.477,3.454,30.2,31.3,32.4,3.428,31.8,31.8,3.469,3.451,3.419,3.453,3.433,3.465,3.454,3.481,3.488,3.448,37.4,10.408859252929688,98.6,1.857829451560974
2025-04-24 18:21:14,3.486,3.434,3.501,3.477,3.505,30.2,31.3,32.4,3.428,31.8,31.8,3.469,3.451,3.419,3.453,3.433,3.465,3.504,3.481,3.488,3.448,37.4,10.408859252929688,98.6,1.857829451560974
2025-04-24 18:21:15,3.486,3.434,3.501,3.477,3.505,30.2,31.3,32.4,3.428,31.8,31.8,3.469,3.451,3.419,3.453,3.433,3.524,3.504,3.481,3.488,3.448,37.4,10.408859252929688,98.6,1.857829451560974
2025-04-24 18:21:16,3.486,3.434,3.501,3.529,3.505,30.2,31.3,32.4,3.428,31.8,31.8,3.52,3.451,3.419,3.453,3.433,3.524,3.504,3.481,3.541,3.448,37.4,10.408859252929688,98.6,1.857829451560974
2025-04-24 18:21:17,3.541,3.434,3.501,3.529,3.505,30.2,31.3,32.4,3.428,31.8,31.8,3.52,3.451,3.471,3.453,3.433,3.524,3.504,3.536,3.541,3.448,37.4,10.408859252929688,98.6,1.857829451560974
2025-04-24 18:21:18,3.541,3.434,3.501,3.529,3.505,30.2,31.3,32.4,3.428,31.8,31.8,3.52,3.451,3.471,3.453,3.433,3.524,3.504,3.536,3.541,3.448,37.4,0.0,98.6,1.857829451560974
2025-04-24 18:23:57,3.541,3.434,3.501,3.529,3.505,30.2,31.3,32.4,3.428,31.8,31.8,3.52,3.451,3.471,3.453,3.433,3.524,3.504,3.486,3.541,3.448,37.4,0.0,98.6,1.857829451560974
2025-04-24 18:24:02,3.491,3.434,3.501,3.529,3.505,30.2,31.3,32.4,3.428,31.8,31.8,3.52,3.451,3.471,3.453,3.433,3.524,3.504,3.486,3.541,3.448,37.4,0.0,98.6,1.857829451560974
2025-04-24 18:24:57,3.491,3.434,3.501,3.529,3.505,30.2,31.3,32.4,3.428,31.8,31.8,3.52,3.451,3.471,3.453,3.433,3.524,3.504,3.486,3.491,3.448,37.4,0.0,98.6,1.857829451560974
2025-04-24 18:25:00,3.491,3.434,3.501,3.529,3.505,29.2,31.3,32.4,3.428,31.8,31.8,3.52,3.451,3.471,3.453,3.433,3.524,3.504,3.486,3.491,3.448,37.4,0.0,98.6,1.857829451560974
2025-04-24 18:25:32,3.491,3.434,3.501,3.529,3.505,29.2,31.3,31.4,3.428,31.8,31.8,3.52,3.451,3.471,3.453,3.433,3.524,3.504,3.486,3.491,3.448,37.4,0.0,98.6,1.857829451560974
2025-04-24 18:25:57,3.491,3.434,3.501,3.48,3.505,29.2,31.3,31.4,3.428,31.8,31.8,3.52,3.451,3.471,3.453,3.433,3.524,3.504,3.486,3.491,3.448,37.4,0.0,98.6,1.857829451560974
2025-04-24 18:27:01,3.491,3.434,3.501,3.48,3.505,29.2,31.3,31.4,3.428,31.8,31.8,3.47,3.451,3.471,3.453,3.433,3.524,3.504,3.486,3.491,3.448,37.4,0.0,98.6,1.857829451560974
2025-04-24 18:27:22,3.491,3.434,3.501,3.48,3.505,29.2,31.3,31.4,3.428,31.8,31.8,3.47,3.451,3.471,3.453,3.433,3.474,3.504,3.486,3.491,3.448,37.4,0.0,98.6,1.857829451560974
2025-04-24 18:29:34,3.491,3.434,3.501,3.48,3.505,29.2,31.3,31.4,3.428,31.8,31.8,3.47,3.451,3.421,3.453,3.433,3.474,3.504,3.486,3.491,3.448,37.4,0.0,98.6,1.857829451560974
2025-04-24 18:29:50,3.491,3.434,3.501,3.48,3.456,29.2,31.3,31.4,3.428,31.8,31.8,3.47,3.451,3.421,3.453,3.433,3.474,3.504,3.486,3.491,3.448,37.4,0.0,98.6,1.857829451560974
